customer_id,name,email,city,state,signup_date,customer_segment
C00001,Customer 1,customer1@example.com,Panipat,Haryana,2025-07-30,Consumer
C00002,Customer 2,customer2@example.com,Mumbai,Maharashtra,2024-01-17,Corporate
C00003,Customer 3,customer3@example.com,Jaipur,Rajasthan,2025-08-21,Small Business
C00004,Customer 4,customer4@example.com,Chennai,Tamil Nadu,2024-10-29,Consumer
C00005,Customer 5,customer5@example.com,Pune,Maharashtra,2024-12-03,Consumer
C00006,Customer 6,,Chennai,Tamil Nadu,2025-08-06,Consumer
C00007,Customer 7,customer7@example.com,Kolkata,West Bengal,2025-07-17,Small Business
C00008,Customer 8,customer8@example.com,Hyderabad,Telangana,2024-09-20,Corporate
C00009,Customer 9,customer9@example.com,Kolkata,West Bengal,2025-04-16,Consumer
C00010,Customer 10,customer10@example.com,Hyderabad,Telangana,2024-06-22,Consumer
C00011,Customer 11,customer11@example.com,Jaipur,Rajasthan,2025-05-15,Consumer
C00012,Customer 12,customer12@example.com,Jaipur,Rajasthan,2025-10-19,Consumer
C00013,Customer 13,customer13@example.com,Jaipur,Rajasthan,2024-02-04,Consumer
C00014,Customer 14,customer14@example.com,Panipat,Haryana,2026-02-21,Consumer
C00015,Customer 15,customer15@example.com,Chennai,Tamil Nadu,2024-05-20,Small Business
C00016,Customer 16,customer16@example.com,Pune,Maharashtra,2024-03-10,Small Business
C00017,Customer 17,customer17@example.com,Mumbai,Maharashtra,2024-01-10,Consumer
C00018,Customer 18,customer18@example.com,Jaipur,Rajasthan,2025-04-11,Corporate
C00019,Customer 19,customer19@example.com,Panipat,Haryana,2025-09-24,Small Business
C00020,Customer 20,,Ahmedabad,Gujarat,2025-05-09,Small Business
C00021,Customer 21,customer21@example.com,Kolkata,West Bengal,2024-01-17,Consumer
C00022,Customer 22,customer22@example.com,Jaipur,Rajasthan,2025-07-18,Corporate
C00023,Customer 23,customer23@example.com,Panipat,Haryana,2024-01-18,Small Business
C00024,Customer 24,customer24@example.com,Bengaluru,Karnataka,2025-07-02,Corporate
C00025,Customer 25,customer25@example.com,Panipat,Haryana,2025-05-29,Small Business
C00026,Customer 26,customer26@example.com,Chennai,Tamil Nadu,2026-04-05,Consumer
C00027,Customer 27,customer27@example.com,Delhi,Delhi,2024-04-08,Small Business
C00028,Customer 28,customer28@example.com,Mumbai,Maharashtra,2024-09-03,Consumer
C00029,Customer 29,customer29@example.com,Ahmedabad,Gujarat,2025-06-23,Corporate
C00030,Customer 30,customer30@example.com,Hyderabad,Telangana,2024-09-30,Corporate
C00031,Customer 31,customer31@example.com,Delhi,Delhi,2025-01-17,Corporate
C00032,Customer 32,customer32@example.com,Kolkata,West Bengal,2025-08-01,Consumer
C00033,Customer 33,customer33@example.com,Pune,Maharashtra,2024-11-03,Small Business
C00034,Customer 34,customer34@example.com,Delhi,Delhi,2025-10-31,Small Business
C00035,Customer 35,customer35@example.com,Panipat,Haryana,2024-04-05,Corporate
C00036,Customer 36,customer36@example.com,Chennai,Tamil Nadu,2025-01-21,Small Business
C00037,Customer 37,customer37@example.com,Kolkata,West Bengal,2024-02-27,Small Business
C00038,Customer 38,customer38@example.com,Panipat,Haryana,2025-12-20,Consumer
C00039,Customer 39,customer39@example.com,Delhi,Delhi,2025-05-26,Corporate
C00040,Customer 40,customer40@example.com,Hyderabad,Telangana,2025-08-02,Consumer
C00041,Customer 41,customer41@example.com,Jaipur,Rajasthan,2024-02-13,Consumer
C00042,Customer 42,customer42@example.com,Pune,Maharashtra,2026-06-07,
C00043,Customer 43,customer43@example.com,Ahmedabad,Gujarat,2025-05-01,Corporate
C00044,Customer 44,customer44@example.com,Panipat,Haryana,2024-03-17,Small Business
C00045,Customer 45,customer45@example.com,Bengaluru,Karnataka,2025-07-10,Small Business
C00046,Customer 46,customer46@example.com,Panipat,Haryana,2024-07-02,Corporate
C00047,Customer 47,customer47@example.com,Panipat,Haryana,2024-07-31,Small Business
C00048,Customer 48,customer48@example.com,Mumbai,Maharashtra,2026-02-09,Small Business
C00049,Customer 49,customer49@example.com,Chennai,Tamil Nadu,2024-03-19,Corporate
C00050,Customer 50,customer50@example.com,Mumbai,Maharashtra,2025-07-31,Consumer
C00051,Customer 51,customer51@example.com,Ahmedabad,Gujarat,2026-05-04,Corporate
C00052,Customer 52,customer52@example.com,Jaipur,Rajasthan,2024-12-05,Corporate
C00053,Customer 53,customer53@example.com,Mumbai,Maharashtra,2026-03-20,Small Business
C00054,Customer 54,customer54@example.com,Delhi,Delhi,2025-05-27,Small Business
C00055,Customer 55,customer55@example.com,Hyderabad,Telangana,2024-02-24,Consumer
C00056,Customer 56,customer56@example.com,Chennai,Tamil Nadu,2024-08-25,Consumer
C00057,Customer 57,customer57@example.com,Hyderabad,Telangana,2025-09-11,Small Business
C00058,Customer 58,customer58@example.com,Ahmedabad,Gujarat,2025-02-10,Corporate
C00059,Customer 59,customer59@example.com,Panipat,Haryana,2025-10-11,Corporate
C00060,Customer 60,customer60@example.com,Kolkata,West Bengal,2025-05-17,Consumer
C00061,Customer 61,customer61@example.com,Hyderabad,Telangana,2025-07-20,Corporate
C00062,Customer 62,customer62@example.com,Chennai,Tamil Nadu,2024-07-09,Small Business
C00063,Customer 63,customer63@example.com,Ahmedabad,Gujarat,2025-11-07,Corporate
C00064,Customer 64,customer64@example.com,Delhi,Delhi,2026-03-01,Small Business
C00065,Customer 65,customer65@example.com,Bengaluru,Karnataka,2026-03-28,Consumer
C00066,Customer 66,customer66@example.com,Delhi,Delhi,2024-03-25,Corporate
C00067,Customer 67,customer67@example.com,Mumbai,Maharashtra,2025-01-24,Small Business
C00068,Customer 68,customer68@example.com,Mumbai,Maharashtra,2026-01-27,Corporate
C00069,Customer 69,customer69@example.com,Hyderabad,Telangana,2025-01-04,Consumer
C00070,Customer 70,customer70@example.com,Delhi,Delhi,2024-01-06,Corporate
C00071,Customer 71,customer71@example.com,Kolkata,West Bengal,2025-01-03,Corporate
C00072,Customer 72,customer72@example.com,Delhi,Delhi,2024-05-15,Consumer
C00073,Customer 73,customer73@example.com,Mumbai,Maharashtra,2025-03-17,Corporate
C00074,Customer 74,customer74@example.com,Jaipur,Rajasthan,2025-07-22,Small Business
C00075,Customer 75,customer75@example.com,Chennai,Tamil Nadu,2024-04-15,Consumer
C00076,Customer 76,customer76@example.com,Delhi,Delhi,2024-12-28,Small Business
C00077,Customer 77,customer77@example.com,Delhi,Delhi,2025-09-03,Small Business
C00078,Customer 78,customer78@example.com,Hyderabad,Telangana,2026-06-03,Corporate
C00079,Customer 79,customer79@example.com,Panipat,Haryana,2024-10-25,Corporate
C00080,Customer 80,customer80@example.com,Chennai,Tamil Nadu,2026-03-08,Consumer
C00081,Customer 81,customer81@example.com,Jaipur,Rajasthan,2024-09-05,Small Business
C00082,Customer 82,customer82@example.com,Jaipur,Rajasthan,2024-06-22,Small Business
C00083,Customer 83,customer83@example.com,Chennai,Tamil Nadu,2024-06-22,Consumer
C00084,Customer 84,customer84@example.com,Bengaluru,Karnataka,2024-11-04,Corporate
C00085,Customer 85,customer85@example.com,Kolkata,West Bengal,2024-05-29,Consumer
C00086,Customer 86,customer86@example.com,Mumbai,Maharashtra,2025-03-21,Corporate
C00087,Customer 87,customer87@example.com,Chennai,Tamil Nadu,2024-11-02,Corporate
C00088,Customer 88,customer88@example.com,Delhi,Delhi,2025-01-04,Corporate
C00089,Customer 89,customer89@example.com,Pune,Maharashtra,2026-01-08,Small Business
C00090,Customer 90,customer90@example.com,Kolkata,West Bengal,2025-08-31,Small Business
C00091,Customer 91,customer91@example.com,Pune,Maharashtra,2025-04-13,Consumer
C00092,Customer 92,customer92@example.com,Mumbai,Maharashtra,2024-11-07,Consumer
C00093,Customer 93,customer93@example.com,Chennai,Tamil Nadu,2024-12-06,Small Business
C00094,Customer 94,customer94@example.com,Chennai,Tamil Nadu,2026-04-03,Corporate
C00095,Customer 95,customer95@example.com,Kolkata,West Bengal,2024-12-08,Corporate
C00096,Customer 96,customer96@example.com,Ahmedabad,Gujarat,2024-05-19,Corporate
C00097,Customer 97,customer97@example.com,Hyderabad,Telangana,2025-09-09,Small Business
C00098,Customer 98,customer98@example.com,Pune,Maharashtra,2025-05-05,Corporate
C00099,Customer 99,customer99@example.com,Mumbai,Maharashtra,2025-02-11,Corporate
C00100,Customer 100,customer100@example.com,Bengaluru,Karnataka,2026-01-22,Small Business
C00101,Customer 101,customer101@example.com,Kolkata,West Bengal,2025-08-12,Consumer
C00102,Customer 102,customer102@example.com,Hyderabad,Telangana,2025-01-20,Corporate
C00103,Customer 103,customer103@example.com,Chennai,Tamil Nadu,2025-01-08,Consumer
C00104,Customer 104,customer104@example.com,Ahmedabad,Gujarat,2024-07-23,Small Business
C00105,Customer 105,customer105@example.com,Jaipur,Rajasthan,2024-07-03,Small Business
C00106,Customer 106,customer106@example.com,Jaipur,Rajasthan,2024-01-28,Small Business
C00107,Customer 107,customer107@example.com,Kolkata,West Bengal,2025-12-26,Consumer
C00108,Customer 108,customer108@example.com,Kolkata,West Bengal,2026-03-27,Corporate
C00109,Customer 109,customer109@example.com,Delhi,Delhi,2026-04-18,Corporate
C00110,Customer 110,customer110@example.com,Kolkata,West Bengal,2024-05-22,Small Business
C00111,Customer 111,customer111@example.com,Bengaluru,Karnataka,2024-09-04,Corporate
C00112,Customer 112,customer112@example.com,Mumbai,Maharashtra,2026-01-02,Corporate
C00113,Customer 113,customer113@example.com,Chennai,Tamil Nadu,2024-03-16,Corporate
C00114,Customer 114,customer114@example.com,Ahmedabad,Gujarat,2025-05-05,Small Business
C00115,Customer 115,customer115@example.com,Chennai,Tamil Nadu,2025-07-01,Small Business
C00116,Customer 116,customer116@example.com,Chennai,Tamil Nadu,2025-07-10,Consumer
C00117,Customer 117,customer117@example.com,Hyderabad,Telangana,2025-12-19,Small Business
C00118,Customer 118,customer118@example.com,Ahmedabad,Gujarat,2025-10-15,Consumer
C00119,Customer 119,customer119@example.com,Delhi,Delhi,2026-02-26,Consumer
C00120,Customer 120,customer120@example.com,Hyderabad,Telangana,2024-06-19,Small Business
C00121,Customer 121,customer121@example.com,Ahmedabad,Gujarat,2024-02-15,Small Business
C00122,Customer 122,customer122@example.com,Chennai,Tamil Nadu,2026-02-09,Corporate
C00123,Customer 123,customer123@example.com,Chennai,Tamil Nadu,2024-04-18,Consumer
C00124,Customer 124,customer124@example.com,Delhi,Delhi,2024-09-21,Consumer
C00125,Customer 125,customer125@example.com,Jaipur,Rajasthan,2026-02-03,Small Business
C00126,Customer 126,customer126@example.com,Jaipur,Rajasthan,2025-08-17,Small Business
C00127,Customer 127,customer127@example.com,Ahmedabad,Gujarat,2024-08-14,Corporate
C00128,Customer 128,customer128@example.com,Hyderabad,Telangana,2025-02-04,Corporate
C00129,Customer 129,customer129@example.com,Ahmedabad,Gujarat,2025-12-08,Small Business
C00130,Customer 130,customer130@example.com,Mumbai,Maharashtra,2024-12-19,Consumer
C00131,Customer 131,customer131@example.com,Kolkata,West Bengal,2024-04-17,Corporate
C00132,Customer 132,customer132@example.com,Chennai,Tamil Nadu,2024-03-28,Consumer
C00133,Customer 133,customer133@example.com,Mumbai,Maharashtra,2024-12-22,Corporate
C00134,Customer 134,customer134@example.com,Hyderabad,Telangana,2025-04-11,Consumer
C00135,Customer 135,customer135@example.com,JAIPUR,Rajasthan,2025-05-09,Corporate
C00136,Customer 136,customer136@example.com,Kolkata,West Bengal,2024-04-09,Corporate
C00137,Customer 137,customer137@example.com,Kolkata,West Bengal,2024-11-22,Consumer
C00138,Customer 138,customer138@example.com,Bengaluru,Karnataka,2024-02-15,Small Business
C00139,Customer 139,customer139@example.com,Delhi,Delhi,2024-01-24,Corporate
C00140,Customer 140,customer140@example.com,Delhi,Delhi,2025-11-24,Consumer
C00141,Customer 141,customer141@example.com,Pune,Maharashtra,2025-06-12,Consumer
C00142,Customer 142,customer142@example.com,Jaipur,Rajasthan,2024-06-12,Corporate
C00143,Customer 143,customer143@example.com,Jaipur,Rajasthan,2025-03-12,Corporate
C00144,Customer 144,customer144@example.com,Pune,Maharashtra,2026-03-27,Corporate
C00145,Customer 145,customer145@example.com,Mumbai,Maharashtra,2024-07-09,Small Business
C00146,Customer 146,customer146@example.com,Chennai,Tamil Nadu,2025-02-09,Consumer
C00147,Customer 147,customer147@example.com,Ahmedabad,Gujarat,2024-07-21,Corporate
C00148,Customer 148,customer148@example.com,Ahmedabad,Gujarat,2025-03-15,Corporate
C00149,Customer 149,customer149@example.com,Panipat,Haryana,2025-12-22,Consumer
C00150,Customer 150,customer150@example.com,Pune,Maharashtra,2024-10-12,Small Business
C00151,Customer 151,customer151@example.com,Delhi,Delhi,2025-08-14,
C00152,Customer 152,customer152@example.com,Jaipur,Rajasthan,2024-07-10,Corporate
C00153,Customer 153,customer153@example.com,Hyderabad,Telangana,2024-07-20,Corporate
C00154,Customer 154,customer154@example.com,Delhi,Delhi,2024-09-25,Small Business
C00155,Customer 155,customer155@example.com,Kolkata,West Bengal,2025-06-24,Small Business
C00156,Customer 156,customer156@example.com,Hyderabad,Telangana,2025-09-03,Corporate
C00157,Customer 157,customer157@example.com,Ahmedabad,Gujarat,2025-02-05,Small Business
C00158,Customer 158,customer158@example.com,Delhi,Delhi,2024-12-22,Corporate
C00159,Customer 159,customer159@example.com,Kolkata,West Bengal,2025-09-24,Consumer
C00160,Customer 160,customer160@example.com,Bengaluru,Karnataka,2025-09-21,Small Business
C00161,Customer 161,customer161@example.com,Delhi,Delhi,2025-11-19,Consumer
C00162,Customer 162,customer162@example.com,Hyderabad,Telangana,2024-04-30,Consumer
C00163,Customer 163,customer163@example.com,Bengaluru,Karnataka,2024-04-29,Consumer
C00164,Customer 164,customer164@example.com,Hyderabad,Telangana,2025-12-11,Consumer
C00165,Customer 165,customer165@example.com,Jaipur,Rajasthan,2025-02-01,Corporate
C00166,Customer 166,customer166@example.com,Ahmedabad,Gujarat,2024-05-21,Small Business
C00167,Customer 167,customer167@example.com,Chennai,Tamil Nadu,2025-03-09,Consumer
C00168,Customer 168,customer168@example.com,Kolkata,West Bengal,2025-10-12,Small Business
C00169,Customer 169,customer169@example.com,Mumbai,Maharashtra,2025-07-22,Consumer
C00170,Customer 170,customer170@example.com,Kolkata,West Bengal,2024-10-22,Consumer
C00171,Customer 171,customer171@example.com,Mumbai,Maharashtra,2024-11-18,Corporate
C00172,Customer 172,customer172@example.com,Ahmedabad,Gujarat,2024-02-24,Corporate
C00173,Customer 173,customer173@example.com,Panipat,Haryana,2025-05-11,Consumer
C00174,Customer 174,customer174@example.com,Pune,Maharashtra,2026-04-14,Corporate
C00175,Customer 175,customer175@example.com,Jaipur,Rajasthan,2025-06-01,Small Business
C00176,Customer 176,customer176@example.com,Kolkata,West Bengal,2025-02-22,Small Business
C00177,Customer 177,customer177@example.com,Kolkata,West Bengal,2025-03-01,Small Business
C00178,Customer 178,customer178@example.com,Kolkata,West Bengal,2025-05-15,Consumer
C00179,Customer 179,customer179@example.com,Delhi,Delhi,2025-08-01,Consumer
C00180,Customer 180,customer180@example.com,Pune,Maharashtra,2024-10-26,Consumer
C00181,Customer 181,customer181@example.com,Bengaluru,Karnataka,2024-08-18,Small Business
C00182,Customer 182,customer182@example.com,Bengaluru,Karnataka,2024-06-21,Corporate
C00183,Customer 183,customer183@example.com,Ahmedabad,Gujarat,2026-01-30,Corporate
C00184,Customer 184,customer184@example.com,Jaipur,Rajasthan,2025-06-07,Consumer
C00185,Customer 185,customer185@example.com,Ahmedabad,Gujarat,2024-04-26,Corporate
C00186,Customer 186,customer186@example.com,Jaipur,Rajasthan,2026-04-23,Corporate
C00187,Customer 187,customer187@example.com,Jaipur,Rajasthan,2026-04-22,Consumer
C00188,Customer 188,customer188@example.com,Kolkata,West Bengal,2025-07-13,Consumer
C00189,Customer 189,customer189@example.com,Chennai,Tamil Nadu,2024-04-14,Small Business
C00190,Customer 190,customer190@example.com,Pune,Maharashtra,2024-10-31,Consumer
C00191,Customer 191,customer191@example.com,Kolkata,West Bengal,2024-09-26,Corporate
C00192,Customer 192,customer192@example.com,Delhi,Delhi,2025-03-25,
C00193,Customer 193,customer193@example.com,Pune,Maharashtra,2024-08-02,Small Business
C00194,Customer 194,customer194@example.com,Ahmedabad,Gujarat,2025-12-06,Corporate
C00195,Customer 195,customer195@example.com,Ahmedabad,Gujarat,2025-10-09,Corporate
C00196,Customer 196,customer196@example.com,Mumbai,Maharashtra,2025-09-22,Consumer
C00197,Customer 197,customer197@example.com,Pune,Maharashtra,2026-04-13,Consumer
C00198,Customer 198,customer198@example.com,Panipat,Haryana,2025-08-06,Corporate
C00199,Customer 199,customer199@example.com,Jaipur,Rajasthan,2024-10-14,Small Business
C00200,Customer 200,customer200@example.com,Jaipur,Rajasthan,2024-06-21,Corporate
C00201,Customer 201,customer201@example.com,Bengaluru,Karnataka,2024-10-23,Small Business
C00202,Customer 202,customer202@example.com,Bengaluru,Karnataka,2026-05-28,Small Business
C00203,Customer 203,customer203@example.com,Delhi,Delhi,2024-05-18,Corporate
C00204,Customer 204,customer204@example.com,Panipat,Haryana,2024-10-10,Small Business
C00205,Customer 205,customer205@example.com,Mumbai,Maharashtra,2025-12-19,Consumer
C00206,Customer 206,customer206@example.com,Pune,Maharashtra,2024-05-29,Small Business
C00207,Customer 207,customer207@example.com,Hyderabad,Telangana,2026-04-28,Consumer
C00208,Customer 208,customer208@example.com,Chennai,Tamil Nadu,2025-05-16,Consumer
C00209,Customer 209,customer209@example.com,Ahmedabad,Gujarat,2025-10-09,Corporate
C00210,Customer 210,customer210@example.com,Chennai,Tamil Nadu,2025-01-19,Corporate
C00211,Customer 211,customer211@example.com,Delhi,Delhi,2025-10-10,Consumer
C00212,Customer 212,customer212@example.com,Chennai,Tamil Nadu,2025-06-11,Small Business
C00213,Customer 213,customer213@example.com,Bengaluru,Karnataka,2025-12-12,Corporate
C00214,Customer 214,customer214@example.com,Kolkata,West Bengal,2025-05-14,Corporate
C00215,Customer 215,customer215@example.com,Ahmedabad,Gujarat,2024-01-03,Small Business
C00216,Customer 216,customer216@example.com,Delhi,Delhi,2026-01-18,Corporate
C00217,Customer 217,customer217@example.com,Hyderabad,Telangana,2026-05-20,
C00218,Customer 218,customer218@example.com,Jaipur,Rajasthan,2025-02-11,Consumer
C00219,Customer 219,customer219@example.com,Chennai,Tamil Nadu,2026-04-24,Consumer
C00220,Customer 220,customer220@example.com,Kolkata,West Bengal,2024-10-01,Corporate
C00221,Customer 221,customer221@example.com,Bengaluru,Karnataka,2024-12-11,Small Business
C00222,Customer 222,customer222@example.com,Ahmedabad,Gujarat,2024-05-13,Small Business
C00223,Customer 223,customer223@example.com,Kolkata,West Bengal,2026-03-18,Corporate
C00224,Customer 224,customer224@example.com,Panipat,Haryana,2024-02-17,Consumer
C00225,Customer 225,customer225@example.com,Kolkata,West Bengal,2024-01-17,Consumer
C00226,Customer 226,customer226@example.com,Mumbai,Maharashtra,2025-03-27,Corporate
C00227,Customer 227,customer227@example.com,Panipat,Haryana,2025-03-14,Consumer
C00228,Customer 228,customer228@example.com,Mumbai,Maharashtra,2025-10-27,Corporate
C00229,Customer 229,customer229@example.com,Mumbai,Maharashtra,2026-06-14,Corporate
C00230,Customer 230,customer230@example.com,Delhi,Delhi,2025-11-01,Corporate
C00231,Customer 231,customer231@example.com,Bengaluru,Karnataka,2024-03-25,Corporate
C00232,Customer 232,customer232@example.com,Mumbai,Maharashtra,2024-02-23,Corporate
C00233,Customer 233,customer233@example.com,Bengaluru,Karnataka,2026-01-13,Small Business
C00234,Customer 234,customer234@example.com,Pune,Maharashtra,2025-03-15,Small Business
C00235,Customer 235,customer235@example.com,Delhi,Delhi,2025-12-21,Consumer
C00236,Customer 236,customer236@example.com,Panipat,Haryana,2024-08-06,Corporate
C00237,Customer 237,customer237@example.com,Delhi,Delhi,2024-05-15,Small Business
C00238,Customer 238,customer238@example.com,Pune,Maharashtra,2025-06-15,Small Business
C00239,Customer 239,customer239@example.com,Kolkata,West Bengal,2024-01-10,Consumer
C00240,Customer 240,customer240@example.com,Hyderabad,Telangana,2026-04-16,Consumer
C00241,Customer 241,customer241@example.com,Chennai,Tamil Nadu,2025-12-11,Consumer
C00242,Customer 242,customer242@example.com,Kolkata,West Bengal,2024-03-13,Consumer
C00243,Customer 243,customer243@example.com,Chennai,Tamil Nadu,2024-04-01,Small Business
C00244,Customer 244,customer244@example.com,Delhi,Delhi,2024-04-15,Corporate
C00245,Customer 245,customer245@example.com,Hyderabad,Telangana,2024-11-02,Consumer
C00246,Customer 246,customer246@example.com,Chennai,Tamil Nadu,2026-03-03,Consumer
C00247,Customer 247,customer247@example.com,Mumbai,Maharashtra,2024-03-11,Small Business
C00248,Customer 248,customer248@example.com,Ahmedabad,Gujarat,2024-01-09,Small Business
C00249,Customer 249,customer249@example.com,Mumbai,Maharashtra,2025-03-26,Corporate
C00250,Customer 250,customer250@example.com,Pune,Maharashtra,2025-10-05,Small Business
C00251,Customer 251,customer251@example.com,Mumbai,Maharashtra,2025-02-25,Small Business
C00252,Customer 252,customer252@example.com,Kolkata,West Bengal,2026-05-30,Consumer
C00253,Customer 253,customer253@example.com,Delhi,Delhi,2024-04-12,Consumer
C00254,Customer 254,customer254@example.com,Delhi,Delhi,2025-08-26,Small Business
C00255,Customer 255,customer255@example.com,Chennai,Tamil Nadu,2024-12-25,Corporate
C00256,Customer 256,customer256@example.com,Hyderabad,Telangana,2026-03-21,Consumer
C00257,Customer 257,customer257@example.com,Pune,Maharashtra,2024-10-10,Small Business
C00258,Customer 258,customer258@example.com,Delhi,Delhi,2024-09-11,
C00259,Customer 259,customer259@example.com,Ahmedabad,Gujarat,2025-09-06,Small Business
C00260,Customer 260,customer260@example.com,Ahmedabad,Gujarat,2024-10-18,Small Business
C00261,Customer 261,,Panipat,Haryana,2026-05-18,Small Business
C00262,Customer 262,customer262@example.com,Bengaluru,Karnataka,2024-07-29,Small Business
C00263,Customer 263,customer263@example.com,Ahmedabad,Gujarat,2025-06-05,Consumer
C00264,Customer 264,customer264@example.com,Chennai,Tamil Nadu,2024-10-29,Small Business
C00265,Customer 265,customer265@example.com,Panipat,Haryana,2026-03-13,Consumer
C00266,Customer 266,customer266@example.com,Kolkata,West Bengal,2025-01-30,Consumer
C00267,Customer 267,customer267@example.com,Pune,Maharashtra,2025-05-26,Small Business
C00268,Customer 268,customer268@example.com,Ahmedabad,Gujarat,2024-03-13,Small Business
C00269,Customer 269,customer269@example.com,Panipat,Haryana,2025-01-04,Corporate
C00270,Customer 270,customer270@example.com,Mumbai,Maharashtra,2025-01-31,Small Business
C00271,Customer 271,customer271@example.com,Chennai,Tamil Nadu,2025-01-09,Small Business
C00272,Customer 272,customer272@example.com,Mumbai,Maharashtra,2026-02-20,Corporate
C00273,Customer 273,customer273@example.com,Delhi,Delhi,2024-01-18,Small Business
C00274,Customer 274,customer274@example.com,Delhi,Delhi,2024-01-15,Corporate
C00275,Customer 275,customer275@example.com,Pune,Maharashtra,2024-02-10,Consumer
C00276,Customer 276,customer276@example.com,Chennai,Tamil Nadu,2025-06-02,Corporate
C00277,Customer 277,customer277@example.com,Jaipur,Rajasthan,2026-02-24,Corporate
C00278,Customer 278,customer278@example.com,Chennai,Tamil Nadu,2025-12-19,Corporate
C00279,Customer 279,customer279@example.com,Delhi,Delhi,2025-10-17,Small Business
C00280,Customer 280,customer280@example.com,Jaipur,Rajasthan,2025-09-22,Consumer
C00281,Customer 281,customer281@example.com,Bengaluru,Karnataka,2024-03-26,Corporate
C00282,Customer 282,customer282@example.com,Delhi,Delhi,2025-06-07,Consumer
C00283,Customer 283,customer283@example.com,Mumbai,Maharashtra,2025-07-03,Corporate
C00284,Customer 284,customer284@example.com,Chennai,Tamil Nadu,2025-08-23,Small Business
C00285,Customer 285,customer285@example.com,Delhi,Delhi,2024-11-13,Small Business
C00286,Customer 286,customer286@example.com,Chennai,Tamil Nadu,2026-01-17,Consumer
C00287,Customer 287,customer287@example.com,Panipat,Haryana,2024-09-07,Consumer
C00288,Customer 288,customer288@example.com,Chennai,Tamil Nadu,2024-04-28,Corporate
C00289,Customer 289,customer289@example.com,Ahmedabad,Gujarat,2025-09-15,Consumer
C00290,Customer 290,customer290@example.com,Bengaluru,Karnataka,2025-11-13,Small Business
C00291,Customer 291,customer291@example.com,Mumbai,Maharashtra,2024-05-02,Consumer
C00292,Customer 292,customer292@example.com,Mumbai,Maharashtra,2025-12-19,Consumer
C00293,Customer 293,customer293@example.com,Mumbai,Maharashtra,2025-05-23,Corporate
C00294,Customer 294,customer294@example.com,Jaipur,Rajasthan,2025-06-13,Small Business
C00295,Customer 295,customer295@example.com,Bengaluru,Karnataka,2024-06-19,Corporate
C00296,Customer 296,customer296@example.com,Mumbai,Maharashtra,2026-02-06,Corporate
C00297,Customer 297,customer297@example.com,Delhi,Delhi,2026-02-28,Consumer
C00298,Customer 298,customer298@example.com,Hyderabad,Telangana,2026-04-06,Corporate
C00299,Customer 299,customer299@example.com,Bengaluru,Karnataka,2025-06-20,Consumer
C00300,Customer 300,customer300@example.com,Bengaluru,Karnataka,2025-12-30,Small Business
C00301,Customer 301,customer301@example.com,Delhi,Delhi,2025-05-23,Corporate
C00302,Customer 302,customer302@example.com,Jaipur,Rajasthan,2025-01-03,Consumer
C00303,Customer 303,customer303@example.com,Kolkata,West Bengal,2026-05-29,Small Business
C00304,Customer 304,customer304@example.com,Mumbai,Maharashtra,2025-01-11,Consumer
C00305,Customer 305,,Bengaluru,Karnataka,2026-03-02,Consumer
C00306,Customer 306,customer306@example.com,Ahmedabad,Gujarat,2025-11-21,Small Business
C00307,Customer 307,customer307@example.com,Delhi,Delhi,2024-08-21,Small Business
C00308,Customer 308,customer308@example.com,Jaipur,Rajasthan,2024-01-03,Consumer
C00309,Customer 309,customer309@example.com,Panipat,Haryana,2024-09-07,Consumer
C00310,Customer 310,customer310@example.com,Kolkata,West Bengal,2025-01-07,Corporate
C00311,Customer 311,customer311@example.com,Mumbai,Maharashtra,2024-07-02,Consumer
C00312,Customer 312,customer312@example.com,Jaipur,Rajasthan,2026-04-02,Small Business
C00313,Customer 313,customer313@example.com,Chennai,Tamil Nadu,2024-08-17,Corporate
C00314,Customer 314,customer314@example.com,Pune,Maharashtra,2025-03-02,Small Business
C00315,Customer 315,customer315@example.com,Hyderabad,Telangana,2024-10-04,Consumer
C00316,Customer 316,customer316@example.com,Ahmedabad,Gujarat,2025-01-16,Consumer
C00317,Customer 317,customer317@example.com,Jaipur,Rajasthan,2025-11-20,Consumer
C00318,Customer 318,customer318@example.com,Mumbai,Maharashtra,2024-08-16,Small Business
C00319,Customer 319,customer319@example.com,Panipat,Haryana,2025-02-14,Consumer
C00320,Customer 320,customer320@example.com,Kolkata,West Bengal,2026-06-05,Corporate
C00321,Customer 321,customer321@example.com,Bengaluru,Karnataka,2024-12-01,Consumer
C00322,Customer 322,customer322@example.com,Jaipur,Rajasthan,2025-04-12,Consumer
C00323,Customer 323,customer323@example.com,Hyderabad,Telangana,2024-07-24,Corporate
C00324,Customer 324,customer324@example.com,Ahmedabad,Gujarat,2026-03-14,Corporate
C00325,Customer 325,customer325@example.com,Ahmedabad,Gujarat,2024-09-05,Corporate
C00326,Customer 326,customer326@example.com,Hyderabad,Telangana,2025-08-28,Corporate
C00327,Customer 327,customer327@example.com,Pune,Maharashtra,2026-01-20,Small Business
C00328,Customer 328,customer328@example.com,Pune,Maharashtra,2024-06-03,Consumer
C00329,Customer 329,customer329@example.com,Chennai,Tamil Nadu,2024-01-25,Consumer
C00330,Customer 330,customer330@example.com,Jaipur,Rajasthan,2024-12-20,Small Business
C00331,Customer 331,customer331@example.com,Panipat,Haryana,2024-12-09,Consumer
C00332,Customer 332,customer332@example.com,Chennai,Tamil Nadu,2026-05-19,Small Business
C00333,Customer 333,customer333@example.com,Bengaluru,Karnataka,2024-04-16,Consumer
C00334,Customer 334,customer334@example.com,Jaipur,Rajasthan,2024-08-31,
C00335,Customer 335,customer335@example.com,Kolkata,West Bengal,2024-03-02,Consumer
C00336,Customer 336,customer336@example.com,Bengaluru,Karnataka,2024-04-05,Consumer
C00337,Customer 337,customer337@example.com,Pune,Maharashtra,2026-05-15,Small Business
C00338,Customer 338,customer338@example.com,Chennai,Tamil Nadu,2025-12-18,Corporate
C00339,Customer 339,customer339@example.com,Kolkata,West Bengal,2026-02-04,Consumer
C00340,Customer 340,customer340@example.com,Ahmedabad,Gujarat,2024-04-07,Small Business
C00341,Customer 341,customer341@example.com,Mumbai,Maharashtra,2025-10-14,Corporate
C00342,Customer 342,customer342@example.com,Delhi,Delhi,2025-08-29,Small Business
C00343,Customer 343,customer343@example.com,Panipat,Haryana,2025-03-21,Small Business
C00344,Customer 344,customer344@example.com,Mumbai,Maharashtra,2024-08-30,
C00345,Customer 345,customer345@example.com,Bengaluru,Karnataka,2026-05-21,Corporate
C00346,Customer 346,customer346@example.com,Chennai,Tamil Nadu,2025-12-18,Small Business
C00347,Customer 347,customer347@example.com,Hyderabad,Telangana,2024-11-21,Corporate
C00348,Customer 348,customer348@example.com,Bengaluru,Karnataka,2024-08-27,Consumer
C00349,Customer 349,customer349@example.com,Pune,Maharashtra,2024-05-19,Small Business
C00350,Customer 350,customer350@example.com,Delhi,Delhi,2024-06-08,Consumer
C00351,Customer 351,customer351@example.com,Mumbai,Maharashtra,2025-04-05,Corporate
C00352,Customer 352,customer352@example.com,Hyderabad,Telangana,2025-02-20,Consumer
C00353,Customer 353,customer353@example.com,Jaipur,Rajasthan,2025-01-01,Consumer
C00354,Customer 354,customer354@example.com,Kolkata,West Bengal,2024-11-11,Corporate
C00355,Customer 355,customer355@example.com,Bengaluru,Karnataka,2026-05-22,Consumer
C00356,Customer 356,customer356@example.com,Delhi,Delhi,2024-06-10,Small Business
C00357,Customer 357,customer357@example.com,Bengaluru,Karnataka,2026-04-26,Small Business
C00358,Customer 358,customer358@example.com,Ahmedabad,Gujarat,2024-02-11,Consumer
C00359,Customer 359,customer359@example.com,Hyderabad,Telangana,2024-05-31,Consumer
C00360,Customer 360,customer360@example.com,Pune,Maharashtra,2024-12-30,Corporate
C00361,Customer 361,customer361@example.com,Jaipur,Rajasthan,2024-02-20,Small Business
C00362,Customer 362,customer362@example.com,Bengaluru,Karnataka,2024-09-23,Consumer
C00363,Customer 363,customer363@example.com,Panipat,Haryana,2025-02-18,Corporate
C00364,Customer 364,customer364@example.com,Jaipur,Rajasthan,2026-02-05,Small Business
C00365,Customer 365,customer365@example.com,Pune,Maharashtra,2024-04-06,Corporate
C00366,Customer 366,customer366@example.com,Delhi,Delhi,2026-04-03,Consumer
C00367,Customer 367,customer367@example.com,Delhi,Delhi,2024-01-13,Consumer
C00368,Customer 368,customer368@example.com,Pune,Maharashtra,2024-05-13,Consumer
C00369,Customer 369,customer369@example.com,Chennai,Tamil Nadu,2025-01-16,Small Business
C00370,Customer 370,customer370@example.com,Delhi,Delhi,2025-08-19,Small Business
C00371,Customer 371,customer371@example.com,Bengaluru,Karnataka,2026-04-12,Consumer
C00372,Customer 372,customer372@example.com,Panipat,Haryana,2024-03-07,
C00373,Customer 373,customer373@example.com,Kolkata,West Bengal,2026-04-08,Consumer
C00374,Customer 374,customer374@example.com,Delhi,Delhi,2026-05-17,Corporate
C00375,Customer 375,customer375@example.com,Delhi,Delhi,2024-02-13,Corporate
C00376,Customer 376,customer376@example.com,Panipat,Haryana,2024-06-21,Small Business
C00377,Customer 377,customer377@example.com,Chennai,Tamil Nadu,2026-04-21,Small Business
C00378,Customer 378,customer378@example.com,Chennai,Tamil Nadu,2025-05-23,Consumer
C00379,Customer 379,customer379@example.com,Chennai,Tamil Nadu,2025-11-30,Corporate
C00380,Customer 380,customer380@example.com,Mumbai,Maharashtra,2024-12-28,Consumer
C00381,Customer 381,customer381@example.com,Mumbai,Maharashtra,2024-10-08,Corporate
C00382,Customer 382,customer382@example.com,Kolkata,West Bengal,2024-06-01,
C00383,Customer 383,customer383@example.com,Ahmedabad,Gujarat,2025-09-26,Small Business
C00384,Customer 384,customer384@example.com,PUNE,Maharashtra,2025-10-24,Corporate
C00385,Customer 385,customer385@example.com,Kolkata,West Bengal,2025-02-25,Small Business
C00386,Customer 386,customer386@example.com,Kolkata,West Bengal,2024-03-03,Consumer
C00387,Customer 387,customer387@example.com,Bengaluru,Karnataka,2025-01-27,Consumer
C00388,Customer 388,customer388@example.com,Chennai,Tamil Nadu,2024-07-23,Small Business
C00389,Customer 389,customer389@example.com,Jaipur,Rajasthan,2024-09-12,Small Business
C00390,Customer 390,customer390@example.com,Jaipur,Rajasthan,2026-03-24,Consumer
C00391,Customer 391,customer391@example.com,Chennai,Tamil Nadu,2026-03-11,Small Business
C00392,Customer 392,customer392@example.com,Hyderabad,Telangana,2025-05-06,Small Business
C00393,Customer 393,customer393@example.com,Kolkata,West Bengal,2024-12-18,Small Business
C00394,Customer 394,customer394@example.com,Jaipur,Rajasthan,2024-11-25,Corporate
C00395,Customer 395,customer395@example.com,Bengaluru,Karnataka,2024-07-03,Consumer
C00396,Customer 396,customer396@example.com,Hyderabad,Telangana,2025-09-03,Consumer
C00397,Customer 397,,Panipat,Haryana,2026-04-10,Corporate
C00398,Customer 398,customer398@example.com,Panipat,Haryana,2026-04-08,Corporate
C00399,Customer 399,customer399@example.com,Jaipur,Rajasthan,2025-01-01,Small Business
C00400,Customer 400,customer400@example.com,Pune,Maharashtra,2024-06-12,Consumer
C00401,Customer 401,customer401@example.com,Pune,Maharashtra,2025-11-03,Consumer
C00402,Customer 402,customer402@example.com,Bengaluru,Karnataka,2025-06-30,Small Business
C00403,Customer 403,customer403@example.com,Panipat,Haryana,2026-02-21,Consumer
C00404,Customer 404,customer404@example.com,Ahmedabad,Gujarat,2026-05-16,Corporate
C00405,Customer 405,customer405@example.com,Hyderabad,Telangana,2026-05-09,Consumer
C00406,Customer 406,customer406@example.com,Mumbai,Maharashtra,2024-08-30,Small Business
C00407,Customer 407,customer407@example.com,Hyderabad,Telangana,2026-04-05,Small Business
C00408,Customer 408,customer408@example.com,Hyderabad,Telangana,2025-08-28,Consumer
C00409,Customer 409,customer409@example.com,Hyderabad,Telangana,2025-08-04,Small Business
C00410,Customer 410,customer410@example.com,Mumbai,Maharashtra,2025-07-30,Consumer
C00411,Customer 411,customer411@example.com,Kolkata,West Bengal,2025-07-09,Corporate
C00412,Customer 412,customer412@example.com,Mumbai,Maharashtra,2025-05-17,Consumer
C00413,Customer 413,customer413@example.com,Delhi,Delhi,2024-02-27,Consumer
C00414,Customer 414,customer414@example.com,Ahmedabad,Gujarat,2024-08-12,Consumer
C00415,Customer 415,customer415@example.com,Jaipur,Rajasthan,2025-05-04,Consumer
C00416,Customer 416,customer416@example.com,Hyderabad,Telangana,2025-09-20,Consumer
C00417,Customer 417,customer417@example.com,Mumbai,Maharashtra,2024-12-14,Small Business
C00418,Customer 418,customer418@example.com,Mumbai,Maharashtra,2026-04-01,Corporate
C00419,Customer 419,customer419@example.com,Panipat,Haryana,2024-01-23,Consumer
C00420,Customer 420,customer420@example.com,Ahmedabad,Gujarat,2025-12-22,Consumer
C00421,Customer 421,customer421@example.com,Delhi,Delhi,2026-05-16,Small Business
C00422,Customer 422,customer422@example.com,Hyderabad,Telangana,2024-03-15,Corporate
C00423,Customer 423,customer423@example.com,Chennai,Tamil Nadu,2025-08-23,Consumer
C00424,Customer 424,customer424@example.com,Hyderabad,Telangana,2024-11-05,
C00425,Customer 425,customer425@example.com,Mumbai,Maharashtra,2024-06-10,Small Business
C00426,Customer 426,customer426@example.com,Chennai,Tamil Nadu,2026-03-21,Small Business
C00427,Customer 427,customer427@example.com,Kolkata,West Bengal,2025-10-26,Corporate
C00428,Customer 428,customer428@example.com,Mumbai,Maharashtra,2025-12-25,Small Business
C00429,Customer 429,customer429@example.com,Ahmedabad,Gujarat,2026-03-16,Corporate
C00430,Customer 430,customer430@example.com,Pune,Maharashtra,2025-11-12,Small Business
C00431,Customer 431,customer431@example.com,Mumbai,Maharashtra,2025-01-22,Corporate
C00432,Customer 432,customer432@example.com,Bengaluru,Karnataka,2024-05-10,Consumer
C00433,Customer 433,customer433@example.com,Panipat,Haryana,2025-12-19,Small Business
C00434,Customer 434,customer434@example.com,Chennai,Tamil Nadu,2026-05-21,Small Business
C00435,Customer 435,customer435@example.com,Panipat,Haryana,2024-07-05,Small Business
C00436,Customer 436,customer436@example.com,Hyderabad,Telangana,2026-04-08,Small Business
C00437,Customer 437,customer437@example.com,Pune,Maharashtra,2025-10-16,Small Business
C00438,Customer 438,customer438@example.com,Delhi,Delhi,2025-05-23,Consumer
C00439,Customer 439,customer439@example.com,Hyderabad,Telangana,2026-02-02,Consumer
C00440,Customer 440,customer440@example.com,Pune,Maharashtra,2024-12-21,Corporate
C00441,Customer 441,customer441@example.com,Mumbai,Maharashtra,2025-10-13,Consumer
C00442,Customer 442,customer442@example.com,Hyderabad,Telangana,2025-04-02,Consumer
C00443,Customer 443,customer443@example.com,Bengaluru,Karnataka,2024-08-02,Consumer
C00444,Customer 444,customer444@example.com,Delhi,Delhi,2024-12-24,Corporate
C00445,Customer 445,customer445@example.com,Delhi,Delhi,2026-01-07,Consumer
C00446,Customer 446,customer446@example.com,Panipat,Haryana,2025-01-30,Corporate
C00447,Customer 447,customer447@example.com,Chennai,Tamil Nadu,2024-06-19,Corporate
C00448,Customer 448,customer448@example.com,Kolkata,West Bengal,2025-01-22,Corporate
C00449,Customer 449,customer449@example.com,Jaipur,Rajasthan,2025-01-19,Consumer
C00450,Customer 450,customer450@example.com,Kolkata,West Bengal,2026-03-18,Small Business
C00451,Customer 451,customer451@example.com,Pune,Maharashtra,2024-06-15,Corporate
C00452,Customer 452,customer452@example.com,Delhi,Delhi,2026-03-29,Consumer
C00453,Customer 453,customer453@example.com,Bengaluru,Karnataka,2024-01-21,Corporate
C00454,Customer 454,customer454@example.com,Bengaluru,Karnataka,2024-04-17,Consumer
C00455,Customer 455,customer455@example.com,Hyderabad,Telangana,2024-06-23,Corporate
C00456,Customer 456,customer456@example.com,Mumbai,Maharashtra,2026-01-19,Consumer
C00457,Customer 457,customer457@example.com,Jaipur,Rajasthan,2024-04-05,Corporate
C00458,Customer 458,customer458@example.com,Ahmedabad,Gujarat,2025-09-20,Corporate
C00459,Customer 459,customer459@example.com,Panipat,Haryana,2025-03-17,Small Business
C00460,Customer 460,customer460@example.com,Mumbai,Maharashtra,2025-09-13,Corporate
C00461,Customer 461,customer461@example.com,Mumbai,Maharashtra,2024-02-24,Consumer
C00462,Customer 462,,Hyderabad,Telangana,2024-07-29,Consumer
C00463,Customer 463,customer463@example.com,Chennai,Tamil Nadu,2025-12-14,Small Business
C00464,Customer 464,customer464@example.com,Jaipur,Rajasthan,2024-09-28,Small Business
C00465,Customer 465,customer465@example.com,Bengaluru,Karnataka,2024-10-31,Consumer
C00466,Customer 466,customer466@example.com,Delhi,Delhi,2024-02-20,Corporate
C00467,Customer 467,customer467@example.com,Ahmedabad,Gujarat,2025-07-16,Corporate
C00468,Customer 468,customer468@example.com,Mumbai,Maharashtra,2024-02-25,Corporate
C00469,Customer 469,customer469@example.com,Panipat,Haryana,2025-03-13,Consumer
C00470,Customer 470,customer470@example.com,Bengaluru,Karnataka,2026-04-23,Small Business
C00471,Customer 471,customer471@example.com,Ahmedabad,Gujarat,2025-05-06,Consumer
C00472,Customer 472,customer472@example.com,Delhi,Delhi,2024-01-27,Consumer
C00473,Customer 473,customer473@example.com,Mumbai,Maharashtra,2025-10-15,Corporate
C00474,Customer 474,customer474@example.com,Delhi,Delhi,2025-04-29,Consumer
C00475,Customer 475,customer475@example.com,Bengaluru,Karnataka,2026-03-14,Corporate
C00476,Customer 476,customer476@example.com,Kolkata,West Bengal,2025-05-15,Small Business
C00477,Customer 477,customer477@example.com,Bengaluru,Karnataka,2024-04-03,Small Business
C00478,Customer 478,customer478@example.com,Jaipur,Rajasthan,2025-01-31,Consumer
C00479,Customer 479,customer479@example.com,Hyderabad,Telangana,2025-01-25,Corporate
C00480,Customer 480,customer480@example.com,Mumbai,Maharashtra,2025-04-01,Consumer
C00481,Customer 481,customer481@example.com,Bengaluru,Karnataka,2025-03-26,Corporate
C00482,Customer 482,customer482@example.com,Bengaluru,Karnataka,2024-08-19,Corporate
C00483,Customer 483,customer483@example.com,Ahmedabad,Gujarat,2024-03-04,Consumer
C00484,Customer 484,,Delhi,Delhi,2024-03-28,
C00485,Customer 485,customer485@example.com,Hyderabad,Telangana,2026-04-07,Small Business
C00486,Customer 486,customer486@example.com,Chennai,Tamil Nadu,2026-02-13,Small Business
C00487,Customer 487,customer487@example.com,Pune,Maharashtra,2025-07-20,Consumer
C00488,Customer 488,customer488@example.com,Chennai,Tamil Nadu,2026-04-18,Small Business
C00489,Customer 489,customer489@example.com,Chennai,Tamil Nadu,2025-07-02,Small Business
C00490,Customer 490,customer490@example.com,Kolkata,West Bengal,2025-08-09,Consumer
C00491,Customer 491,customer491@example.com,Kolkata,West Bengal,2024-11-02,Consumer
C00492,Customer 492,customer492@example.com,Chennai,Tamil Nadu,2026-05-24,Small Business
C00493,Customer 493,customer493@example.com,Panipat,Haryana,2025-05-29,Small Business
C00494,Customer 494,customer494@example.com,Jaipur,Rajasthan,2026-03-30,Small Business
C00495,Customer 495,customer495@example.com,Ahmedabad,Gujarat,2024-05-30,Consumer
C00496,Customer 496,customer496@example.com,Kolkata,West Bengal,2024-06-26,Consumer
C00497,Customer 497,customer497@example.com,Pune,Maharashtra,2026-04-07,Consumer
C00498,Customer 498,customer498@example.com,Mumbai,Maharashtra,2024-02-13,Corporate
C00499,Customer 499,customer499@example.com,Delhi,Delhi,2025-11-30,Corporate
C00500,Customer 500,customer500@example.com,Pune,Maharashtra,2026-04-22,Small Business
C00501,Customer 501,customer501@example.com,Mumbai,Maharashtra,2026-05-04,Small Business
C00502,Customer 502,customer502@example.com,Bengaluru,Karnataka,2024-11-23,Small Business
C00503,Customer 503,customer503@example.com,Delhi,Delhi,2024-03-30,Corporate
C00504,Customer 504,customer504@example.com,Jaipur,Rajasthan,2025-02-10,Small Business
C00505,Customer 505,customer505@example.com,Hyderabad,Telangana,2026-05-27,Corporate
C00506,Customer 506,customer506@example.com,Jaipur,Rajasthan,2025-04-14,Consumer
C00507,Customer 507,customer507@example.com,Ahmedabad,Gujarat,2025-08-24,Small Business
C00508,Customer 508,customer508@example.com,Chennai,Tamil Nadu,2024-04-25,Corporate
C00509,Customer 509,customer509@example.com,Mumbai,Maharashtra,2024-05-31,Small Business
C00510,Customer 510,customer510@example.com,Ahmedabad,Gujarat,2025-08-19,Consumer
C00511,Customer 511,customer511@example.com,Delhi,Delhi,2025-07-30,Consumer
C00512,Customer 512,customer512@example.com,Bengaluru,Karnataka,2026-06-07,Small Business
C00513,Customer 513,customer513@example.com,Hyderabad,Telangana,2026-06-17,Corporate
C00514,Customer 514,customer514@example.com,Bengaluru,Karnataka,2025-01-27,Small Business
C00515,Customer 515,customer515@example.com,Kolkata,West Bengal,2025-08-08,Small Business
C00516,Customer 516,customer516@example.com,Kolkata,West Bengal,2024-02-08,Consumer
C00517,Customer 517,customer517@example.com,Bengaluru,Karnataka,2025-02-16,Consumer
C00518,Customer 518,customer518@example.com,Ahmedabad,Gujarat,2025-09-15,Small Business
C00519,Customer 519,customer519@example.com,Chennai,Tamil Nadu,2024-02-09,Corporate
C00520,Customer 520,invalid-email-519,Hyderabad,Telangana,2025-12-08,Consumer
C00521,Customer 521,customer521@example.com,Panipat,Haryana,2026-02-02,Corporate
C00522,Customer 522,customer522@example.com,Bengaluru,Karnataka,2025-01-16,Consumer
C00523,Customer 523,customer523@example.com,Hyderabad,Telangana,2026-04-17,Corporate
C00524,Customer 524,customer524@example.com,Bengaluru,Karnataka,2024-10-14,Corporate
C00525,Customer 525,customer525@example.com,Delhi,Delhi,2026-06-08,Consumer
C00526,Customer 526,customer526@example.com,Mumbai,Maharashtra,2024-11-03,Small Business
C00527,Customer 527,customer527@example.com,Kolkata,West Bengal,2026-03-03,Corporate
C00528,Customer 528,customer528@example.com,Bengaluru,Karnataka,2026-01-16,Corporate
C00529,Customer 529,customer529@example.com,Ahmedabad,Gujarat,2025-10-23,Consumer
C00530,Customer 530,customer530@example.com,Pune,Maharashtra,2025-03-28,Consumer
C00531,Customer 531,customer531@example.com,Chennai,Tamil Nadu,2026-01-28,Corporate
C00532,Customer 532,customer532@example.com,Jaipur,Rajasthan,2026-06-07,Corporate
C00533,Customer 533,customer533@example.com,Panipat,Haryana,2025-06-11,
C00534,Customer 534,,Delhi,Delhi,2024-11-14,Small Business
C00535,Customer 535,customer535@example.com,Jaipur,Rajasthan,2025-02-17,Consumer
C00536,Customer 536,customer536@example.com,Jaipur,Rajasthan,2026-06-19,Small Business
C00537,Customer 537,customer537@example.com,Panipat,Haryana,2024-06-26,Consumer
C00538,Customer 538,customer538@example.com,Pune,Maharashtra,2026-05-07,Consumer
C00539,Customer 539,customer539@example.com,Pune,Maharashtra,2024-02-03,Corporate
C00540,Customer 540,customer540@example.com,Panipat,Haryana,2025-01-04,Small Business
C00541,Customer 541,customer541@example.com,Pune,Maharashtra,2024-10-07,Corporate
C00542,Customer 542,customer542@example.com,Kolkata,West Bengal,2025-06-01,Corporate
C00543,Customer 543,customer543@example.com,Delhi,Delhi,2025-11-28,Consumer
C00544,Customer 544,customer544@example.com,Pune,Maharashtra,2025-01-16,Corporate
C00545,Customer 545,customer545@example.com,Ahmedabad,Gujarat,2025-04-01,Consumer
C00546,Customer 546,customer546@example.com,Kolkata,West Bengal,2025-08-23,Small Business
C00547,Customer 547,customer547@example.com,Hyderabad,Telangana,2024-12-18,Consumer
C00548,Customer 548,customer548@example.com,Bengaluru,Karnataka,2026-02-05,Small Business
C00549,Customer 549,customer549@example.com,Delhi,Delhi,2024-10-18,Consumer
C00550,Customer 550,customer550@example.com,Chennai,Tamil Nadu,2024-02-20,Consumer
C00551,Customer 551,customer551@example.com,Ahmedabad,Gujarat,2026-03-09,Consumer
C00552,Customer 552,customer552@example.com,Pune,Maharashtra,2025-10-24,Consumer
C00553,Customer 553,customer553@example.com,Pune,Maharashtra,2024-10-02,Small Business
C00554,Customer 554,customer554@example.com,Chennai,Tamil Nadu,2025-06-09,Consumer
C00555,Customer 555,customer555@example.com,Panipat,Haryana,2025-04-30,Consumer
C00556,Customer 556,customer556@example.com,Mumbai,Maharashtra,2025-09-07,Consumer
C00557,Customer 557,customer557@example.com,Pune,Maharashtra,2024-09-15,Small Business
C00558,Customer 558,customer558@example.com,Bengaluru,Karnataka,2025-12-30,Small Business
C00559,Customer 559,customer559@example.com,Bengaluru,Karnataka,2025-03-09,Corporate
C00560,Customer 560,customer560@example.com,Hyderabad,Telangana,2025-04-15,Corporate
C00561,Customer 561,customer561@example.com,Pune,Maharashtra,2025-04-22,Corporate
C00562,Customer 562,customer562@example.com,Jaipur,Rajasthan,2026-04-24,Small Business
C00563,Customer 563,customer563@example.com,Chennai,Tamil Nadu,2025-08-21,Consumer
C00564,Customer 564,customer564@example.com,Panipat,Haryana,2025-06-07,Small Business
C00565,Customer 565,customer565@example.com,Hyderabad,Telangana,2025-07-28,Small Business
C00566,Customer 566,customer566@example.com,Ahmedabad,Gujarat,2025-09-15,Corporate
C00567,Customer 567,customer567@example.com,Bengaluru,Karnataka,2025-12-01,Consumer
C00568,Customer 568,customer568@example.com,Kolkata,West Bengal,2024-03-06,Corporate
C00569,Customer 569,customer569@example.com,Bengaluru,Karnataka,2025-10-17,Corporate
C00570,Customer 570,customer570@example.com,Bengaluru,Karnataka,2024-09-24,Small Business
C00571,Customer 571,customer571@example.com,Bengaluru,Karnataka,2024-07-11,Consumer
C00572,Customer 572,customer572@example.com,Jaipur,Rajasthan,2026-02-22,Consumer
C00573,Customer 573,customer573@example.com,Panipat,Haryana,2026-04-04,Small Business
C00574,Customer 574,customer574@example.com,Chennai,Tamil Nadu,2025-11-07,Corporate
C00575,Customer 575,customer575@example.com,Mumbai,Maharashtra,2026-01-08,Consumer
C00576,Customer 576,customer576@example.com,Kolkata,West Bengal,2024-10-29,Corporate
C00577,Customer 577,customer577@example.com,Chennai,Tamil Nadu,2025-02-18,Corporate
C00578,Customer 578,customer578@example.com,Panipat,Haryana,2025-08-20,Small Business
C00579,Customer 579,customer579@example.com,Ahmedabad,Gujarat,2026-04-15,Consumer
C00580,Customer 580,customer580@example.com,Hyderabad,Telangana,2026-01-13,Small Business
C00581,Customer 581,customer581@example.com,Pune,Maharashtra,2025-12-03,Small Business
C00582,Customer 582,customer582@example.com,Kolkata,West Bengal,2025-11-18,Corporate
C00583,Customer 583,customer583@example.com,Jaipur,Rajasthan,2024-11-03,Consumer
C00584,Customer 584,customer584@example.com,Jaipur,Rajasthan,2024-07-04,Corporate
C00585,Customer 585,customer585@example.com,Delhi,Delhi,2025-04-27,Consumer
C00586,Customer 586,customer586@example.com,Bengaluru,Karnataka,2026-01-12,Small Business
C00587,Customer 587,customer587@example.com,Mumbai,Maharashtra,2025-11-27,Corporate
C00588,Customer 588,customer588@example.com,Delhi,Delhi,2024-08-15,Corporate
C00589,Customer 589,customer589@example.com,Pune,Maharashtra,2026-02-01,Corporate
C00590,Customer 590,customer590@example.com,Chennai,Tamil Nadu,2026-03-18,Corporate
C00591,Customer 591,customer591@example.com,Hyderabad,Telangana,2024-09-23,Small Business
C00592,Customer 592,customer592@example.com,Bengaluru,Karnataka,2025-04-19,Consumer
C00593,Customer 593,customer593@example.com,Kolkata,West Bengal,2024-02-24,Small Business
C00594,Customer 594,customer594@example.com,Ahmedabad,Gujarat,2025-08-17,Small Business
C00595,Customer 595,customer595@example.com,Delhi,Delhi,2025-04-28,Consumer
C00596,Customer 596,customer596@example.com,Jaipur,Rajasthan,2024-05-02,Small Business
C00597,Customer 597,customer597@example.com,Chennai,Tamil Nadu,2025-06-26,Corporate
C00598,Customer 598,customer598@example.com,Chennai,Tamil Nadu,2024-02-25,Consumer
C00599,Customer 599,customer599@example.com,Mumbai,Maharashtra,2024-07-24,Corporate
C00600,Customer 600,customer600@example.com,Chennai,Tamil Nadu,2025-08-06,Corporate
C00601,Customer 601,customer601@example.com,Mumbai,Maharashtra,2024-11-19,Small Business
C00602,Customer 602,customer602@example.com,Mumbai,Maharashtra,2026-03-08,Consumer
C00603,Customer 603,customer603@example.com,Kolkata,West Bengal,2024-12-06,Small Business
C00604,Customer 604,customer604@example.com,Mumbai,Maharashtra,2024-11-16,Small Business
C00605,Customer 605,customer605@example.com,Panipat,Haryana,2024-01-05,Corporate
C00606,Customer 606,customer606@example.com,Bengaluru,Karnataka,2024-08-02,Consumer
C00607,Customer 607,customer607@example.com,Ahmedabad,Gujarat,2026-02-21,Consumer
C00608,Customer 608,customer608@example.com,Kolkata,West Bengal,2026-03-15,Consumer
C00609,Customer 609,customer609@example.com,Mumbai,Maharashtra,2025-09-21,Corporate
C00610,Customer 610,customer610@example.com,Chennai,Tamil Nadu,2025-02-17,Corporate
C00611,Customer 611,customer611@example.com,Kolkata,West Bengal,2025-01-27,Consumer
C00612,Customer 612,customer612@example.com,Panipat,Haryana,2025-06-30,Consumer
C00613,Customer 613,customer613@example.com,Hyderabad,Telangana,2024-01-15,Corporate
C00614,Customer 614,customer614@example.com,Jaipur,Rajasthan,2024-07-14,Consumer
C00615,Customer 615,customer615@example.com,Panipat,Haryana,2025-10-03,Small Business
C00616,Customer 616,customer616@example.com,Pune,Maharashtra,2024-08-19,Small Business
C00617,Customer 617,customer617@example.com,Hyderabad,Telangana,2024-11-15,Consumer
C00618,Customer 618,customer618@example.com,Delhi,Delhi,2025-01-27,Small Business
C00619,Customer 619,customer619@example.com,Ahmedabad,Gujarat,2024-11-09,Consumer
C00620,Customer 620,customer620@example.com,Delhi,Delhi,2026-04-23,Consumer
C00621,Customer 621,customer621@example.com,Bengaluru,Karnataka,2024-10-24,Corporate
C00622,Customer 622,customer622@example.com,Jaipur,Rajasthan,2025-09-02,Small Business
C00623,Customer 623,customer623@example.com,Hyderabad,Telangana,2025-03-20,Small Business
C00624,Customer 624,customer624@example.com,Mumbai,Maharashtra,2024-12-16,Corporate
C00625,Customer 625,customer625@example.com,Hyderabad,Telangana,2026-02-07,Consumer
C00626,Customer 626,customer626@example.com,Mumbai,Maharashtra,2026-04-11,
C00627,Customer 627,customer627@example.com,Panipat,Haryana,2024-08-21,Consumer
C00628,Customer 628,customer628@example.com,Mumbai,Maharashtra,2024-08-04,Small Business
C00629,Customer 629,customer629@example.com,Panipat,Haryana,2025-08-26,Small Business
C00630,Customer 630,customer630@example.com,Mumbai,Maharashtra,2024-05-06,Corporate
C00631,Customer 631,customer631@example.com,Panipat,Haryana,2025-01-19,Small Business
C00632,Customer 632,customer632@example.com,Bengaluru,Karnataka,2026-02-28,Small Business
C00633,Customer 633,customer633@example.com,Ahmedabad,Gujarat,2024-02-19,Small Business
C00634,Customer 634,customer634@example.com,Panipat,Haryana,2025-11-08,Consumer
C00635,Customer 635,customer635@example.com,Panipat,Haryana,2024-02-19,Small Business
C00636,Customer 636,customer636@example.com,Delhi,Delhi,2025-03-02,Corporate
C00637,Customer 637,customer637@example.com,Chennai,Tamil Nadu,2024-05-06,Small Business
C00638,Customer 638,customer638@example.com,Bengaluru,Karnataka,2025-04-30,Small Business
C00639,Customer 639,customer639@example.com,Mumbai,Maharashtra,2024-07-29,Small Business
C00640,Customer 640,customer640@example.com,Panipat,Haryana,2024-11-04,Corporate
C00641,Customer 641,customer641@example.com,Delhi,Delhi,2025-11-09,Small Business
C00642,Customer 642,customer642@example.com,Bengaluru,Karnataka,2025-09-29,Small Business
C00643,Customer 643,customer643@example.com,Mumbai,Maharashtra,2025-03-04,Consumer
C00644,Customer 644,customer644@example.com,Jaipur,Rajasthan,2026-01-06,Small Business
C00645,Customer 645,customer645@example.com,Delhi,Delhi,2024-10-16,Consumer
C00646,Customer 646,customer646@example.com,Delhi,Delhi,2025-05-24,Consumer
C00647,Customer 647,customer647@example.com,Ahmedabad,Gujarat,2024-07-23,Corporate
C00648,Customer 648,customer648@example.com,Jaipur,Rajasthan,2024-07-25,Corporate
C00649,Customer 649,customer649@example.com,Chennai,Tamil Nadu,2024-10-29,Consumer
C00650,Customer 650,customer650@example.com,Panipat,Haryana,2025-07-15,Corporate
C00651,Customer 651,customer651@example.com,Pune,Maharashtra,2025-12-05,Corporate
C00652,Customer 652,customer652@example.com,Hyderabad,Telangana,2024-08-28,Consumer
C00653,Customer 653,customer653@example.com,Panipat,Haryana,2025-11-18,Consumer
C00654,Customer 654,customer654@example.com,Delhi,Delhi,2026-05-05,Small Business
C00655,Customer 655,customer655@example.com,Kolkata,West Bengal,2024-06-01,Consumer
C00656,Customer 656,customer656@example.com,Jaipur,Rajasthan,2024-03-17,
C00657,Customer 657,customer657@example.com,Delhi,Delhi,2024-09-19,Small Business
C00658,Customer 658,customer658@example.com,Pune,Maharashtra,2025-04-12,Corporate
C00659,Customer 659,customer659@example.com,Bengaluru,Karnataka,2025-04-20,Consumer
C00660,Customer 660,customer660@example.com,Delhi,Delhi,2026-04-12,Consumer
C00661,Customer 661,customer661@example.com,Panipat,Haryana,2026-05-22,Corporate
C00662,Customer 662,customer662@example.com,Hyderabad,Telangana,2026-03-31,Small Business
C00663,Customer 663,customer663@example.com,Hyderabad,Telangana,2025-03-12,Small Business
C00664,Customer 664,customer664@example.com,Delhi,Delhi,2024-04-07,Consumer
C00665,Customer 665,customer665@example.com,Panipat,Haryana,2026-05-22,Consumer
C00666,Customer 666,customer666@example.com,Mumbai,Maharashtra,2024-12-02,Corporate
C00667,Customer 667,customer667@example.com,Kolkata,West Bengal,2025-09-28,Corporate
C00668,Customer 668,customer668@example.com,Delhi,Delhi,2025-01-16,Corporate
C00669,Customer 669,customer669@example.com,Mumbai,Maharashtra,2024-04-26,Corporate
C00670,Customer 670,customer670@example.com,Chennai,Tamil Nadu,2025-04-12,Corporate
C00671,Customer 671,customer671@example.com,Chennai,Tamil Nadu,2025-12-07,Corporate
C00672,Customer 672,customer672@example.com,Chennai,Tamil Nadu,2025-10-26,Consumer
C00673,Customer 673,customer673@example.com,Delhi,Delhi,2024-05-15,Small Business
C00674,Customer 674,customer674@example.com,Panipat,Haryana,2026-05-14,Consumer
C00675,Customer 675,customer675@example.com,Delhi,Delhi,2025-03-02,Small Business
C00676,Customer 676,customer676@example.com,Kolkata,West Bengal,2026-04-01,Small Business
C00677,Customer 677,customer677@example.com,Kolkata,West Bengal,2024-07-04,Small Business
C00678,Customer 678,customer678@example.com,Chennai,Tamil Nadu,2026-03-08,Corporate
C00679,Customer 679,customer679@example.com,Ahmedabad,Gujarat,2024-01-30,Small Business
C00680,Customer 680,customer680@example.com,Mumbai,Maharashtra,2025-05-09,Corporate
C00681,Customer 681,customer681@example.com,Delhi,Delhi,2025-02-25,Corporate
C00682,Customer 682,customer682@example.com,Panipat,Haryana,2024-03-05,Corporate
C00683,Customer 683,customer683@example.com,Hyderabad,Telangana,2024-01-13,Small Business
C00684,Customer 684,customer684@example.com,Jaipur,Rajasthan,2026-02-24,Small Business
C00685,Customer 685,customer685@example.com,Ahmedabad,Gujarat,2026-01-11,Small Business
C00686,Customer 686,customer686@example.com,Pune,Maharashtra,2025-11-16,Corporate
C00687,Customer 687,customer687@example.com,Jaipur,Rajasthan,2025-06-19,Small Business
C00688,Customer 688,customer688@example.com,Ahmedabad,Gujarat,2024-04-07,Corporate
C00689,Customer 689,customer689@example.com,Pune,Maharashtra,2025-05-08,Corporate
C00690,Customer 690,customer690@example.com,Chennai,Tamil Nadu,2024-06-01,Small Business
C00691,Customer 691,customer691@example.com,Ahmedabad,Gujarat,2024-02-25,Consumer
C00692,Customer 692,customer692@example.com,Mumbai,Maharashtra,2025-06-01,Corporate
C00693,Customer 693,customer693@example.com,Kolkata,West Bengal,2026-06-09,Consumer
C00694,Customer 694,customer694@example.com,Delhi,Delhi,2026-02-08,Corporate
C00695,Customer 695,customer695@example.com,Hyderabad,Telangana,2024-09-03,Corporate
C00696,Customer 696,customer696@example.com,Bengaluru,Karnataka,2024-02-21,Small Business
C00697,Customer 697,customer697@example.com,Pune,Maharashtra,2025-07-17,Small Business
C00698,Customer 698,customer698@example.com,Chennai,Tamil Nadu,2025-02-16,Consumer
C00699,Customer 699,customer699@example.com,Delhi,Delhi,2025-04-15,Corporate
C00700,Customer 700,customer700@example.com,Ahmedabad,Gujarat,2025-04-03,Consumer
C00701,Customer 701,customer701@example.com,Kolkata,West Bengal,2025-04-02,Corporate
C00702,Customer 702,customer702@example.com,Delhi,Delhi,2025-05-24,Small Business
C00703,Customer 703,customer703@example.com,Panipat,Haryana,2024-04-15,Corporate
C00704,Customer 704,customer704@example.com,Chennai,Tamil Nadu,2024-02-06,Small Business
C00705,Customer 705,customer705@example.com,Jaipur,Rajasthan,2024-01-01,Consumer
C00706,Customer 706,customer706@example.com,Ahmedabad,Gujarat,2025-09-25,Small Business
C00707,Customer 707,customer707@example.com,Bengaluru,Karnataka,2025-06-04,Small Business
C00708,Customer 708,customer708@example.com,Pune,Maharashtra,2025-11-01,Small Business
C00709,Customer 709,customer709@example.com,Kolkata,West Bengal,2024-12-15,Corporate
C00710,Customer 710,customer710@example.com,Panipat,Haryana,2026-04-16,Consumer
C00711,Customer 711,customer711@example.com,Kolkata,West Bengal,2024-12-05,Small Business
C00712,Customer 712,customer712@example.com,Ahmedabad,Gujarat,2025-09-06,Corporate
C00713,Customer 713,customer713@example.com,Hyderabad,Telangana,2026-01-03,Corporate
C00714,Customer 714,customer714@example.com,Delhi,Delhi,2024-04-09,Small Business
C00715,Customer 715,customer715@example.com,Pune,Maharashtra,2024-01-03,Corporate
C00716,Customer 716,customer716@example.com,Hyderabad,Telangana,2026-04-29,Small Business
C00717,Customer 717,customer717@example.com,Bengaluru,Karnataka,2025-07-14,Small Business
C00718,Customer 718,customer718@example.com,Hyderabad,Telangana,2025-12-19,Consumer
C00719,Customer 719,customer719@example.com,Panipat,Haryana,2024-06-17,Corporate
C00720,Customer 720,customer720@example.com,Mumbai,Maharashtra,2026-04-21,Small Business
C00721,Customer 721,customer721@example.com,Chennai,Tamil Nadu,2024-04-19,Corporate
C00722,Customer 722,customer722@example.com,Ahmedabad,Gujarat,2024-07-19,Consumer
C00723,Customer 723,customer723@example.com,Delhi,Delhi,2026-05-22,Corporate
C00724,Customer 724,customer724@example.com,Pune,Maharashtra,2025-04-13,Consumer
C00725,Customer 725,customer725@example.com,Hyderabad,Telangana,2024-04-20,Corporate
C00726,Customer 726,customer726@example.com,Panipat,Haryana,2025-10-10,Small Business
C00727,Customer 727,customer727@example.com,Ahmedabad,Gujarat,2024-05-06,Corporate
C00728,Customer 728,customer728@example.com,Kolkata,West Bengal,2025-11-05,Small Business
C00729,Customer 729,customer729@example.com,Jaipur,Rajasthan,2024-05-17,Corporate
C00730,Customer 730,customer730@example.com,Panipat,Haryana,2025-06-27,Small Business
C00731,Customer 731,customer731@example.com,Panipat,Haryana,2025-07-20,Corporate
C00732,Customer 732,customer732@example.com,Ahmedabad,Gujarat,2025-05-09,Small Business
C00733,Customer 733,customer733@example.com,Mumbai,Maharashtra,2025-12-09,Small Business
C00734,Customer 734,customer734@example.com,Mumbai,Maharashtra,2026-01-18,Consumer
C00735,Customer 735,customer735@example.com,Delhi,Delhi,2025-01-31,Small Business
C00736,Customer 736,customer736@example.com,Ahmedabad,Gujarat,2025-09-12,Corporate
C00737,Customer 737,customer737@example.com,Jaipur,Rajasthan,2025-01-28,Corporate
C00738,Customer 738,customer738@example.com,Ahmedabad,Gujarat,2025-12-10,Consumer
C00739,Customer 739,customer739@example.com,Bengaluru,Karnataka,2025-02-11,Corporate
C00740,Customer 740,customer740@example.com,Bengaluru,Karnataka,2025-04-08,Consumer
C00741,Customer 741,customer741@example.com,Mumbai,Maharashtra,2025-02-26,Small Business
C00742,Customer 742,customer742@example.com,Jaipur,Rajasthan,2024-11-02,Small Business
C00743,Customer 743,customer743@example.com,Jaipur,Rajasthan,2026-05-31,Corporate
C00744,Customer 744,customer744@example.com,Jaipur,Rajasthan,2025-10-09,Consumer
C00745,Customer 745,customer745@example.com,Pune,Maharashtra,2024-08-02,Small Business
C00746,Customer 746,customer746@example.com,Bengaluru,Karnataka,2025-12-04,Corporate
C00747,Customer 747,customer747@example.com,Mumbai,Maharashtra,2025-12-28,Small Business
C00748,Customer 748,customer748@example.com,Mumbai,Maharashtra,2025-05-30,Small Business
C00749,Customer 749,customer749@example.com,Hyderabad,Telangana,2025-12-28,Consumer
C00750,Customer 750,customer750@example.com,Hyderabad,Telangana,2025-07-29,Corporate
C00751,Customer 751,customer751@example.com,Ahmedabad,Gujarat,2025-08-07,Small Business
C00752,Customer 752,customer752@example.com,Chennai,Tamil Nadu,2025-11-21,Small Business
C00753,Customer 753,customer753@example.com,Jaipur,Rajasthan,2024-10-19,Corporate
C00754,Customer 754,customer754@example.com,Panipat,Haryana,2025-06-19,Consumer
C00755,Customer 755,customer755@example.com,Panipat,Haryana,2025-01-25,Consumer
C00756,Customer 756,customer756@example.com,Panipat,Haryana,2025-11-17,Consumer
C00757,Customer 757,customer757@example.com,Pune,Maharashtra,2024-09-30,Consumer
C00758,Customer 758,customer758@example.com,Bengaluru,Karnataka,2025-11-30,Corporate
C00759,Customer 759,customer759@example.com,Mumbai,Maharashtra,2026-05-09,Consumer
C00760,Customer 760,customer760@example.com,Bengaluru,Karnataka,2024-07-27,Small Business
C00761,Customer 761,customer761@example.com,Panipat,Haryana,2025-01-02,Corporate
C00762,Customer 762,customer762@example.com,Delhi,Delhi,2025-09-22,Small Business
C00763,Customer 763,customer763@example.com,Jaipur,Rajasthan,2026-06-04,Consumer
C00764,Customer 764,customer764@example.com,Jaipur,Rajasthan,2025-02-02,Consumer
C00765,Customer 765,customer765@example.com,Jaipur,Rajasthan,2026-03-14,Small Business
C00766,Customer 766,customer766@example.com,Bengaluru,Karnataka,2025-12-10,Small Business
C00767,Customer 767,customer767@example.com,Panipat,Haryana,2025-01-25,Corporate
C00768,Customer 768,customer768@example.com,Chennai,Tamil Nadu,2026-03-18,Small Business
C00769,Customer 769,customer769@example.com,Hyderabad,Telangana,2025-07-19,Consumer
C00770,Customer 770,customer770@example.com,Panipat,Haryana,2026-01-31,Corporate
C00771,Customer 771,customer771@example.com,Pune,Maharashtra,2025-09-27,Corporate
C00772,Customer 772,customer772@example.com,Pune,Maharashtra,2025-10-10,Small Business
C00773,Customer 773,customer773@example.com,Hyderabad,Telangana,2026-02-12,Small Business
C00774,Customer 774,customer774@example.com,Jaipur,Rajasthan,2026-01-26,Small Business
C00775,Customer 775,customer775@example.com,Pune,Maharashtra,2026-03-05,Small Business
C00776,Customer 776,customer776@example.com,Pune,Maharashtra,2024-10-28,Corporate
C00777,Customer 777,customer777@example.com,Mumbai,Maharashtra,2025-11-30,Consumer
C00778,Customer 778,customer778@example.com,Mumbai,Maharashtra,2024-06-26,Small Business
C00779,Customer 779,customer779@example.com,Jaipur,Rajasthan,2024-05-02,Corporate
C00780,Customer 780,customer780@example.com,PANIPAT,Haryana,2025-03-14,Corporate
C00781,Customer 781,customer781@example.com,Jaipur,Rajasthan,2024-09-27,Consumer
C00782,Customer 782,customer782@example.com,Mumbai,Maharashtra,2025-08-21,Corporate
C00783,Customer 783,customer783@example.com,Panipat,Haryana,2024-12-04,Corporate
C00784,Customer 784,customer784@example.com,Mumbai,Maharashtra,2024-02-10,Consumer
C00785,Customer 785,customer785@example.com,Hyderabad,Telangana,2025-09-03,Consumer
C00786,Customer 786,customer786@example.com,Ahmedabad,Gujarat,2026-05-13,Small Business
C00787,Customer 787,customer787@example.com,Bengaluru,Karnataka,2025-05-17,Small Business
C00788,Customer 788,customer788@example.com,Jaipur,Rajasthan,2025-01-01,Consumer
C00789,Customer 789,customer789@example.com,Hyderabad,Telangana,2025-06-22,Consumer
C00790,Customer 790,customer790@example.com,Mumbai,Maharashtra,2025-06-17,Consumer
C00791,Customer 791,customer791@example.com,Jaipur,Rajasthan,2024-06-12,Corporate
C00792,Customer 792,customer792@example.com,Jaipur,Rajasthan,2025-07-03,Corporate
C00793,Customer 793,customer793@example.com,Delhi,Delhi,2024-12-23,Consumer
C00794,Customer 794,customer794@example.com,Pune,Maharashtra,2025-11-10,Corporate
C00795,Customer 795,customer795@example.com,Hyderabad,Telangana,2025-01-04,Corporate
C00796,Customer 796,customer796@example.com,Pune,Maharashtra,2026-02-09,Small Business
C00797,Customer 797,customer797@example.com,Jaipur,Rajasthan,2025-05-01,Small Business
C00798,Customer 798,customer798@example.com,Panipat,Haryana,2024-04-27,Small Business
C00799,Customer 799,customer799@example.com,Hyderabad,Telangana,2025-04-01,Consumer
C00800,Customer 800,customer800@example.com,Ahmedabad,Gujarat,2025-09-28,Consumer
C00801,Customer 801,customer801@example.com,Panipat,Haryana,2025-11-29,Corporate
C00802,Customer 802,customer802@example.com,Chennai,Tamil Nadu,2026-03-26,Consumer
C00803,Customer 803,customer803@example.com,Chennai,Tamil Nadu,2024-09-19,
C00804,Customer 804,customer804@example.com,Bengaluru,Karnataka,2024-01-26,Small Business
C00805,Customer 805,customer805@example.com,Hyderabad,Telangana,2025-06-10,Small Business
C00806,Customer 806,customer806@example.com,Kolkata,West Bengal,2025-05-13,Consumer
C00807,Customer 807,customer807@example.com,Bengaluru,Karnataka,2025-10-29,Consumer
C00808,Customer 808,customer808@example.com,Hyderabad,Telangana,2025-06-10,Consumer
C00809,Customer 809,customer809@example.com,Delhi,Delhi,2024-06-20,Small Business
C00810,Customer 810,customer810@example.com,Jaipur,Rajasthan,2024-01-08,Small Business
C00811,Customer 811,customer811@example.com,Delhi,Delhi,2024-08-03,Small Business
C00812,Customer 812,,Pune,Maharashtra,2026-06-04,Small Business
C00813,Customer 813,customer813@example.com,Chennai,Tamil Nadu,2026-05-05,Consumer
C00814,Customer 814,customer814@example.com,Pune,Maharashtra,2025-07-04,Small Business
C00815,Customer 815,customer815@example.com,Chennai,Tamil Nadu,2025-10-24,Consumer
C00816,Customer 816,customer816@example.com,Mumbai,Maharashtra,2024-01-25,Corporate
C00817,Customer 817,customer817@example.com,Hyderabad,Telangana,2024-02-08,Consumer
C00818,Customer 818,customer818@example.com,Delhi,Delhi,2024-02-25,Consumer
C00819,Customer 819,customer819@example.com,Bengaluru,Karnataka,2025-07-25,Consumer
C00820,Customer 820,customer820@example.com,Ahmedabad,Gujarat,2026-04-21,Consumer
C00821,Customer 821,customer821@example.com,Bengaluru,Karnataka,2025-02-21,Corporate
C00822,Customer 822,customer822@example.com,Kolkata,West Bengal,2025-10-07,Corporate
C00823,Customer 823,customer823@example.com,Chennai,Tamil Nadu,2024-11-19,Consumer
C00824,Customer 824,customer824@example.com,Chennai,Tamil Nadu,2025-11-20,Consumer
C00825,Customer 825,customer825@example.com,Jaipur,Rajasthan,2024-01-07,Small Business
C00826,Customer 826,customer826@example.com,Ahmedabad,Gujarat,2024-03-05,Small Business
C00827,Customer 827,customer827@example.com,Ahmedabad,Gujarat,2024-02-16,Small Business
C00828,Customer 828,customer828@example.com,Delhi,Delhi,2025-01-01,Small Business
C00829,Customer 829,customer829@example.com,Delhi,Delhi,2024-10-23,Small Business
C00830,Customer 830,customer830@example.com,Bengaluru,Karnataka,2025-09-13,Consumer
C00831,Customer 831,customer831@example.com,Bengaluru,Karnataka,2026-02-22,Corporate
C00832,Customer 832,customer832@example.com,Chennai,Tamil Nadu,2025-02-08,Small Business
C00833,Customer 833,customer833@example.com,Panipat,Haryana,2025-04-30,Consumer
C00834,Customer 834,customer834@example.com,Jaipur,Rajasthan,2024-08-13,Consumer
C00835,Customer 835,customer835@example.com,Chennai,Tamil Nadu,2026-03-26,Small Business
C00836,Customer 836,customer836@example.com,Bengaluru,Karnataka,2025-10-11,Consumer
C00837,Customer 837,customer837@example.com,Bengaluru,Karnataka,2025-11-24,Small Business
C00838,Customer 838,customer838@example.com,Hyderabad,Telangana,2024-01-12,Small Business
C00839,Customer 839,customer839@example.com,Jaipur,Rajasthan,2024-05-24,Consumer
C00840,Customer 840,customer840@example.com,Panipat,Haryana,2024-01-06,Small Business
C00841,Customer 841,customer841@example.com,Ahmedabad,Gujarat,2025-02-07,Small Business
C00842,Customer 842,customer842@example.com,Jaipur,Rajasthan,2024-03-28,Corporate
C00843,Customer 843,customer843@example.com,Pune,Maharashtra,2026-02-05,Small Business
C00844,Customer 844,customer844@example.com,Hyderabad,Telangana,2024-08-04,Corporate
C00845,Customer 845,customer845@example.com,Jaipur,Rajasthan,2024-05-25,Consumer
C00846,Customer 846,customer846@example.com,Mumbai,Maharashtra,2024-08-14,Small Business
C00847,Customer 847,customer847@example.com,Bengaluru,Karnataka,2024-07-17,Consumer
C00848,Customer 848,customer848@example.com,Mumbai,Maharashtra,2025-11-18,Small Business
C00849,Customer 849,customer849@example.com,Panipat,Haryana,2026-05-21,Small Business
C00850,Customer 850,customer850@example.com,Kolkata,West Bengal,2025-10-22,Small Business
C00851,Customer 851,customer851@example.com,Delhi,Delhi,2024-10-24,Small Business
C00852,Customer 852,customer852@example.com,Delhi,Delhi,2024-09-13,Consumer
C00853,Customer 853,customer853@example.com,Pune,Maharashtra,2026-01-13,Small Business
C00854,Customer 854,customer854@example.com,Kolkata,West Bengal,2024-12-04,Corporate
C00855,Customer 855,customer855@example.com,Mumbai,Maharashtra,2025-11-18,Small Business
C00856,Customer 856,customer856@example.com,Pune,Maharashtra,2024-04-12,Corporate
C00857,Customer 857,customer857@example.com,Ahmedabad,Gujarat,2024-03-12,Consumer
C00858,Customer 858,customer858@example.com,Hyderabad,Telangana,2025-05-12,Corporate
C00859,Customer 859,customer859@example.com,Hyderabad,Telangana,2025-09-23,Small Business
C00860,Customer 860,customer860@example.com,Bengaluru,Karnataka,2025-12-11,Small Business
C00861,Customer 861,customer861@example.com,Mumbai,Maharashtra,2025-08-02,Small Business
C00862,Customer 862,customer862@example.com,Hyderabad,Telangana,2026-04-07,Corporate
C00863,Customer 863,customer863@example.com,Chennai,Tamil Nadu,2024-06-21,Consumer
C00864,Customer 864,customer864@example.com,Hyderabad,Telangana,2024-09-09,Consumer
C00865,Customer 865,customer865@example.com,Chennai,Tamil Nadu,2024-10-10,Corporate
C00866,Customer 866,customer866@example.com,Mumbai,Maharashtra,2025-11-26,Small Business
C00867,Customer 867,customer867@example.com,Hyderabad,Telangana,2026-06-17,Corporate
C00868,Customer 868,customer868@example.com,Kolkata,West Bengal,2025-04-01,Corporate
C00869,Customer 869,customer869@example.com,Bengaluru,Karnataka,2025-05-13,Small Business
C00870,Customer 870,customer870@example.com,Delhi,Delhi,2024-06-28,Small Business
C00871,Customer 871,customer871@example.com,Ahmedabad,Gujarat,2024-03-24,Corporate
C00872,Customer 872,customer872@example.com,Mumbai,Maharashtra,2025-07-05,Consumer
C00873,Customer 873,customer873@example.com,Bengaluru,Karnataka,2026-01-21,Small Business
C00874,Customer 874,customer874@example.com,Delhi,Delhi,2026-01-14,Consumer
C00875,Customer 875,customer875@example.com,Panipat,Haryana,2026-05-19,Small Business
C00876,Customer 876,customer876@example.com,Panipat,Haryana,2026-04-12,Small Business
C00877,Customer 877,customer877@example.com,Ahmedabad,Gujarat,2025-02-18,Small Business
C00878,Customer 878,customer878@example.com,Pune,Maharashtra,2024-02-07,Small Business
C00879,Customer 879,customer879@example.com,Bengaluru,Karnataka,2025-07-10,Small Business
C00880,Customer 880,customer880@example.com,Kolkata,West Bengal,2025-10-31,Consumer
C00881,Customer 881,customer881@example.com,HYDERABAD,Telangana,2025-02-05,Consumer
C00882,Customer 882,customer882@example.com,Ahmedabad,Gujarat,2026-01-20,Corporate
C00883,Customer 883,customer883@example.com,Mumbai,Maharashtra,2025-04-20,Small Business
C00884,Customer 884,customer884@example.com,Jaipur,Rajasthan,2024-04-02,Corporate
C00885,Customer 885,customer885@example.com,Hyderabad,Telangana,2025-05-29,Consumer
C00886,Customer 886,customer886@example.com,Pune,Maharashtra,2026-05-18,Small Business
C00887,Customer 887,customer887@example.com,Mumbai,Maharashtra,2026-02-14,Small Business
C00888,Customer 888,customer888@example.com,Mumbai,Maharashtra,2025-04-01,Consumer
C00889,Customer 889,customer889@example.com,Mumbai,Maharashtra,2025-08-02,Small Business
C00890,Customer 890,customer890@example.com,Mumbai,Maharashtra,2026-01-23,Small Business
C00891,Customer 891,customer891@example.com,Kolkata,West Bengal,2025-01-02,Consumer
C00892,Customer 892,customer892@example.com,Pune,Maharashtra,2026-02-18,Corporate
C00893,Customer 893,customer893@example.com,Pune,Maharashtra,2024-03-05,Corporate
C00894,Customer 894,customer894@example.com,Hyderabad,Telangana,2024-08-27,Consumer
C00895,Customer 895,customer895@example.com,Pune,Maharashtra,2025-06-14,Corporate
C00896,Customer 896,customer896@example.com,Chennai,Tamil Nadu,2025-04-25,Corporate
C00897,Customer 897,customer897@example.com,Panipat,Haryana,2024-02-10,Small Business
C00898,Customer 898,customer898@example.com,Hyderabad,Telangana,2024-04-15,Small Business
C00899,Customer 899,customer899@example.com,Jaipur,Rajasthan,2025-10-10,Corporate
C00900,Customer 900,customer900@example.com,Bengaluru,Karnataka,2025-08-15,Small Business
C00901,Customer 901,customer901@example.com,Ahmedabad,Gujarat,2024-06-27,Corporate
C00902,Customer 902,customer902@example.com,Chennai,Tamil Nadu,2025-01-09,Small Business
C00903,Customer 903,customer903@example.com,Delhi,Delhi,2025-06-13,Corporate
C00904,Customer 904,customer904@example.com,Chennai,Tamil Nadu,2024-08-16,Small Business
C00905,Customer 905,customer905@example.com,Chennai,Tamil Nadu,2024-12-27,Corporate
C00906,Customer 906,customer906@example.com,Kolkata,West Bengal,2026-03-22,Corporate
C00907,Customer 907,customer907@example.com,Ahmedabad,Gujarat,2024-01-07,Small Business
C00908,Customer 908,customer908@example.com,Mumbai,Maharashtra,2025-03-26,Consumer
C00909,Customer 909,customer909@example.com,Pune,Maharashtra,2024-03-19,Small Business
C00910,Customer 910,customer910@example.com,Bengaluru,Karnataka,2024-08-04,Consumer
C00911,Customer 911,customer911@example.com,Mumbai,Maharashtra,2024-06-10,Corporate
C00912,Customer 912,customer912@example.com,Ahmedabad,Gujarat,2026-01-04,Consumer
C00913,Customer 913,customer913@example.com,Pune,Maharashtra,2025-02-28,Corporate
C00914,Customer 914,customer914@example.com,Delhi,Delhi,2025-05-08,Small Business
C00915,Customer 915,customer915@example.com,Kolkata,West Bengal,2025-05-05,Consumer
C00916,Customer 916,customer916@example.com,Ahmedabad,Gujarat,2024-06-14,Small Business
C00917,Customer 917,customer917@example.com,Chennai,Tamil Nadu,2024-01-23,Consumer
C00918,Customer 918,customer918@example.com,Panipat,Haryana,2024-05-10,Small Business
C00919,Customer 919,customer919@example.com,Ahmedabad,Gujarat,2024-06-13,Consumer
C00920,Customer 920,customer920@example.com,Jaipur,Rajasthan,2024-02-10,Small Business
C00921,Customer 921,customer921@example.com,Mumbai,Maharashtra,2024-02-27,Consumer
C00922,Customer 922,customer922@example.com,Bengaluru,Karnataka,2024-07-03,Small Business
C00923,Customer 923,customer923@example.com,Chennai,Tamil Nadu,2025-09-05,Small Business
C00924,Customer 924,customer924@example.com,Panipat,Haryana,2026-06-18,Small Business
C00925,Customer 925,customer925@example.com,Bengaluru,Karnataka,2024-03-28,Consumer
C00926,Customer 926,customer926@example.com,Kolkata,West Bengal,2025-09-13,Corporate
C00927,Customer 927,customer927@example.com,Kolkata,West Bengal,2024-06-23,Consumer
C00928,Customer 928,customer928@example.com,Chennai,Tamil Nadu,2025-09-07,Consumer
C00929,Customer 929,customer929@example.com,Ahmedabad,Gujarat,2026-04-20,Consumer
C00930,Customer 930,customer930@example.com,Ahmedabad,Gujarat,2025-11-06,Small Business
C00931,Customer 931,customer931@example.com,Bengaluru,Karnataka,2024-06-20,Small Business
C00932,Customer 932,customer932@example.com,Hyderabad,Telangana,2025-04-09,Small Business
C00933,Customer 933,customer933@example.com,Ahmedabad,Gujarat,2024-03-11,Consumer
C00934,Customer 934,customer934@example.com,Chennai,Tamil Nadu,2025-01-29,Consumer
C00935,Customer 935,customer935@example.com,Delhi,Delhi,2024-01-17,Consumer
C00936,Customer 936,customer936@example.com,Jaipur,Rajasthan,2026-05-30,Small Business
C00937,Customer 937,customer937@example.com,Chennai,Tamil Nadu,2026-04-26,Consumer
C00938,Customer 938,customer938@example.com,Ahmedabad,Gujarat,2024-04-08,Consumer
C00939,Customer 939,customer939@example.com,Kolkata,West Bengal,2025-09-21,Small Business
C00940,Customer 940,customer940@example.com,Panipat,Haryana,2026-06-17,Small Business
C00941,Customer 941,customer941@example.com,Jaipur,Rajasthan,2026-02-09,Consumer
C00942,Customer 942,customer942@example.com,Delhi,Delhi,2025-05-08,Small Business
C00943,Customer 943,customer943@example.com,Mumbai,Maharashtra,2025-09-09,Small Business
C00944,Customer 944,customer944@example.com,Panipat,Haryana,2026-03-04,Small Business
C00945,Customer 945,customer945@example.com,Chennai,Tamil Nadu,2025-06-18,Corporate
C00946,Customer 946,customer946@example.com,Hyderabad,Telangana,2026-06-14,Consumer
C00947,Customer 947,customer947@example.com,Jaipur,Rajasthan,2025-03-15,Consumer
C00948,Customer 948,customer948@example.com,Kolkata,West Bengal,2026-03-19,Corporate
C00949,Customer 949,customer949@example.com,Hyderabad,Telangana,2025-08-26,Small Business
C00950,Customer 950,customer950@example.com,Ahmedabad,Gujarat,2024-04-10,Corporate
C00951,Customer 951,customer951@example.com,Mumbai,Maharashtra,2024-09-17,Corporate
C00952,Customer 952,customer952@example.com,Pune,Maharashtra,2026-05-29,Consumer
C00953,Customer 953,customer953@example.com,Bengaluru,Karnataka,2025-09-04,Small Business
C00954,Customer 954,customer954@example.com,Chennai,Tamil Nadu,2024-09-20,Consumer
C00955,Customer 955,customer955@example.com,Panipat,Haryana,2025-12-27,Small Business
C00956,Customer 956,customer956@example.com,Panipat,Haryana,2025-08-14,Small Business
C00957,Customer 957,customer957@example.com,Delhi,Delhi,2025-06-16,Consumer
C00958,Customer 958,customer958@example.com,Chennai,Tamil Nadu,2025-11-01,Consumer
C00959,Customer 959,customer959@example.com,Hyderabad,Telangana,2025-02-22,Corporate
C00960,Customer 960,customer960@example.com,Delhi,Delhi,2024-06-07,Corporate
C00961,Customer 961,customer961@example.com,Ahmedabad,Gujarat,2024-09-16,Corporate
C00962,Customer 962,customer962@example.com,Jaipur,Rajasthan,2025-03-09,Small Business
C00963,Customer 963,customer963@example.com,Hyderabad,Telangana,2025-09-18,Corporate
C00964,Customer 964,customer964@example.com,Chennai,Tamil Nadu,2026-02-12,Consumer
C00965,Customer 965,customer965@example.com,Chennai,Tamil Nadu,2025-07-19,Small Business
C00966,Customer 966,customer966@example.com,Kolkata,West Bengal,2024-07-02,Corporate
C00967,Customer 967,customer967@example.com,Jaipur,Rajasthan,2025-07-22,Corporate
C00968,Customer 968,customer968@example.com,Bengaluru,Karnataka,2024-11-10,Small Business
C00969,Customer 969,customer969@example.com,Hyderabad,Telangana,2026-03-03,Small Business
C00970,Customer 970,customer970@example.com,Chennai,Tamil Nadu,2026-01-23,Consumer
C00971,Customer 971,customer971@example.com,Delhi,Delhi,2026-02-04,Consumer
C00972,Customer 972,customer972@example.com,Kolkata,West Bengal,2026-03-12,Small Business
C00973,Customer 973,customer973@example.com,Mumbai,Maharashtra,2024-04-12,Consumer
C00974,Customer 974,customer974@example.com,Jaipur,Rajasthan,2025-02-14,Corporate
C00975,Customer 975,customer975@example.com,Jaipur,Rajasthan,2025-09-20,Small Business
C00976,Customer 976,customer976@example.com,Panipat,Haryana,2024-06-13,Corporate
C00977,Customer 977,customer977@example.com,Panipat,Haryana,2026-04-03,Consumer
C00978,Customer 978,customer978@example.com,Mumbai,Maharashtra,2025-04-27,Small Business
C00979,Customer 979,customer979@example.com,Chennai,Tamil Nadu,2024-03-31,Consumer
C00980,Customer 980,customer980@example.com,Bengaluru,Karnataka,2024-08-15,Corporate
C00981,Customer 981,customer981@example.com,Delhi,Delhi,2025-09-15,Consumer
C00982,Customer 982,customer982@example.com,Chennai,Tamil Nadu,2025-02-14,Small Business
C00983,Customer 983,customer983@example.com,Jaipur,Rajasthan,2024-10-20,Small Business
C00984,Customer 984,customer984@example.com,Ahmedabad,Gujarat,2024-02-28,Consumer
C00985,Customer 985,customer985@example.com,Kolkata,West Bengal,2025-03-25,Consumer
C00986,Customer 986,customer986@example.com,Pune,Maharashtra,2026-05-20,Small Business
C00987,Customer 987,customer987@example.com,Jaipur,Rajasthan,2024-10-19,Consumer
C00988,Customer 988,customer988@example.com,Panipat,Haryana,2026-03-13,Small Business
C00989,Customer 989,customer989@example.com,Jaipur,Rajasthan,2025-06-12,Small Business
C00990,Customer 990,customer990@example.com,Pune,Maharashtra,2025-09-21,Consumer
C00991,Customer 991,customer991@example.com,Panipat,Haryana,2025-01-03,Consumer
C00992,Customer 992,customer992@example.com,Panipat,Haryana,2024-06-10,Consumer
C00993,Customer 993,customer993@example.com,Bengaluru,Karnataka,2026-03-09,Corporate
C00994,Customer 994,customer994@example.com,Hyderabad,Telangana,2025-11-16,Corporate
C00995,Customer 995,customer995@example.com,Chennai,Tamil Nadu,2025-08-23,Consumer
C00996,Customer 996,customer996@example.com,Jaipur,Rajasthan,2024-01-16,Small Business
C00997,Customer 997,customer997@example.com,Delhi,Delhi,2024-04-02,Small Business
C00998,Customer 998,customer998@example.com,Bengaluru,Karnataka,2026-01-13,Small Business
C00999,Customer 999,customer999@example.com,Ahmedabad,Gujarat,2024-12-22,Corporate
C01000,Customer 1000,customer1000@example.com,Bengaluru,Karnataka,2024-08-19,Small Business
C01001,Customer 1001,customer1001@example.com,Pune,Maharashtra,2025-04-10,Corporate
C01002,Customer 1002,customer1002@example.com,Ahmedabad,Gujarat,2024-01-05,Corporate
C01003,Customer 1003,customer1003@example.com,Mumbai,Maharashtra,2025-02-20,Small Business
C01004,Customer 1004,customer1004@example.com,Delhi,Delhi,2025-07-26,Consumer
C01005,Customer 1005,customer1005@example.com,Jaipur,Rajasthan,2024-10-28,Corporate
C01006,Customer 1006,customer1006@example.com,Delhi,Delhi,2026-04-02,Small Business
C01007,Customer 1007,customer1007@example.com,Bengaluru,Karnataka,2026-06-16,Small Business
C01008,Customer 1008,customer1008@example.com,Ahmedabad,Gujarat,2024-09-13,Small Business
C01009,Customer 1009,customer1009@example.com,Kolkata,West Bengal,2025-01-21,Small Business
C01010,Customer 1010,customer1010@example.com,Kolkata,West Bengal,2026-02-27,Consumer
C01011,Customer 1011,,Hyderabad,Telangana,2026-03-05,Corporate
C01012,Customer 1012,customer1012@example.com,Kolkata,West Bengal,2025-08-23,Consumer
C01013,Customer 1013,customer1013@example.com,Kolkata,West Bengal,2024-04-29,Corporate
C01014,Customer 1014,customer1014@example.com,Delhi,Delhi,2025-01-26,
C01015,Customer 1015,customer1015@example.com,Pune,Maharashtra,2025-11-24,Small Business
C01016,Customer 1016,customer1016@example.com,Pune,Maharashtra,2026-03-30,Corporate
C01017,Customer 1017,customer1017@example.com,Chennai,Tamil Nadu,2024-12-27,Small Business
C01018,Customer 1018,customer1018@example.com,Jaipur,Rajasthan,2024-01-10,Small Business
C01019,Customer 1019,customer1019@example.com,Bengaluru,Karnataka,2024-09-11,Corporate
C01020,Customer 1020,customer1020@example.com,Delhi,Delhi,2025-02-12,Small Business
C01021,Customer 1021,customer1021@example.com,Hyderabad,Telangana,2024-03-18,Small Business
C01022,Customer 1022,customer1022@example.com,Mumbai,Maharashtra,2025-05-02,Corporate
C01023,Customer 1023,,Hyderabad,Telangana,2024-08-11,Small Business
C01024,Customer 1024,customer1024@example.com,Bengaluru,Karnataka,2024-07-06,Small Business
C01025,Customer 1025,customer1025@example.com,Pune,Maharashtra,2025-05-25,Small Business
C01026,Customer 1026,customer1026@example.com,Pune,Maharashtra,2024-08-28,Small Business
C01027,Customer 1027,customer1027@example.com,Pune,Maharashtra,2026-06-12,Corporate
C01028,Customer 1028,customer1028@example.com,Pune,Maharashtra,2024-08-22,Consumer
C01029,Customer 1029,customer1029@example.com,Pune,Maharashtra,2026-05-06,Small Business
C01030,Customer 1030,customer1030@example.com,Hyderabad,Telangana,2024-06-08,Consumer
C01031,Customer 1031,customer1031@example.com,Delhi,Delhi,2024-03-21,Small Business
C01032,Customer 1032,customer1032@example.com,Kolkata,West Bengal,2025-09-20,Consumer
C01033,Customer 1033,customer1033@example.com,Jaipur,Rajasthan,2024-02-13,Corporate
C01034,Customer 1034,customer1034@example.com,Hyderabad,Telangana,2025-09-27,Corporate
C01035,Customer 1035,customer1035@example.com,Kolkata,West Bengal,2025-08-11,Corporate
C01036,Customer 1036,customer1036@example.com,Kolkata,West Bengal,2024-07-06,Small Business
C01037,Customer 1037,customer1037@example.com,Bengaluru,Karnataka,2025-02-11,Consumer
C01038,Customer 1038,customer1038@example.com,Ahmedabad,Gujarat,2024-05-11,Consumer
C01039,Customer 1039,customer1039@example.com,Jaipur,Rajasthan,2026-03-29,Corporate
C01040,Customer 1040,customer1040@example.com,Kolkata,West Bengal,2025-07-07,Consumer
C01041,Customer 1041,customer1041@example.com,Jaipur,Rajasthan,2024-12-21,Corporate
C01042,Customer 1042,customer1042@example.com,Mumbai,Maharashtra,2025-04-13,Consumer
C01043,Customer 1043,customer1043@example.com,Jaipur,Rajasthan,2025-04-16,Corporate
C01044,Customer 1044,customer1044@example.com,Panipat,Haryana,2024-01-13,Small Business
C01045,Customer 1045,customer1045@example.com,Pune,Maharashtra,2025-01-23,Small Business
C01046,Customer 1046,customer1046@example.com,Delhi,Delhi,2024-11-29,Corporate
C01047,Customer 1047,customer1047@example.com,Ahmedabad,Gujarat,2026-06-01,Corporate
C01048,Customer 1048,customer1048@example.com,Mumbai,Maharashtra,2025-07-15,Corporate
C01049,Customer 1049,customer1049@example.com,Pune,Maharashtra,2024-10-02,Corporate
C01050,Customer 1050,customer1050@example.com,Ahmedabad,Gujarat,2024-12-17,Corporate
C01051,Customer 1051,customer1051@example.com,Mumbai,Maharashtra,2025-05-25,Corporate
C01052,Customer 1052,customer1052@example.com,Pune,Maharashtra,2025-03-05,Small Business
C01053,Customer 1053,customer1053@example.com,Hyderabad,Telangana,2025-01-08,Corporate
C01054,Customer 1054,,Bengaluru,Karnataka,2025-04-06,Consumer
C01055,Customer 1055,customer1055@example.com,Ahmedabad,Gujarat,2024-05-14,Small Business
C01056,Customer 1056,customer1056@example.com,Pune,Maharashtra,2026-04-13,Consumer
C01057,Customer 1057,customer1057@example.com,Bengaluru,Karnataka,2026-04-03,Consumer
C01058,Customer 1058,customer1058@example.com,Jaipur,Rajasthan,2025-03-18,Corporate
C01059,Customer 1059,customer1059@example.com,Pune,Maharashtra,2024-05-29,Small Business
C01060,Customer 1060,customer1060@example.com,Mumbai,Maharashtra,2025-04-29,Consumer
C01061,Customer 1061,customer1061@example.com,Mumbai,Maharashtra,2025-03-07,Corporate
C01062,Customer 1062,customer1062@example.com,Mumbai,Maharashtra,2026-05-19,Small Business
C01063,Customer 1063,customer1063@example.com,Jaipur,Rajasthan,2025-06-30,Small Business
C01064,Customer 1064,customer1064@example.com,Hyderabad,Telangana,2026-03-15,Corporate
C01065,Customer 1065,customer1065@example.com,Bengaluru,Karnataka,2024-09-13,Small Business
C01066,Customer 1066,customer1066@example.com,Ahmedabad,Gujarat,2024-02-18,Corporate
C01067,Customer 1067,customer1067@example.com,Delhi,Delhi,2025-12-08,Consumer
C01068,Customer 1068,customer1068@example.com,Panipat,Haryana,2024-08-08,Corporate
C01069,Customer 1069,customer1069@example.com,Kolkata,West Bengal,2026-05-09,Small Business
C01070,Customer 1070,customer1070@example.com,Delhi,Delhi,2025-04-05,Small Business
C01071,Customer 1071,customer1071@example.com,Hyderabad,Telangana,2024-09-23,Corporate
C01072,Customer 1072,customer1072@example.com,Hyderabad,Telangana,2025-07-27,Small Business
C01073,Customer 1073,customer1073@example.com,Bengaluru,Karnataka,2024-12-18,Consumer
C01074,Customer 1074,customer1074@example.com,Chennai,Tamil Nadu,2024-05-04,Corporate
C01075,Customer 1075,customer1075@example.com,Ahmedabad,Gujarat,2024-07-22,Small Business
C01076,Customer 1076,customer1076@example.com,Ahmedabad,Gujarat,2025-10-27,Small Business
C01077,Customer 1077,customer1077@example.com,Jaipur,Rajasthan,2024-06-27,Corporate
C01078,Customer 1078,customer1078@example.com,Hyderabad,Telangana,2024-11-28,Small Business
C01079,Customer 1079,,Jaipur,Rajasthan,2025-05-14,Small Business
C01080,Customer 1080,customer1080@example.com,Kolkata,West Bengal,2024-03-21,Corporate
C01081,Customer 1081,customer1081@example.com,Ahmedabad,Gujarat,2024-10-20,Corporate
C01082,Customer 1082,customer1082@example.com,Mumbai,Maharashtra,2026-06-08,Consumer
C01083,Customer 1083,customer1083@example.com,Hyderabad,Telangana,2025-03-07,Small Business
C01084,Customer 1084,customer1084@example.com,Ahmedabad,Gujarat,2025-08-08,Corporate
C01085,Customer 1085,customer1085@example.com,Delhi,Delhi,2024-03-22,Consumer
C01086,Customer 1086,customer1086@example.com,Hyderabad,Telangana,2024-08-21,Corporate
C01087,Customer 1087,customer1087@example.com,Hyderabad,Telangana,2025-10-30,Corporate
C01088,Customer 1088,customer1088@example.com,Bengaluru,Karnataka,2025-09-11,Small Business
C01089,Customer 1089,customer1089@example.com,Chennai,Tamil Nadu,2024-10-04,Corporate
C01090,Customer 1090,customer1090@example.com,Hyderabad,Telangana,2026-02-04,Small Business
C01091,Customer 1091,customer1091@example.com,Jaipur,Rajasthan,2025-04-06,Corporate
C01092,Customer 1092,customer1092@example.com,Mumbai,Maharashtra,2024-07-07,Consumer
C01093,Customer 1093,customer1093@example.com,Mumbai,Maharashtra,2026-01-15,Consumer
C01094,Customer 1094,customer1094@example.com,BENGALURU,Karnataka,2026-01-31,Small Business
C01095,Customer 1095,customer1095@example.com,Delhi,Delhi,2024-08-03,Consumer
C01096,Customer 1096,customer1096@example.com,Chennai,Tamil Nadu,2024-04-15,Consumer
C01097,Customer 1097,customer1097@example.com,Delhi,Delhi,2026-06-18,Corporate
C01098,Customer 1098,customer1098@example.com,Jaipur,Rajasthan,2024-02-25,Consumer
C01099,Customer 1099,customer1099@example.com,Chennai,Tamil Nadu,2025-06-20,Consumer
C01100,Customer 1100,customer1100@example.com,Delhi,Delhi,2024-09-25,Small Business
C01101,Customer 1101,customer1101@example.com,Mumbai,Maharashtra,2024-03-27,Small Business
C01102,Customer 1102,customer1102@example.com,Chennai,Tamil Nadu,2024-11-12,Consumer
C01103,Customer 1103,customer1103@example.com,Pune,Maharashtra,2026-01-25,Corporate
C01104,Customer 1104,customer1104@example.com,Kolkata,West Bengal,2025-10-03,Consumer
C01105,Customer 1105,customer1105@example.com,Mumbai,Maharashtra,2025-06-23,Consumer
C01106,Customer 1106,customer1106@example.com,Panipat,Haryana,2024-02-05,Small Business
C01107,Customer 1107,customer1107@example.com,Hyderabad,Telangana,2026-05-31,Corporate
C01108,Customer 1108,customer1108@example.com,Kolkata,West Bengal,2025-04-23,Small Business
C01109,Customer 1109,customer1109@example.com,Bengaluru,Karnataka,2025-07-15,Corporate
C01110,Customer 1110,customer1110@example.com,Mumbai,Maharashtra,2025-12-15,Small Business
C01111,Customer 1111,customer1111@example.com,Mumbai,Maharashtra,2025-08-28,Small Business
C01112,Customer 1112,customer1112@example.com,Kolkata,West Bengal,2025-10-08,Small Business
C01113,Customer 1113,customer1113@example.com,Ahmedabad,Gujarat,2025-03-21,Small Business
C01114,Customer 1114,customer1114@example.com,Jaipur,Rajasthan,2024-11-13,Corporate
C01115,Customer 1115,customer1115@example.com,Kolkata,West Bengal,2025-07-06,Consumer
C01116,Customer 1116,customer1116@example.com,Delhi,Delhi,2025-03-28,Corporate
C01117,Customer 1117,customer1117@example.com,Hyderabad,Telangana,2025-02-26,Corporate
C01118,Customer 1118,customer1118@example.com,Mumbai,Maharashtra,2024-11-06,Consumer
C01119,Customer 1119,customer1119@example.com,Panipat,Haryana,2025-06-19,Consumer
C01120,Customer 1120,customer1120@example.com,Hyderabad,Telangana,2024-10-20,Corporate
C01121,Customer 1121,customer1121@example.com,Jaipur,Rajasthan,2024-01-09,Small Business
C01122,Customer 1122,customer1122@example.com,Kolkata,West Bengal,2026-02-12,Corporate
C01123,Customer 1123,customer1123@example.com,Bengaluru,Karnataka,2024-01-10,Corporate
C01124,Customer 1124,customer1124@example.com,Bengaluru,Karnataka,2025-09-03,Consumer
C01125,Customer 1125,customer1125@example.com,Panipat,Haryana,2025-07-15,Corporate
C01126,Customer 1126,customer1126@example.com,Pune,Maharashtra,2025-02-25,Small Business
C01127,Customer 1127,customer1127@example.com,Chennai,Tamil Nadu,2025-02-08,Consumer
C01128,Customer 1128,customer1128@example.com,Mumbai,Maharashtra,2026-01-02,Small Business
C01129,Customer 1129,customer1129@example.com,Chennai,Tamil Nadu,2026-04-28,Corporate
C01130,Customer 1130,customer1130@example.com,Pune,Maharashtra,2024-09-26,Consumer
C01131,Customer 1131,customer1131@example.com,Chennai,Tamil Nadu,2025-10-02,Consumer
C01132,Customer 1132,customer1132@example.com,Jaipur,Rajasthan,2026-02-21,Small Business
C01133,Customer 1133,customer1133@example.com,Bengaluru,Karnataka,2024-10-18,
C01134,Customer 1134,customer1134@example.com,Jaipur,Rajasthan,2026-04-08,Corporate
C01135,Customer 1135,customer1135@example.com,Chennai,Tamil Nadu,2024-07-11,Consumer
C01136,Customer 1136,customer1136@example.com,Mumbai,Maharashtra,2024-05-19,Corporate
C01137,Customer 1137,customer1137@example.com,Delhi,Delhi,2025-10-14,Corporate
C01138,Customer 1138,invalid-email-1137,Ahmedabad,Gujarat,2025-04-08,Corporate
C01139,Customer 1139,customer1139@example.com,Ahmedabad,Gujarat,2025-05-18,Consumer
C01140,Customer 1140,customer1140@example.com,Hyderabad,Telangana,2024-01-20,Consumer
C01141,Customer 1141,customer1141@example.com,Panipat,Haryana,2025-07-01,Consumer
C01142,Customer 1142,customer1142@example.com,Mumbai,Maharashtra,2024-04-14,Corporate
C01143,Customer 1143,customer1143@example.com,Bengaluru,Karnataka,2024-05-08,Small Business
C01144,Customer 1144,customer1144@example.com,Kolkata,West Bengal,2026-01-14,Consumer
C01145,Customer 1145,customer1145@example.com,Pune,Maharashtra,2024-04-02,Consumer
C01146,Customer 1146,customer1146@example.com,Panipat,Haryana,2025-05-20,Consumer
C01147,Customer 1147,customer1147@example.com,Hyderabad,Telangana,2025-03-06,Corporate
C01148,Customer 1148,customer1148@example.com,Kolkata,West Bengal,2025-01-15,Corporate
C01149,Customer 1149,customer1149@example.com,Panipat,Haryana,2024-12-04,Consumer
C01150,Customer 1150,customer1150@example.com,Mumbai,Maharashtra,2024-02-27,Corporate
C01151,Customer 1151,customer1151@example.com,Chennai,Tamil Nadu,2024-03-14,Small Business
C01152,Customer 1152,customer1152@example.com,Kolkata,West Bengal,2024-07-04,Consumer
C01153,Customer 1153,customer1153@example.com,Bengaluru,Karnataka,2026-04-16,Corporate
C01154,Customer 1154,customer1154@example.com,Panipat,Haryana,2024-05-04,Small Business
C01155,Customer 1155,customer1155@example.com,Pune,Maharashtra,2025-01-29,Corporate
C01156,Customer 1156,customer1156@example.com,Pune,Maharashtra,2026-01-25,
C01157,Customer 1157,customer1157@example.com,Pune,Maharashtra,2025-04-16,Small Business
C01158,Customer 1158,customer1158@example.com,Delhi,Delhi,2025-06-17,Small Business
C01159,Customer 1159,customer1159@example.com,Pune,Maharashtra,2025-04-29,Corporate
C01160,Customer 1160,customer1160@example.com,Bengaluru,Karnataka,2024-11-26,Consumer
C01161,Customer 1161,customer1161@example.com,Panipat,Haryana,2026-02-01,Small Business
C01162,Customer 1162,customer1162@example.com,Jaipur,Rajasthan,2024-05-05,Corporate
C01163,Customer 1163,customer1163@example.com,Kolkata,West Bengal,2025-10-15,Corporate
C01164,Customer 1164,customer1164@example.com,Pune,Maharashtra,2025-01-04,Consumer
C01165,Customer 1165,customer1165@example.com,Pune,Maharashtra,2024-04-25,
C01166,Customer 1166,customer1166@example.com,Chennai,Tamil Nadu,2024-11-28,Consumer
C01167,Customer 1167,customer1167@example.com,Mumbai,Maharashtra,2026-03-24,Corporate
C01168,Customer 1168,customer1168@example.com,Ahmedabad,Gujarat,2024-05-02,Corporate
C01169,Customer 1169,customer1169@example.com,Pune,Maharashtra,2024-01-10,Consumer
C01170,Customer 1170,customer1170@example.com,Ahmedabad,Gujarat,2026-03-13,Small Business
C01171,Customer 1171,customer1171@example.com,Kolkata,West Bengal,2025-12-05,Small Business
C01172,Customer 1172,customer1172@example.com,Mumbai,Maharashtra,2025-01-15,Consumer
C01173,Customer 1173,customer1173@example.com,Pune,Maharashtra,2024-06-10,Corporate
C01174,Customer 1174,customer1174@example.com,Delhi,Delhi,2025-12-03,Small Business
C01175,Customer 1175,customer1175@example.com,Hyderabad,Telangana,2026-02-16,Small Business
C01176,Customer 1176,customer1176@example.com,Panipat,Haryana,2024-03-02,Corporate
C01177,Customer 1177,customer1177@example.com,Mumbai,Maharashtra,2025-12-19,Small Business
C01178,Customer 1178,customer1178@example.com,Delhi,Delhi,2024-05-08,Corporate
C01179,Customer 1179,customer1179@example.com,Pune,Maharashtra,2024-11-20,Small Business
C01180,Customer 1180,customer1180@example.com,Hyderabad,Telangana,2026-04-04,Corporate
C01181,Customer 1181,customer1181@example.com,Pune,Maharashtra,2024-01-22,Small Business
C01182,Customer 1182,customer1182@example.com,Chennai,Tamil Nadu,2025-01-01,Small Business
C01183,Customer 1183,customer1183@example.com,Mumbai,Maharashtra,2024-09-13,Consumer
C01184,Customer 1184,customer1184@example.com,Kolkata,West Bengal,2025-12-24,Corporate
C01185,Customer 1185,customer1185@example.com,Jaipur,Rajasthan,2024-10-28,Small Business
C01186,Customer 1186,customer1186@example.com,Kolkata,West Bengal,2024-07-13,Small Business
C01187,Customer 1187,customer1187@example.com,Mumbai,Maharashtra,2025-07-10,Corporate
C01188,Customer 1188,customer1188@example.com,Hyderabad,Telangana,2026-01-19,Corporate
C01189,Customer 1189,customer1189@example.com,Bengaluru,Karnataka,2026-06-07,Small Business
C01190,Customer 1190,customer1190@example.com,Jaipur,Rajasthan,2024-06-13,Consumer
C01191,Customer 1191,customer1191@example.com,Jaipur,Rajasthan,2024-06-07,Corporate
C01192,Customer 1192,customer1192@example.com,Bengaluru,Karnataka,2026-04-19,Corporate
C01193,Customer 1193,customer1193@example.com,Jaipur,Rajasthan,2025-01-10,Corporate
C01194,Customer 1194,customer1194@example.com,Panipat,Haryana,2026-03-05,Small Business
C01195,Customer 1195,customer1195@example.com,Jaipur,Rajasthan,2025-01-23,Small Business
C01196,Customer 1196,customer1196@example.com,Mumbai,Maharashtra,2024-01-20,Small Business
C01197,Customer 1197,customer1197@example.com,Hyderabad,Telangana,2026-03-05,Small Business
C01198,Customer 1198,customer1198@example.com,Pune,Maharashtra,2024-11-24,Small Business
C01199,Customer 1199,customer1199@example.com,Delhi,Delhi,2025-11-05,Small Business
C01200,Customer 1200,customer1200@example.com,Chennai,Tamil Nadu,2024-07-13,Small Business
C01201,Customer 1201,customer1201@example.com,Kolkata,West Bengal,2026-02-23,Small Business
C01202,Customer 1202,customer1202@example.com,Mumbai,Maharashtra,2025-09-19,Corporate
C01203,Customer 1203,customer1203@example.com,Hyderabad,Telangana,2025-02-23,Small Business
C01204,Customer 1204,customer1204@example.com,Hyderabad,Telangana,2024-04-23,Consumer
C01205,Customer 1205,customer1205@example.com,Jaipur,Rajasthan,2025-11-05,Consumer
C01206,Customer 1206,customer1206@example.com,Panipat,Haryana,2026-05-05,Consumer
C01207,Customer 1207,customer1207@example.com,Mumbai,Maharashtra,2026-06-13,Consumer
C01208,Customer 1208,customer1208@example.com,Pune,Maharashtra,2024-04-19,Corporate
C01209,Customer 1209,customer1209@example.com,Pune,Maharashtra,2024-04-11,Consumer
C01210,Customer 1210,customer1210@example.com,Ahmedabad,Gujarat,2025-10-19,Corporate
C01211,Customer 1211,customer1211@example.com,Kolkata,West Bengal,2025-06-22,Small Business
C01212,Customer 1212,customer1212@example.com,Ahmedabad,Gujarat,2024-09-19,Consumer
C01213,Customer 1213,customer1213@example.com,Hyderabad,Telangana,2024-08-14,Small Business
C01214,Customer 1214,customer1214@example.com,Delhi,Delhi,2024-01-14,Consumer
C01215,Customer 1215,customer1215@example.com,Kolkata,West Bengal,2026-05-02,Consumer
C01216,Customer 1216,customer1216@example.com,Kolkata,West Bengal,2026-03-31,Small Business
C01217,Customer 1217,customer1217@example.com,Panipat,Haryana,2025-01-04,Small Business
C01218,Customer 1218,customer1218@example.com,Chennai,Tamil Nadu,2026-04-21,Corporate
C01219,Customer 1219,customer1219@example.com,Panipat,Haryana,2026-04-23,Small Business
C01220,Customer 1220,customer1220@example.com,Bengaluru,Karnataka,2025-06-25,Consumer
C01221,Customer 1221,customer1221@example.com,Delhi,Delhi,2026-05-04,Corporate
C01222,Customer 1222,customer1222@example.com,Delhi,Delhi,2024-08-09,Small Business
C01223,Customer 1223,customer1223@example.com,Delhi,Delhi,2024-04-13,Small Business
C01224,Customer 1224,customer1224@example.com,Pune,Maharashtra,2025-06-28,Corporate
C01225,Customer 1225,customer1225@example.com,Pune,Maharashtra,2024-07-16,Small Business
C01226,Customer 1226,customer1226@example.com,Pune,Maharashtra,2025-08-06,Small Business
C01227,Customer 1227,customer1227@example.com,Mumbai,Maharashtra,2025-07-25,Small Business
C01228,Customer 1228,customer1228@example.com,Jaipur,Rajasthan,2025-03-01,Small Business
C01229,Customer 1229,customer1229@example.com,Delhi,Delhi,2026-02-23,Small Business
C01230,Customer 1230,customer1230@example.com,Ahmedabad,Gujarat,2025-01-01,Small Business
C01231,Customer 1231,customer1231@example.com,Kolkata,West Bengal,2025-12-20,Small Business
C01232,Customer 1232,customer1232@example.com,Chennai,Tamil Nadu,2024-04-16,Consumer
C01233,Customer 1233,customer1233@example.com,Mumbai,Maharashtra,2025-07-17,Corporate
C01234,Customer 1234,customer1234@example.com,Jaipur,Rajasthan,2024-12-11,Small Business
C01235,Customer 1235,customer1235@example.com,Mumbai,Maharashtra,2025-06-30,Small Business
C01236,Customer 1236,customer1236@example.com,Kolkata,West Bengal,2024-12-26,Corporate
C01237,Customer 1237,customer1237@example.com,Jaipur,Rajasthan,2024-11-28,Corporate
C01238,Customer 1238,customer1238@example.com,Chennai,Tamil Nadu,2026-02-21,Small Business
C01239,Customer 1239,customer1239@example.com,Chennai,Tamil Nadu,2026-04-25,Small Business
C01240,Customer 1240,customer1240@example.com,Hyderabad,Telangana,2025-09-15,Consumer
C01241,Customer 1241,customer1241@example.com,Ahmedabad,Gujarat,2025-07-12,Consumer
C01242,Customer 1242,customer1242@example.com,Chennai,Tamil Nadu,2026-02-23,Small Business
C01243,Customer 1243,customer1243@example.com,Bengaluru,Karnataka,2025-01-03,Corporate
C01244,Customer 1244,customer1244@example.com,Kolkata,West Bengal,2025-02-10,Consumer
C01245,Customer 1245,customer1245@example.com,Panipat,Haryana,2024-10-18,Small Business
C01246,Customer 1246,customer1246@example.com,Panipat,Haryana,2025-06-14,Consumer
C01247,Customer 1247,customer1247@example.com,Bengaluru,Karnataka,2024-01-07,Corporate
C01248,Customer 1248,customer1248@example.com,Pune,Maharashtra,2024-08-07,Corporate
C01249,Customer 1249,customer1249@example.com,Panipat,Haryana,2026-03-01,Small Business
C01250,Customer 1250,customer1250@example.com,Bengaluru,Karnataka,2025-07-20,Small Business
C01251,Customer 1251,customer1251@example.com,Jaipur,Rajasthan,2025-08-07,Small Business
C01252,Customer 1252,customer1252@example.com,Mumbai,Maharashtra,2024-04-06,Consumer
C01253,Customer 1253,customer1253@example.com,Kolkata,West Bengal,2024-12-30,Consumer
C01254,Customer 1254,customer1254@example.com,Mumbai,Maharashtra,2024-09-28,Corporate
C01255,Customer 1255,customer1255@example.com,Ahmedabad,Gujarat,2024-09-12,Consumer
C01256,Customer 1256,invalid-email-1255,Bengaluru,Karnataka,2026-04-10,Corporate
C01257,Customer 1257,customer1257@example.com,Delhi,Delhi,2025-08-07,Corporate
C01258,Customer 1258,customer1258@example.com,Ahmedabad,Gujarat,2024-08-10,Small Business
C01259,Customer 1259,customer1259@example.com,Delhi,Delhi,2026-01-10,Corporate
C01260,Customer 1260,customer1260@example.com,Kolkata,West Bengal,2024-06-26,Corporate
C01261,Customer 1261,customer1261@example.com,Ahmedabad,Gujarat,2026-04-19,Consumer
C01262,Customer 1262,,AHMEDABAD,Gujarat,2025-10-19,Corporate
C01263,Customer 1263,customer1263@example.com,Panipat,Haryana,2026-01-18,Small Business
C01264,Customer 1264,customer1264@example.com,Chennai,Tamil Nadu,2024-03-21,Consumer
C01265,Customer 1265,customer1265@example.com,Hyderabad,Telangana,2024-12-22,Corporate
C01266,Customer 1266,customer1266@example.com,Chennai,Tamil Nadu,2026-06-07,Consumer
C01267,Customer 1267,,Pune,Maharashtra,2026-02-04,Small Business
C01268,Customer 1268,customer1268@example.com,Ahmedabad,Gujarat,2024-01-12,Small Business
C01269,Customer 1269,customer1269@example.com,Chennai,Tamil Nadu,2024-02-25,Corporate
C01270,Customer 1270,customer1270@example.com,Jaipur,Rajasthan,2024-02-12,Corporate
C01271,Customer 1271,customer1271@example.com,Jaipur,Rajasthan,2025-08-01,Consumer
C01272,Customer 1272,customer1272@example.com,Hyderabad,Telangana,2025-05-29,Small Business
C01273,Customer 1273,customer1273@example.com,Pune,Maharashtra,2024-06-05,Consumer
C01274,Customer 1274,customer1274@example.com,Chennai,Tamil Nadu,2025-04-01,Small Business
C01275,Customer 1275,customer1275@example.com,Ahmedabad,Gujarat,2025-05-31,Consumer
C01276,Customer 1276,customer1276@example.com,Pune,Maharashtra,2025-03-18,Corporate
C01277,Customer 1277,customer1277@example.com,Chennai,Tamil Nadu,2024-05-31,Consumer
C01278,Customer 1278,customer1278@example.com,Hyderabad,Telangana,2024-03-25,Corporate
C01279,Customer 1279,customer1279@example.com,Ahmedabad,Gujarat,2026-02-02,Consumer
C01280,Customer 1280,customer1280@example.com,Jaipur,Rajasthan,2025-02-12,Corporate
C01281,Customer 1281,customer1281@example.com,Delhi,Delhi,2025-02-12,Small Business
C01282,Customer 1282,customer1282@example.com,Chennai,Tamil Nadu,2026-03-03,Small Business
C01283,Customer 1283,customer1283@example.com,Mumbai,Maharashtra,2026-02-19,Consumer
C01284,Customer 1284,customer1284@example.com,Kolkata,West Bengal,2025-07-26,Consumer
C01285,Customer 1285,customer1285@example.com,Kolkata,West Bengal,2025-02-08,Small Business
C01286,Customer 1286,customer1286@example.com,Ahmedabad,Gujarat,2024-07-19,Small Business
C01287,Customer 1287,customer1287@example.com,Ahmedabad,Gujarat,2026-01-23,Small Business
C01288,Customer 1288,customer1288@example.com,Pune,Maharashtra,2024-09-05,Consumer
C01289,Customer 1289,customer1289@example.com,Bengaluru,Karnataka,2026-03-06,Corporate
C01290,Customer 1290,customer1290@example.com,Hyderabad,Telangana,2025-12-02,Small Business
C01291,Customer 1291,customer1291@example.com,Delhi,Delhi,2024-04-25,Small Business
C01292,Customer 1292,customer1292@example.com,Chennai,Tamil Nadu,2025-03-09,Corporate
C01293,Customer 1293,customer1293@example.com,Hyderabad,Telangana,2024-07-14,Corporate
C01294,Customer 1294,customer1294@example.com,Hyderabad,Telangana,2025-08-31,Small Business
C01295,Customer 1295,customer1295@example.com,Panipat,Haryana,2026-02-27,Corporate
C01296,Customer 1296,customer1296@example.com,Mumbai,Maharashtra,2024-12-24,Small Business
C01297,Customer 1297,customer1297@example.com,Kolkata,West Bengal,2025-09-30,Consumer
C01298,Customer 1298,customer1298@example.com,Kolkata,West Bengal,2024-02-15,Consumer
C01299,Customer 1299,customer1299@example.com,Pune,Maharashtra,2025-12-02,Corporate
C01300,Customer 1300,customer1300@example.com,Mumbai,Maharashtra,2026-02-14,Small Business
C01301,Customer 1301,customer1301@example.com,Delhi,Delhi,2024-04-25,Small Business
C01302,Customer 1302,customer1302@example.com,Panipat,Haryana,2024-09-05,
C01303,Customer 1303,customer1303@example.com,Mumbai,Maharashtra,2026-06-08,Corporate
C01304,Customer 1304,customer1304@example.com,Panipat,Haryana,2024-12-17,Small Business
C01305,Customer 1305,customer1305@example.com,Delhi,Delhi,2024-11-08,Corporate
C01306,Customer 1306,customer1306@example.com,Kolkata,West Bengal,2024-01-24,Corporate
C01307,Customer 1307,customer1307@example.com,Pune,Maharashtra,2026-01-27,Small Business
C01308,Customer 1308,customer1308@example.com,Pune,Maharashtra,2024-07-27,Small Business
C01309,Customer 1309,customer1309@example.com,Jaipur,Rajasthan,2026-02-07,Corporate
C01310,Customer 1310,customer1310@example.com,Jaipur,Rajasthan,2025-05-09,Small Business
C01311,Customer 1311,customer1311@example.com,Mumbai,Maharashtra,2025-12-12,Small Business
C01312,Customer 1312,customer1312@example.com,Panipat,Haryana,2025-01-20,Small Business
C01313,Customer 1313,customer1313@example.com,Jaipur,Rajasthan,2024-02-14,Corporate
C01314,Customer 1314,customer1314@example.com,Mumbai,Maharashtra,2024-03-02,Corporate
C01315,Customer 1315,customer1315@example.com,Pune,Maharashtra,2026-03-19,
C01316,Customer 1316,customer1316@example.com,Ahmedabad,Gujarat,2024-10-04,Consumer
C01317,Customer 1317,customer1317@example.com,Kolkata,West Bengal,2025-11-01,Consumer
C01318,Customer 1318,customer1318@example.com,Delhi,Delhi,2025-02-01,Small Business
C01319,Customer 1319,customer1319@example.com,Bengaluru,Karnataka,2025-11-09,Small Business
C01320,Customer 1320,customer1320@example.com,Hyderabad,Telangana,2026-06-04,Consumer
C01321,Customer 1321,customer1321@example.com,Panipat,Haryana,2024-10-26,Small Business
C01322,Customer 1322,customer1322@example.com,Chennai,Tamil Nadu,2024-08-24,Corporate
C01323,Customer 1323,customer1323@example.com,Jaipur,Rajasthan,2025-12-27,Consumer
C01324,Customer 1324,customer1324@example.com,Hyderabad,Telangana,2025-05-11,Small Business
C01325,Customer 1325,,Jaipur,Rajasthan,2024-03-31,Consumer
C01326,Customer 1326,customer1326@example.com,Pune,Maharashtra,2025-05-27,Corporate
C01327,Customer 1327,customer1327@example.com,Jaipur,Rajasthan,2025-12-30,Consumer
C01328,Customer 1328,customer1328@example.com,Panipat,Haryana,2024-09-10,Small Business
C01329,Customer 1329,customer1329@example.com,Bengaluru,Karnataka,2024-12-07,Corporate
C01330,Customer 1330,customer1330@example.com,Chennai,Tamil Nadu,2026-02-01,Consumer
C01331,Customer 1331,customer1331@example.com,Panipat,Haryana,2024-12-21,Small Business
C01332,Customer 1332,customer1332@example.com,Hyderabad,Telangana,2024-12-29,Small Business
C01333,Customer 1333,customer1333@example.com,Bengaluru,Karnataka,2024-08-29,Small Business
C01334,Customer 1334,customer1334@example.com,Bengaluru,Karnataka,2026-04-11,Consumer
C01335,Customer 1335,customer1335@example.com,Bengaluru,Karnataka,2026-06-18,Corporate
C01336,Customer 1336,customer1336@example.com,Panipat,Haryana,2025-07-22,Corporate
C01337,Customer 1337,customer1337@example.com,Pune,Maharashtra,2024-06-04,Corporate
C01338,Customer 1338,customer1338@example.com,Chennai,Tamil Nadu,2025-11-03,Consumer
C01339,Customer 1339,customer1339@example.com,Delhi,Delhi,2026-01-17,Corporate
C01340,Customer 1340,customer1340@example.com,Jaipur,Rajasthan,2025-11-25,Small Business
C01341,Customer 1341,customer1341@example.com,Pune,Maharashtra,2025-03-03,Consumer
C01342,Customer 1342,customer1342@example.com,Ahmedabad,Gujarat,2024-06-05,Corporate
C01343,Customer 1343,customer1343@example.com,Bengaluru,Karnataka,2025-09-11,Corporate
C01344,Customer 1344,customer1344@example.com,Kolkata,West Bengal,2025-07-09,Consumer
C01345,Customer 1345,customer1345@example.com,Pune,Maharashtra,2025-10-30,Consumer
C01346,Customer 1346,customer1346@example.com,Ahmedabad,Gujarat,2025-07-08,Small Business
C01347,Customer 1347,customer1347@example.com,Pune,Maharashtra,2026-06-02,Consumer
C01348,Customer 1348,customer1348@example.com,Bengaluru,Karnataka,2025-12-06,Small Business
C01349,Customer 1349,customer1349@example.com,Jaipur,Rajasthan,2024-05-18,Corporate
C01350,Customer 1350,customer1350@example.com,Mumbai,Maharashtra,2025-11-02,Small Business
C01351,Customer 1351,customer1351@example.com,Mumbai,Maharashtra,2024-11-21,Consumer
C01352,Customer 1352,customer1352@example.com,Jaipur,Rajasthan,2025-06-29,Small Business
C01353,Customer 1353,customer1353@example.com,Delhi,Delhi,2024-07-07,Corporate
C01354,Customer 1354,customer1354@example.com,Mumbai,Maharashtra,2026-01-14,Consumer
C01355,Customer 1355,customer1355@example.com,Hyderabad,Telangana,2025-02-27,Corporate
C01356,Customer 1356,customer1356@example.com,Bengaluru,Karnataka,2025-03-29,Small Business
C01357,Customer 1357,customer1357@example.com,Bengaluru,Karnataka,2024-06-04,Consumer
C01358,Customer 1358,customer1358@example.com,Delhi,Delhi,2024-05-14,Consumer
C01359,Customer 1359,customer1359@example.com,Panipat,Haryana,2026-02-19,Small Business
C01360,Customer 1360,customer1360@example.com,Ahmedabad,Gujarat,2024-09-30,Small Business
C01361,Customer 1361,customer1361@example.com,Ahmedabad,Gujarat,2025-09-19,Consumer
C01362,Customer 1362,customer1362@example.com,Ahmedabad,Gujarat,2024-08-25,Consumer
C01363,Customer 1363,customer1363@example.com,Panipat,Haryana,2025-01-02,Consumer
C01364,Customer 1364,customer1364@example.com,Kolkata,West Bengal,2024-05-17,Small Business
C01365,Customer 1365,customer1365@example.com,Ahmedabad,Gujarat,2025-04-25,Small Business
C01366,Customer 1366,customer1366@example.com,Hyderabad,Telangana,2024-07-07,Corporate
C01367,Customer 1367,customer1367@example.com,Kolkata,West Bengal,2025-04-30,Consumer
C01368,Customer 1368,customer1368@example.com,Mumbai,Maharashtra,2024-07-16,Consumer
C01369,Customer 1369,customer1369@example.com,Panipat,Haryana,2025-02-22,Consumer
C01370,Customer 1370,customer1370@example.com,Bengaluru,Karnataka,2025-02-26,Consumer
C01371,Customer 1371,customer1371@example.com,Pune,Maharashtra,2026-02-14,Consumer
C01372,Customer 1372,customer1372@example.com,Delhi,Delhi,2024-06-30,Corporate
C01373,Customer 1373,customer1373@example.com,Ahmedabad,Gujarat,2025-05-16,Small Business
C01374,Customer 1374,customer1374@example.com,Hyderabad,Telangana,2026-06-06,Corporate
C01375,Customer 1375,customer1375@example.com,Pune,Maharashtra,2025-03-13,Corporate
C01376,Customer 1376,customer1376@example.com,Panipat,Haryana,2025-09-14,Small Business
C01377,Customer 1377,customer1377@example.com,Chennai,Tamil Nadu,2026-01-07,Corporate
C01378,Customer 1378,customer1378@example.com,Chennai,Tamil Nadu,2025-09-18,Small Business
C01379,Customer 1379,customer1379@example.com,Ahmedabad,Gujarat,2025-08-31,Small Business
C01380,Customer 1380,customer1380@example.com,Jaipur,Rajasthan,2025-10-18,Small Business
C01381,Customer 1381,customer1381@example.com,Panipat,Haryana,2025-06-17,Consumer
C01382,Customer 1382,customer1382@example.com,Kolkata,West Bengal,2025-04-12,Consumer
C01383,Customer 1383,customer1383@example.com,PUNE,Maharashtra,2025-06-15,Small Business
C01384,Customer 1384,customer1384@example.com,Chennai,Tamil Nadu,2026-01-22,Consumer
C01385,Customer 1385,customer1385@example.com,Jaipur,Rajasthan,2025-01-31,Small Business
C01386,Customer 1386,customer1386@example.com,Panipat,Haryana,2024-07-13,Corporate
C01387,Customer 1387,customer1387@example.com,Kolkata,West Bengal,2025-02-11,Corporate
C01388,Customer 1388,customer1388@example.com,Bengaluru,Karnataka,2025-04-17,Consumer
C01389,Customer 1389,customer1389@example.com,Chennai,Tamil Nadu,2024-10-28,Small Business
C01390,Customer 1390,customer1390@example.com,Panipat,Haryana,2025-12-07,Small Business
C01391,Customer 1391,customer1391@example.com,Mumbai,Maharashtra,2025-04-19,Small Business
C01392,Customer 1392,customer1392@example.com,Kolkata,West Bengal,2024-04-02,Small Business
C01393,Customer 1393,customer1393@example.com,Jaipur,Rajasthan,2024-04-25,Consumer
C01394,Customer 1394,customer1394@example.com,Ahmedabad,Gujarat,2025-12-13,Small Business
C01395,Customer 1395,customer1395@example.com,Mumbai,Maharashtra,2025-02-06,Corporate
C01396,Customer 1396,customer1396@example.com,Hyderabad,Telangana,2025-04-06,Consumer
C01397,Customer 1397,customer1397@example.com,Mumbai,Maharashtra,2025-04-09,Small Business
C01398,Customer 1398,invalid-email-1397,Pune,Maharashtra,2025-04-10,Consumer
C01399,Customer 1399,customer1399@example.com,Bengaluru,Karnataka,2024-11-27,Small Business
C01400,Customer 1400,customer1400@example.com,Mumbai,Maharashtra,2026-01-05,Small Business
C01401,Customer 1401,customer1401@example.com,Delhi,Delhi,2024-04-03,Consumer
C01402,Customer 1402,customer1402@example.com,Kolkata,West Bengal,2025-10-11,Corporate
C01403,Customer 1403,customer1403@example.com,Delhi,Delhi,2025-06-20,Small Business
C01404,Customer 1404,customer1404@example.com,Chennai,Tamil Nadu,2026-01-14,Small Business
C01405,Customer 1405,customer1405@example.com,Ahmedabad,Gujarat,2024-06-12,Corporate
C01406,Customer 1406,customer1406@example.com,Jaipur,Rajasthan,2025-01-24,Consumer
C01407,Customer 1407,customer1407@example.com,Mumbai,Maharashtra,2024-12-09,
C01408,Customer 1408,customer1408@example.com,Mumbai,Maharashtra,2024-06-15,Consumer
C01409,Customer 1409,customer1409@example.com,Mumbai,Maharashtra,2026-02-26,Small Business
C01410,Customer 1410,customer1410@example.com,Panipat,Haryana,2025-03-05,Corporate
C01411,Customer 1411,customer1411@example.com,Bengaluru,Karnataka,2026-01-17,Corporate
C01412,Customer 1412,customer1412@example.com,Bengaluru,Karnataka,2025-10-03,Consumer
C01413,Customer 1413,customer1413@example.com,Delhi,Delhi,2024-05-14,Consumer
C01414,Customer 1414,customer1414@example.com,Panipat,Haryana,2025-09-29,Corporate
C01415,Customer 1415,customer1415@example.com,Panipat,Haryana,2025-04-14,Corporate
C01416,Customer 1416,customer1416@example.com,Kolkata,West Bengal,2025-07-10,Consumer
C01417,Customer 1417,customer1417@example.com,Ahmedabad,Gujarat,2025-05-20,Consumer
C01418,Customer 1418,customer1418@example.com,Pune,Maharashtra,2025-08-25,Small Business
C01419,Customer 1419,customer1419@example.com,Kolkata,West Bengal,2025-04-09,Corporate
C01420,Customer 1420,customer1420@example.com,Kolkata,West Bengal,2024-03-22,Small Business
C01421,Customer 1421,customer1421@example.com,Ahmedabad,Gujarat,2024-01-07,Consumer
C01422,Customer 1422,customer1422@example.com,Jaipur,Rajasthan,2024-10-11,Small Business
C01423,Customer 1423,customer1423@example.com,Jaipur,Rajasthan,2026-04-19,Consumer
C01424,Customer 1424,customer1424@example.com,Panipat,Haryana,2024-07-08,Consumer
C01425,Customer 1425,customer1425@example.com,Panipat,Haryana,2025-10-30,Corporate
C01426,Customer 1426,customer1426@example.com,Panipat,Haryana,2024-05-28,Consumer
C01427,Customer 1427,customer1427@example.com,Ahmedabad,Gujarat,2026-05-08,Small Business
C01428,Customer 1428,customer1428@example.com,Bengaluru,Karnataka,2024-12-05,Consumer
C01429,Customer 1429,customer1429@example.com,Panipat,Haryana,2024-04-21,Corporate
C01430,Customer 1430,customer1430@example.com,Mumbai,Maharashtra,2024-06-14,Small Business
C01431,Customer 1431,customer1431@example.com,Bengaluru,Karnataka,2025-09-17,Small Business
C01432,Customer 1432,customer1432@example.com,Ahmedabad,Gujarat,2025-08-09,Small Business
C01433,Customer 1433,,Mumbai,Maharashtra,2025-04-11,Small Business
C01434,Customer 1434,customer1434@example.com,Ahmedabad,Gujarat,2025-01-03,Consumer
C01435,Customer 1435,customer1435@example.com,Delhi,Delhi,2026-02-25,Corporate
C01436,Customer 1436,customer1436@example.com,Hyderabad,Telangana,2025-01-12,Corporate
C01437,Customer 1437,customer1437@example.com,Delhi,Delhi,2026-02-15,Corporate
C01438,Customer 1438,customer1438@example.com,Jaipur,Rajasthan,2024-03-07,Corporate
C01439,Customer 1439,customer1439@example.com,Kolkata,West Bengal,2024-05-17,Consumer
C01440,Customer 1440,customer1440@example.com,Bengaluru,Karnataka,2024-12-03,Small Business
C01441,Customer 1441,customer1441@example.com,Chennai,Tamil Nadu,2025-06-21,Consumer
C01442,Customer 1442,customer1442@example.com,Pune,Maharashtra,2025-09-18,Consumer
C01443,Customer 1443,customer1443@example.com,Delhi,Delhi,2025-08-08,Small Business
C01444,Customer 1444,customer1444@example.com,Jaipur,Rajasthan,2024-03-30,Corporate
C01445,Customer 1445,customer1445@example.com,Ahmedabad,Gujarat,2026-03-18,Small Business
C01446,Customer 1446,customer1446@example.com,Bengaluru,Karnataka,2025-03-13,Small Business
C01447,Customer 1447,customer1447@example.com,Hyderabad,Telangana,2024-09-22,Small Business
C01448,Customer 1448,customer1448@example.com,Ahmedabad,Gujarat,2025-09-30,Corporate
C01449,Customer 1449,customer1449@example.com,Mumbai,Maharashtra,2025-09-21,Small Business
C01450,Customer 1450,customer1450@example.com,Kolkata,West Bengal,2025-06-16,Small Business
C01451,Customer 1451,customer1451@example.com,Kolkata,West Bengal,2025-05-19,Consumer
C01452,Customer 1452,customer1452@example.com,Ahmedabad,Gujarat,2024-08-26,Small Business
C01453,Customer 1453,customer1453@example.com,Bengaluru,Karnataka,2024-07-17,Consumer
C01454,Customer 1454,customer1454@example.com,Delhi,Delhi,2024-01-25,Corporate
C01455,Customer 1455,customer1455@example.com,Delhi,Delhi,2026-01-25,Consumer
C01456,Customer 1456,customer1456@example.com,Ahmedabad,Gujarat,2025-02-28,Corporate
C01457,Customer 1457,customer1457@example.com,Panipat,Haryana,2024-12-07,Corporate
C01458,Customer 1458,customer1458@example.com,Jaipur,Rajasthan,2026-04-05,Small Business
C01459,Customer 1459,customer1459@example.com,Pune,Maharashtra,2024-01-12,Small Business
C01460,Customer 1460,customer1460@example.com,Pune,Maharashtra,2025-12-07,Corporate
C01461,Customer 1461,customer1461@example.com,Bengaluru,Karnataka,2026-03-20,Consumer
C01462,Customer 1462,customer1462@example.com,Bengaluru,Karnataka,2024-11-03,Small Business
C01463,Customer 1463,customer1463@example.com,Jaipur,Rajasthan,2024-11-27,Consumer
C01464,Customer 1464,customer1464@example.com,Delhi,Delhi,2025-12-03,Corporate
C01465,Customer 1465,customer1465@example.com,Hyderabad,Telangana,2025-02-09,Small Business
C01466,Customer 1466,customer1466@example.com,Ahmedabad,Gujarat,2025-09-22,Consumer
C01467,Customer 1467,customer1467@example.com,Mumbai,Maharashtra,2024-07-17,Corporate
C01468,Customer 1468,customer1468@example.com,Hyderabad,Telangana,2025-11-19,Corporate
C01469,Customer 1469,customer1469@example.com,Kolkata,West Bengal,2026-03-27,Consumer
C01470,Customer 1470,customer1470@example.com,Mumbai,Maharashtra,2025-05-08,Consumer
C01471,Customer 1471,customer1471@example.com,Kolkata,West Bengal,2026-06-04,Small Business
C01472,Customer 1472,customer1472@example.com,Hyderabad,Telangana,2025-04-18,Corporate
C01473,Customer 1473,customer1473@example.com,Panipat,Haryana,2026-05-05,Small Business
C01474,Customer 1474,customer1474@example.com,Bengaluru,Karnataka,2025-08-01,Small Business
C01475,Customer 1475,customer1475@example.com,Hyderabad,Telangana,2025-07-22,Small Business
C01476,Customer 1476,customer1476@example.com,Panipat,Haryana,2024-08-01,Small Business
C01477,Customer 1477,customer1477@example.com,Hyderabad,Telangana,2026-03-29,Corporate
C01478,Customer 1478,customer1478@example.com,Delhi,Delhi,2024-06-01,Corporate
C01479,Customer 1479,customer1479@example.com,Panipat,Haryana,2024-12-13,Corporate
C01480,Customer 1480,customer1480@example.com,Jaipur,Rajasthan,2026-05-12,Consumer
C01481,Customer 1481,customer1481@example.com,Ahmedabad,Gujarat,2025-09-12,Corporate
C01482,Customer 1482,customer1482@example.com,Mumbai,Maharashtra,2025-09-01,Consumer
C01483,Customer 1483,customer1483@example.com,Bengaluru,Karnataka,2025-12-23,Corporate
C01484,Customer 1484,customer1484@example.com,Panipat,Haryana,2024-10-05,Corporate
C01485,Customer 1485,customer1485@example.com,Delhi,Delhi,2025-05-23,Consumer
C01486,Customer 1486,customer1486@example.com,Hyderabad,Telangana,2025-04-07,Corporate
C01487,Customer 1487,customer1487@example.com,Pune,Maharashtra,2025-06-21,Corporate
C01488,Customer 1488,customer1488@example.com,Mumbai,Maharashtra,2024-04-24,Corporate
C01489,Customer 1489,customer1489@example.com,Panipat,Haryana,2026-03-07,Consumer
C01490,Customer 1490,customer1490@example.com,Delhi,Delhi,2025-03-30,Small Business
C01491,Customer 1491,customer1491@example.com,Panipat,Haryana,2026-03-29,Corporate
C01492,Customer 1492,customer1492@example.com,Jaipur,Rajasthan,2024-06-06,Consumer
C01493,Customer 1493,customer1493@example.com,Hyderabad,Telangana,2025-05-10,Small Business
C01494,Customer 1494,customer1494@example.com,Jaipur,Rajasthan,2024-11-13,Corporate
C01495,Customer 1495,customer1495@example.com,Mumbai,Maharashtra,2026-02-26,Consumer
C01496,Customer 1496,customer1496@example.com,Jaipur,Rajasthan,2025-11-23,Consumer
C01497,Customer 1497,customer1497@example.com,Pune,Maharashtra,2026-01-11,Consumer
C01498,Customer 1498,customer1498@example.com,Kolkata,West Bengal,2025-01-31,Small Business
C01499,Customer 1499,customer1499@example.com,Jaipur,Rajasthan,2024-04-28,Consumer
C01500,Customer 1500,customer1500@example.com,Bengaluru,Karnataka,2024-02-15,Small Business
C01501,Customer 1501,customer1501@example.com,Ahmedabad,Gujarat,2026-06-11,Consumer
C01502,Customer 1502,customer1502@example.com,Hyderabad,Telangana,2025-04-23,Consumer
C01503,Customer 1503,customer1503@example.com,Delhi,Delhi,2025-06-17,Small Business
C01504,Customer 1504,customer1504@example.com,Bengaluru,Karnataka,2024-01-24,
C01505,Customer 1505,customer1505@example.com,Bengaluru,Karnataka,2025-10-16,Consumer
C01506,Customer 1506,customer1506@example.com,Hyderabad,Telangana,2024-07-24,Consumer
C01507,Customer 1507,customer1507@example.com,Bengaluru,Karnataka,2024-10-10,Small Business
C01508,Customer 1508,customer1508@example.com,Hyderabad,Telangana,2026-03-02,Corporate
C01509,Customer 1509,customer1509@example.com,Delhi,Delhi,2024-10-06,Consumer
C01510,Customer 1510,customer1510@example.com,Mumbai,Maharashtra,2024-10-07,Consumer
C01511,Customer 1511,customer1511@example.com,PANIPAT,Haryana,2025-09-29,Small Business
C01512,Customer 1512,customer1512@example.com,Jaipur,Rajasthan,2024-04-14,
C01513,Customer 1513,customer1513@example.com,Jaipur,Rajasthan,2024-12-24,Small Business
C01514,Customer 1514,customer1514@example.com,Hyderabad,Telangana,2024-10-04,Consumer
C01515,Customer 1515,customer1515@example.com,Bengaluru,Karnataka,2025-08-10,Consumer
C01516,Customer 1516,customer1516@example.com,Mumbai,Maharashtra,2024-03-13,Corporate
C01517,Customer 1517,invalid-email-1516,Ahmedabad,Gujarat,2024-12-12,Small Business
C01518,Customer 1518,customer1518@example.com,Kolkata,West Bengal,2024-02-21,Consumer
C01519,Customer 1519,customer1519@example.com,Panipat,Haryana,2025-04-27,Small Business
C01520,Customer 1520,customer1520@example.com,Panipat,Haryana,2024-04-18,Corporate
C01521,Customer 1521,customer1521@example.com,Panipat,Haryana,2024-03-29,Corporate
C01522,Customer 1522,customer1522@example.com,Chennai,Tamil Nadu,2024-07-02,Small Business
C01523,Customer 1523,customer1523@example.com,Ahmedabad,Gujarat,2025-08-29,Small Business
C01524,Customer 1524,customer1524@example.com,Kolkata,West Bengal,2025-09-23,Corporate
C01525,Customer 1525,customer1525@example.com,Bengaluru,Karnataka,2024-12-06,Consumer
C01526,Customer 1526,customer1526@example.com,Jaipur,Rajasthan,2024-03-21,Corporate
C01527,Customer 1527,customer1527@example.com,Ahmedabad,Gujarat,2024-05-14,Consumer
C01528,Customer 1528,customer1528@example.com,Kolkata,West Bengal,2024-04-09,Corporate
C01529,Customer 1529,customer1529@example.com,Bengaluru,Karnataka,2025-12-01,Small Business
C01530,Customer 1530,customer1530@example.com,Kolkata,West Bengal,2025-04-26,Consumer
C01531,Customer 1531,customer1531@example.com,Pune,Maharashtra,2024-05-27,Small Business
C01532,Customer 1532,customer1532@example.com,Bengaluru,Karnataka,2025-01-07,Corporate
C01533,Customer 1533,customer1533@example.com,Mumbai,Maharashtra,2025-12-17,Small Business
C01534,Customer 1534,customer1534@example.com,Hyderabad,Telangana,2026-03-18,Corporate
C01535,Customer 1535,customer1535@example.com,Kolkata,West Bengal,2025-05-14,Consumer
C01536,Customer 1536,customer1536@example.com,Delhi,Delhi,2025-05-01,Consumer
C01537,Customer 1537,customer1537@example.com,Hyderabad,Telangana,2025-05-05,Corporate
C01538,Customer 1538,customer1538@example.com,Mumbai,Maharashtra,2024-10-16,Corporate
C01539,Customer 1539,customer1539@example.com,Ahmedabad,Gujarat,2025-08-11,Consumer
C01540,Customer 1540,customer1540@example.com,Jaipur,Rajasthan,2024-04-15,Corporate
C01541,Customer 1541,customer1541@example.com,Delhi,Delhi,2024-11-29,Small Business
C01542,Customer 1542,customer1542@example.com,Delhi,Delhi,2026-03-22,Corporate
C01543,Customer 1543,customer1543@example.com,Jaipur,Rajasthan,2025-04-17,Corporate
C01544,Customer 1544,customer1544@example.com,Ahmedabad,Gujarat,2025-02-27,Consumer
C01545,Customer 1545,customer1545@example.com,Ahmedabad,Gujarat,2024-09-06,Small Business
C01546,Customer 1546,customer1546@example.com,Mumbai,Maharashtra,2025-05-08,Corporate
C01547,Customer 1547,customer1547@example.com,Delhi,Delhi,2024-12-14,Consumer
C01548,Customer 1548,customer1548@example.com,Ahmedabad,Gujarat,2025-03-17,Corporate
C01549,Customer 1549,customer1549@example.com,Ahmedabad,Gujarat,2026-03-17,Corporate
C01550,Customer 1550,customer1550@example.com,Jaipur,Rajasthan,2025-12-11,Consumer
C01551,Customer 1551,customer1551@example.com,Mumbai,Maharashtra,2025-11-09,Small Business
C01552,Customer 1552,customer1552@example.com,Delhi,Delhi,2026-01-27,Small Business
C01553,Customer 1553,customer1553@example.com,Ahmedabad,Gujarat,2026-05-06,Corporate
C01554,Customer 1554,customer1554@example.com,Delhi,Delhi,2025-08-29,Small Business
C01555,Customer 1555,customer1555@example.com,Kolkata,West Bengal,2024-11-29,Small Business
C01556,Customer 1556,customer1556@example.com,Delhi,Delhi,2026-04-21,Corporate
C01557,Customer 1557,customer1557@example.com,Mumbai,Maharashtra,2024-11-11,Corporate
C01558,Customer 1558,customer1558@example.com,Delhi,Delhi,2025-09-04,Consumer
C01559,Customer 1559,customer1559@example.com,Ahmedabad,Gujarat,2026-02-28,Corporate
C01560,Customer 1560,customer1560@example.com,Hyderabad,Telangana,2025-05-21,Small Business
C01561,Customer 1561,customer1561@example.com,Panipat,Haryana,2024-04-02,Consumer
C01562,Customer 1562,customer1562@example.com,Mumbai,Maharashtra,2025-08-17,Small Business
C01563,Customer 1563,customer1563@example.com,Panipat,Haryana,2026-02-14,Consumer
C01564,Customer 1564,customer1564@example.com,Mumbai,Maharashtra,2025-04-08,Small Business
C01565,Customer 1565,customer1565@example.com,Bengaluru,Karnataka,2025-02-03,Small Business
C01566,Customer 1566,customer1566@example.com,Ahmedabad,Gujarat,2025-04-02,Consumer
C01567,Customer 1567,customer1567@example.com,Pune,Maharashtra,2025-11-28,Corporate
C01568,Customer 1568,customer1568@example.com,Bengaluru,Karnataka,2025-08-06,Small Business
C01569,Customer 1569,customer1569@example.com,Bengaluru,Karnataka,2025-03-21,Small Business
C01570,Customer 1570,customer1570@example.com,Hyderabad,Telangana,2024-04-01,Small Business
C01571,Customer 1571,customer1571@example.com,Panipat,Haryana,2025-09-18,Small Business
C01572,Customer 1572,customer1572@example.com,Chennai,Tamil Nadu,2026-05-17,Consumer
C01573,Customer 1573,customer1573@example.com,Bengaluru,Karnataka,2024-03-04,Corporate
C01574,Customer 1574,customer1574@example.com,Jaipur,Rajasthan,2024-02-24,Consumer
C01575,Customer 1575,customer1575@example.com,Jaipur,Rajasthan,2026-04-20,Corporate
C01576,Customer 1576,customer1576@example.com,Delhi,Delhi,2026-05-31,Corporate
C01577,Customer 1577,customer1577@example.com,Panipat,Haryana,2024-08-28,Corporate
C01578,Customer 1578,customer1578@example.com,Ahmedabad,Gujarat,2025-02-07,Small Business
C01579,Customer 1579,customer1579@example.com,Hyderabad,Telangana,2025-12-29,Corporate
C01580,Customer 1580,customer1580@example.com,Chennai,Tamil Nadu,2025-01-25,Corporate
C01581,Customer 1581,customer1581@example.com,Jaipur,Rajasthan,2024-08-04,Small Business
C01582,Customer 1582,customer1582@example.com,MUMBAI,Maharashtra,2025-05-01,Consumer
C01583,Customer 1583,customer1583@example.com,Pune,Maharashtra,2025-07-22,Corporate
C01584,Customer 1584,customer1584@example.com,Hyderabad,Telangana,2026-05-10,Corporate
C01585,Customer 1585,customer1585@example.com,Mumbai,Maharashtra,2024-10-22,Small Business
C01586,Customer 1586,customer1586@example.com,Mumbai,Maharashtra,2024-05-17,Consumer
C01587,Customer 1587,customer1587@example.com,Delhi,Delhi,2025-10-25,Consumer
C01588,Customer 1588,customer1588@example.com,Mumbai,Maharashtra,2026-01-08,Corporate
C01589,Customer 1589,customer1589@example.com,Chennai,Tamil Nadu,2024-05-19,Consumer
C01590,Customer 1590,customer1590@example.com,Mumbai,Maharashtra,2025-10-19,Corporate
C01591,Customer 1591,customer1591@example.com,Kolkata,West Bengal,2026-03-18,Small Business
C01592,Customer 1592,customer1592@example.com,Ahmedabad,Gujarat,2025-03-11,Small Business
C01593,Customer 1593,customer1593@example.com,Mumbai,Maharashtra,2025-04-10,Small Business
C01594,Customer 1594,customer1594@example.com,Chennai,Tamil Nadu,2025-07-19,Corporate
C01595,Customer 1595,customer1595@example.com,Chennai,Tamil Nadu,2024-12-29,Consumer
C01596,Customer 1596,customer1596@example.com,Mumbai,Maharashtra,2025-03-10,Small Business
C01597,Customer 1597,customer1597@example.com,Panipat,Haryana,2025-08-14,Corporate
C01598,Customer 1598,customer1598@example.com,Pune,Maharashtra,2025-12-30,Small Business
C01599,Customer 1599,customer1599@example.com,Bengaluru,Karnataka,2025-02-24,Small Business
C01600,Customer 1600,customer1600@example.com,Ahmedabad,Gujarat,2025-01-10,Consumer
C01601,Customer 1601,customer1601@example.com,Panipat,Haryana,2025-08-04,Corporate
C01602,Customer 1602,customer1602@example.com,Hyderabad,Telangana,2024-04-25,Small Business
C01603,Customer 1603,customer1603@example.com,Kolkata,West Bengal,2025-12-08,Consumer
C01604,Customer 1604,customer1604@example.com,Mumbai,Maharashtra,2026-01-17,Small Business
C01605,Customer 1605,customer1605@example.com,Jaipur,Rajasthan,2026-05-29,Corporate
C01606,Customer 1606,customer1606@example.com,Kolkata,West Bengal,2025-06-13,Consumer
C01607,Customer 1607,customer1607@example.com,Jaipur,Rajasthan,2025-09-16,Consumer
C01608,Customer 1608,customer1608@example.com,Pune,Maharashtra,2025-04-28,Small Business
C01609,Customer 1609,customer1609@example.com,Delhi,Delhi,2025-12-01,Small Business
C01610,Customer 1610,customer1610@example.com,Jaipur,Rajasthan,2026-03-28,Small Business
C01611,Customer 1611,customer1611@example.com,Bengaluru,Karnataka,2025-09-19,Consumer
C01612,Customer 1612,customer1612@example.com,Hyderabad,Telangana,2025-07-01,Consumer
C01613,Customer 1613,customer1613@example.com,Kolkata,West Bengal,2025-04-09,Small Business
C01614,Customer 1614,customer1614@example.com,Kolkata,West Bengal,2025-08-10,Small Business
C01615,Customer 1615,customer1615@example.com,Hyderabad,Telangana,2025-03-07,Corporate
C01616,Customer 1616,customer1616@example.com,Bengaluru,Karnataka,2024-10-23,Consumer
C01617,Customer 1617,customer1617@example.com,Panipat,Haryana,2025-12-12,Small Business
C01618,Customer 1618,customer1618@example.com,Bengaluru,Karnataka,2026-01-14,Small Business
C01619,Customer 1619,customer1619@example.com,Bengaluru,Karnataka,2024-03-03,Small Business
C01620,Customer 1620,customer1620@example.com,Kolkata,West Bengal,2025-08-15,Consumer
C01621,Customer 1621,customer1621@example.com,Ahmedabad,Gujarat,2024-02-22,Small Business
C01622,Customer 1622,customer1622@example.com,Bengaluru,Karnataka,2026-04-08,Small Business
C01623,Customer 1623,customer1623@example.com,Ahmedabad,Gujarat,2024-01-28,Corporate
C01624,Customer 1624,customer1624@example.com,Kolkata,West Bengal,2024-03-25,Consumer
C01625,Customer 1625,customer1625@example.com,Jaipur,Rajasthan,2024-03-19,Corporate
C01626,Customer 1626,customer1626@example.com,Bengaluru,Karnataka,2024-05-15,Small Business
C01627,Customer 1627,customer1627@example.com,Bengaluru,Karnataka,2024-10-08,Corporate
C01628,Customer 1628,customer1628@example.com,Panipat,Haryana,2026-01-29,Consumer
C01629,Customer 1629,customer1629@example.com,Ahmedabad,Gujarat,2024-06-27,Small Business
C01630,Customer 1630,customer1630@example.com,Mumbai,Maharashtra,2025-11-05,Corporate
C01631,Customer 1631,customer1631@example.com,Hyderabad,Telangana,2026-04-07,Consumer
C01632,Customer 1632,customer1632@example.com,Bengaluru,Karnataka,2026-03-12,Small Business
C01633,Customer 1633,customer1633@example.com,Pune,Maharashtra,2025-05-11,Consumer
C01634,Customer 1634,customer1634@example.com,Jaipur,Rajasthan,2026-06-01,Consumer
C01635,Customer 1635,,Hyderabad,Telangana,2024-03-27,Consumer
C01636,Customer 1636,customer1636@example.com,AHMEDABAD,Gujarat,2026-04-21,Consumer
C01637,Customer 1637,customer1637@example.com,Kolkata,West Bengal,2026-02-09,Corporate
C01638,Customer 1638,customer1638@example.com,Chennai,Tamil Nadu,2024-08-31,Small Business
C01639,Customer 1639,customer1639@example.com,Kolkata,West Bengal,2026-01-13,Small Business
C01640,Customer 1640,customer1640@example.com,Mumbai,Maharashtra,2024-08-03,Small Business
C01641,Customer 1641,customer1641@example.com,Hyderabad,Telangana,2024-02-25,Small Business
C01642,Customer 1642,customer1642@example.com,Bengaluru,Karnataka,2026-02-12,Consumer
C01643,Customer 1643,customer1643@example.com,Panipat,Haryana,2024-06-20,Corporate
C01644,Customer 1644,customer1644@example.com,Chennai,Tamil Nadu,2025-05-02,Corporate
C01645,Customer 1645,customer1645@example.com,Kolkata,West Bengal,2026-02-03,Small Business
C01646,Customer 1646,customer1646@example.com,Pune,Maharashtra,2025-01-23,Small Business
C01647,Customer 1647,customer1647@example.com,Chennai,Tamil Nadu,2025-04-30,Corporate
C01648,Customer 1648,customer1648@example.com,Mumbai,Maharashtra,2025-06-27,Corporate
C01649,Customer 1649,customer1649@example.com,Panipat,Haryana,2024-10-22,Corporate
C01650,Customer 1650,customer1650@example.com,Chennai,Tamil Nadu,2025-11-25,Corporate
C01651,Customer 1651,customer1651@example.com,Jaipur,Rajasthan,2025-11-30,Consumer
C01652,Customer 1652,customer1652@example.com,Delhi,Delhi,2025-06-28,Small Business
C01653,Customer 1653,customer1653@example.com,Hyderabad,Telangana,2026-05-14,Corporate
C01654,Customer 1654,customer1654@example.com,Ahmedabad,Gujarat,2025-10-29,Corporate
C01655,Customer 1655,customer1655@example.com,Hyderabad,Telangana,2024-10-03,Corporate
C01656,Customer 1656,customer1656@example.com,Delhi,Delhi,2024-09-18,Small Business
C01657,Customer 1657,customer1657@example.com,Ahmedabad,Gujarat,2025-02-04,Corporate
C01658,Customer 1658,customer1658@example.com,Pune,Maharashtra,2026-01-21,Small Business
C01659,Customer 1659,customer1659@example.com,Ahmedabad,Gujarat,2026-02-27,Consumer
C01660,Customer 1660,customer1660@example.com,Jaipur,Rajasthan,2024-12-11,Small Business
C01661,Customer 1661,customer1661@example.com,Mumbai,Maharashtra,2024-11-16,Small Business
C01662,Customer 1662,customer1662@example.com,Panipat,Haryana,2025-11-19,Consumer
C01663,Customer 1663,customer1663@example.com,Delhi,Delhi,2024-01-13,Corporate
C01664,Customer 1664,customer1664@example.com,Delhi,Delhi,2025-06-21,Consumer
C01665,Customer 1665,customer1665@example.com,Kolkata,West Bengal,2024-12-25,Consumer
C01666,Customer 1666,customer1666@example.com,Bengaluru,Karnataka,2024-09-14,Consumer
C01667,Customer 1667,customer1667@example.com,Panipat,Haryana,2024-01-25,
C01668,Customer 1668,customer1668@example.com,Delhi,Delhi,2024-02-28,Small Business
C01669,Customer 1669,customer1669@example.com,Pune,Maharashtra,2025-09-05,Small Business
C01670,Customer 1670,,Delhi,Delhi,2025-12-26,Consumer
C01671,Customer 1671,customer1671@example.com,Delhi,Delhi,2026-05-26,Small Business
C01672,Customer 1672,customer1672@example.com,Mumbai,Maharashtra,2025-01-19,Small Business
C01673,Customer 1673,customer1673@example.com,Ahmedabad,Gujarat,2026-04-02,Consumer
C01674,Customer 1674,customer1674@example.com,Delhi,Delhi,2025-12-13,Consumer
C01675,Customer 1675,customer1675@example.com,Bengaluru,Karnataka,2024-10-28,Corporate
C01676,Customer 1676,customer1676@example.com,Delhi,Delhi,2025-10-16,Corporate
C01677,Customer 1677,customer1677@example.com,Bengaluru,Karnataka,2026-02-26,Corporate
C01678,Customer 1678,customer1678@example.com,Hyderabad,Telangana,2024-09-20,Consumer
C01679,Customer 1679,customer1679@example.com,Delhi,Delhi,2024-10-10,Consumer
C01680,Customer 1680,customer1680@example.com,Chennai,Tamil Nadu,2025-02-01,Corporate
C01681,Customer 1681,customer1681@example.com,Panipat,Haryana,2024-09-21,Corporate
C01682,Customer 1682,customer1682@example.com,Mumbai,Maharashtra,2025-03-27,Consumer
C01683,Customer 1683,customer1683@example.com,Kolkata,West Bengal,2024-07-24,Small Business
C01684,Customer 1684,,Chennai,Tamil Nadu,2024-07-01,Small Business
C01685,Customer 1685,customer1685@example.com,Kolkata,West Bengal,2024-04-21,Consumer
C01686,Customer 1686,customer1686@example.com,Jaipur,Rajasthan,2026-02-26,Corporate
C01687,Customer 1687,customer1687@example.com,Pune,Maharashtra,2025-09-20,Small Business
C01688,Customer 1688,customer1688@example.com,Delhi,Delhi,2025-03-28,Small Business
C01689,Customer 1689,customer1689@example.com,Bengaluru,Karnataka,2024-04-15,Consumer
C01690,Customer 1690,customer1690@example.com,Delhi,Delhi,2024-03-13,Small Business
C01691,Customer 1691,customer1691@example.com,Bengaluru,Karnataka,2026-03-06,Corporate
C01692,Customer 1692,customer1692@example.com,Panipat,Haryana,2025-05-24,Consumer
C01693,Customer 1693,customer1693@example.com,Panipat,Haryana,2024-02-08,Small Business
C01694,Customer 1694,customer1694@example.com,Chennai,Tamil Nadu,2024-09-29,Consumer
C01695,Customer 1695,customer1695@example.com,Hyderabad,Telangana,2025-02-04,Small Business
C01696,Customer 1696,customer1696@example.com,Panipat,Haryana,2025-06-11,Small Business
C01697,Customer 1697,customer1697@example.com,Kolkata,West Bengal,2025-05-04,Corporate
C01698,Customer 1698,customer1698@example.com,Chennai,Tamil Nadu,2026-05-14,Small Business
C01699,Customer 1699,customer1699@example.com,Delhi,Delhi,2025-07-07,Consumer
C01700,Customer 1700,customer1700@example.com,Panipat,Haryana,2025-01-28,Small Business
C01701,Customer 1701,customer1701@example.com,Kolkata,West Bengal,2024-05-04,Small Business
C01702,Customer 1702,customer1702@example.com,Jaipur,Rajasthan,2025-01-02,Corporate
C01703,Customer 1703,customer1703@example.com,Bengaluru,Karnataka,2025-02-14,Consumer
C01704,Customer 1704,customer1704@example.com,Delhi,Delhi,2025-01-09,Small Business
C01705,Customer 1705,customer1705@example.com,Hyderabad,Telangana,2024-03-23,Corporate
C01706,Customer 1706,customer1706@example.com,Bengaluru,Karnataka,2025-10-25,Consumer
C01707,Customer 1707,customer1707@example.com,Mumbai,Maharashtra,2025-07-21,Consumer
C01708,Customer 1708,customer1708@example.com,Chennai,Tamil Nadu,2025-11-07,Consumer
C01709,Customer 1709,customer1709@example.com,Bengaluru,Karnataka,2025-12-13,Corporate
C01710,Customer 1710,customer1710@example.com,Delhi,Delhi,2025-10-07,Small Business
C01711,Customer 1711,customer1711@example.com,Hyderabad,Telangana,2025-05-13,Consumer
C01712,Customer 1712,customer1712@example.com,Kolkata,West Bengal,2026-01-22,Consumer
C01713,Customer 1713,customer1713@example.com,Mumbai,Maharashtra,2024-02-06,Consumer
C01714,Customer 1714,customer1714@example.com,Panipat,Haryana,2026-01-07,Small Business
C01715,Customer 1715,customer1715@example.com,Pune,Maharashtra,2025-05-15,Corporate
C01716,Customer 1716,customer1716@example.com,Delhi,Delhi,2026-03-22,Small Business
C01717,Customer 1717,customer1717@example.com,Bengaluru,Karnataka,2025-05-26,Small Business
C01718,Customer 1718,customer1718@example.com,Kolkata,West Bengal,2024-01-17,Consumer
C01719,Customer 1719,customer1719@example.com,Hyderabad,Telangana,2024-02-27,Corporate
C01720,Customer 1720,customer1720@example.com,Panipat,Haryana,2025-02-19,Consumer
C01721,Customer 1721,customer1721@example.com,Pune,Maharashtra,2026-04-06,Small Business
C01722,Customer 1722,customer1722@example.com,Jaipur,Rajasthan,2025-04-14,Small Business
C01723,Customer 1723,customer1723@example.com,Jaipur,Rajasthan,2024-06-01,Small Business
C01724,Customer 1724,customer1724@example.com,Ahmedabad,Gujarat,2024-08-26,Consumer
C01725,Customer 1725,customer1725@example.com,Panipat,Haryana,2026-01-23,Consumer
C01726,Customer 1726,customer1726@example.com,Kolkata,West Bengal,2025-10-31,Consumer
C01727,Customer 1727,customer1727@example.com,Kolkata,West Bengal,2025-09-25,Consumer
C01728,Customer 1728,customer1728@example.com,Pune,Maharashtra,2025-12-19,Small Business
C01729,Customer 1729,customer1729@example.com,Mumbai,Maharashtra,2024-01-15,Consumer
C01730,Customer 1730,customer1730@example.com,Panipat,Haryana,2024-11-10,Consumer
C01731,Customer 1731,customer1731@example.com,Kolkata,West Bengal,2025-09-17,Consumer
C01732,Customer 1732,customer1732@example.com,Ahmedabad,Gujarat,2024-03-06,Consumer
C01733,Customer 1733,customer1733@example.com,Delhi,Delhi,2025-05-24,Small Business
C01734,Customer 1734,customer1734@example.com,Ahmedabad,Gujarat,2024-08-13,Consumer
C01735,Customer 1735,customer1735@example.com,Pune,Maharashtra,2025-03-12,Corporate
C01736,Customer 1736,customer1736@example.com,Chennai,Tamil Nadu,2024-11-28,Consumer
C01737,Customer 1737,customer1737@example.com,Ahmedabad,Gujarat,2025-07-12,Consumer
C01738,Customer 1738,customer1738@example.com,Hyderabad,Telangana,2026-05-06,Consumer
C01739,Customer 1739,customer1739@example.com,Panipat,Haryana,2025-08-30,Consumer
C01740,Customer 1740,customer1740@example.com,Hyderabad,Telangana,2024-03-05,Consumer
C01741,Customer 1741,customer1741@example.com,Bengaluru,Karnataka,2024-05-24,Corporate
C01742,Customer 1742,customer1742@example.com,Mumbai,Maharashtra,2025-12-14,Corporate
C01743,Customer 1743,customer1743@example.com,Jaipur,Rajasthan,2024-06-17,Corporate
C01744,Customer 1744,customer1744@example.com,Pune,Maharashtra,2025-08-18,Consumer
C01745,Customer 1745,,Mumbai,Maharashtra,2024-04-12,Small Business
C01746,Customer 1746,customer1746@example.com,Ahmedabad,Gujarat,2025-01-20,Consumer
C01747,Customer 1747,customer1747@example.com,Panipat,Haryana,2026-06-19,Corporate
C01748,Customer 1748,customer1748@example.com,Delhi,Delhi,2024-01-07,Consumer
C01749,Customer 1749,customer1749@example.com,Mumbai,Maharashtra,2024-04-01,Small Business
C01750,Customer 1750,customer1750@example.com,Ahmedabad,Gujarat,2024-10-17,Corporate
C01751,Customer 1751,customer1751@example.com,Kolkata,West Bengal,2025-12-09,Consumer
C01752,Customer 1752,customer1752@example.com,Pune,Maharashtra,2024-05-26,Small Business
C01753,Customer 1753,customer1753@example.com,Bengaluru,Karnataka,2025-06-19,Corporate
C01754,Customer 1754,customer1754@example.com,Chennai,Tamil Nadu,2024-09-01,Consumer
C01755,Customer 1755,customer1755@example.com,Ahmedabad,Gujarat,2025-12-09,Consumer
C01756,Customer 1756,customer1756@example.com,Ahmedabad,Gujarat,2024-07-03,Small Business
C01757,Customer 1757,customer1757@example.com,Kolkata,West Bengal,2025-09-18,Consumer
C01758,Customer 1758,customer1758@example.com,Bengaluru,Karnataka,2024-12-22,Corporate
C01759,Customer 1759,customer1759@example.com,Panipat,Haryana,2025-07-25,Consumer
C01760,Customer 1760,customer1760@example.com,Pune,Maharashtra,2024-04-30,Small Business
C01761,Customer 1761,customer1761@example.com,Delhi,Delhi,2025-09-25,Corporate
C01762,Customer 1762,customer1762@example.com,Jaipur,Rajasthan,2025-06-03,Consumer
C01763,Customer 1763,customer1763@example.com,Kolkata,West Bengal,2026-02-27,Small Business
C01764,Customer 1764,customer1764@example.com,Pune,Maharashtra,2024-10-10,Consumer
C01765,Customer 1765,customer1765@example.com,Pune,Maharashtra,2024-04-25,Consumer
C01766,Customer 1766,customer1766@example.com,Kolkata,West Bengal,2025-05-24,Consumer
C01767,Customer 1767,customer1767@example.com,Mumbai,Maharashtra,2025-11-17,Consumer
C01768,Customer 1768,customer1768@example.com,Panipat,Haryana,2025-10-22,Corporate
C01769,Customer 1769,customer1769@example.com,Bengaluru,Karnataka,2024-08-02,
C01770,Customer 1770,customer1770@example.com,Bengaluru,Karnataka,2024-12-08,Small Business
C01771,Customer 1771,customer1771@example.com,Kolkata,West Bengal,2024-02-14,Consumer
C01772,Customer 1772,customer1772@example.com,Panipat,Haryana,2025-07-04,Consumer
C01773,Customer 1773,customer1773@example.com,Mumbai,Maharashtra,2026-03-15,Consumer
C01774,Customer 1774,customer1774@example.com,Kolkata,West Bengal,2025-06-11,Consumer
C01775,Customer 1775,customer1775@example.com,Delhi,Delhi,2024-08-28,Small Business
C01776,Customer 1776,customer1776@example.com,Kolkata,West Bengal,2025-08-29,Small Business
C01777,Customer 1777,customer1777@example.com,Hyderabad,Telangana,2025-03-05,Consumer
C01778,Customer 1778,customer1778@example.com,Hyderabad,Telangana,2024-08-23,Consumer
C01779,Customer 1779,customer1779@example.com,Hyderabad,Telangana,2024-08-21,Consumer
C01780,Customer 1780,customer1780@example.com,Pune,Maharashtra,2026-01-25,Corporate
C01781,Customer 1781,customer1781@example.com,Pune,Maharashtra,2025-01-19,Consumer
C01782,Customer 1782,customer1782@example.com,Delhi,Delhi,2025-04-27,Small Business
C01783,Customer 1783,customer1783@example.com,Kolkata,West Bengal,2024-02-25,Corporate
C01784,Customer 1784,customer1784@example.com,Mumbai,Maharashtra,2024-08-09,Small Business
C01785,Customer 1785,customer1785@example.com,Kolkata,West Bengal,2024-07-01,Corporate
C01786,Customer 1786,customer1786@example.com,Hyderabad,Telangana,2024-05-19,Corporate
C01787,Customer 1787,customer1787@example.com,Pune,Maharashtra,2025-10-09,Corporate
C01788,Customer 1788,customer1788@example.com,Bengaluru,Karnataka,2024-07-26,Corporate
C01789,Customer 1789,customer1789@example.com,Mumbai,Maharashtra,2024-02-02,Small Business
C01790,Customer 1790,customer1790@example.com,Ahmedabad,Gujarat,2024-03-02,Corporate
C01791,Customer 1791,customer1791@example.com,Mumbai,Maharashtra,2024-04-23,Corporate
C01792,Customer 1792,customer1792@example.com,Kolkata,West Bengal,2025-03-04,Consumer
C01793,Customer 1793,customer1793@example.com,Hyderabad,Telangana,2024-08-13,Corporate
C01794,Customer 1794,customer1794@example.com,Ahmedabad,Gujarat,2024-06-09,Small Business
C01795,Customer 1795,customer1795@example.com,Ahmedabad,Gujarat,2024-06-23,Small Business
C01796,Customer 1796,customer1796@example.com,Jaipur,Rajasthan,2026-05-25,Consumer
C01797,Customer 1797,customer1797@example.com,Delhi,Delhi,2025-02-25,Small Business
C01798,Customer 1798,customer1798@example.com,Kolkata,West Bengal,2026-06-01,Consumer
C01799,Customer 1799,customer1799@example.com,Ahmedabad,Gujarat,2025-04-29,Corporate
C01800,Customer 1800,customer1800@example.com,Bengaluru,Karnataka,2024-01-15,Small Business
C01801,Customer 1801,customer1801@example.com,Chennai,Tamil Nadu,2026-01-23,Consumer
C01802,Customer 1802,customer1802@example.com,Pune,Maharashtra,2024-12-01,Corporate
C01803,Customer 1803,customer1803@example.com,Ahmedabad,Gujarat,2024-08-15,Small Business
C01804,Customer 1804,customer1804@example.com,Mumbai,Maharashtra,2025-08-10,Consumer
C01805,Customer 1805,customer1805@example.com,Chennai,Tamil Nadu,2024-02-15,Consumer
C01806,Customer 1806,customer1806@example.com,Kolkata,West Bengal,2026-01-21,Small Business
C01807,Customer 1807,customer1807@example.com,Panipat,Haryana,2025-03-11,Small Business
C01808,Customer 1808,customer1808@example.com,Chennai,Tamil Nadu,2025-05-05,Small Business
C01809,Customer 1809,customer1809@example.com,Delhi,Delhi,2025-04-08,Corporate
C01810,Customer 1810,customer1810@example.com,Pune,Maharashtra,2024-03-26,Small Business
C01811,Customer 1811,customer1811@example.com,Panipat,Haryana,2025-12-10,Small Business
C01812,Customer 1812,customer1812@example.com,Chennai,Tamil Nadu,2024-08-11,Consumer
C01813,Customer 1813,customer1813@example.com,Hyderabad,Telangana,2024-10-29,Consumer
C01814,Customer 1814,customer1814@example.com,Delhi,Delhi,2024-01-17,Corporate
C01815,Customer 1815,customer1815@example.com,Bengaluru,Karnataka,2024-06-14,Small Business
C01816,Customer 1816,customer1816@example.com,Kolkata,West Bengal,2026-05-28,Small Business
C01817,Customer 1817,customer1817@example.com,Ahmedabad,Gujarat,2024-01-25,Corporate
C01818,Customer 1818,customer1818@example.com,Kolkata,West Bengal,2026-03-01,Consumer
C01819,Customer 1819,customer1819@example.com,Chennai,Tamil Nadu,2024-07-08,Corporate
C01820,Customer 1820,customer1820@example.com,Kolkata,West Bengal,2025-12-21,Small Business
C01821,Customer 1821,customer1821@example.com,Panipat,Haryana,2026-05-31,Small Business
C01822,Customer 1822,customer1822@example.com,Delhi,Delhi,2025-01-29,Small Business
C01823,Customer 1823,customer1823@example.com,Hyderabad,Telangana,2025-06-27,Consumer
C01824,Customer 1824,customer1824@example.com,Bengaluru,Karnataka,2025-03-12,Corporate
C01825,Customer 1825,customer1825@example.com,Ahmedabad,Gujarat,2025-07-09,Small Business
C01826,Customer 1826,customer1826@example.com,Pune,Maharashtra,2026-03-17,Small Business
C01827,Customer 1827,customer1827@example.com,Delhi,Delhi,2025-09-27,Corporate
C01828,Customer 1828,customer1828@example.com,Panipat,Haryana,2025-06-11,Small Business
C01829,Customer 1829,customer1829@example.com,Hyderabad,Telangana,2024-02-22,Consumer
C01830,Customer 1830,customer1830@example.com,Chennai,Tamil Nadu,2025-01-09,Corporate
C01831,Customer 1831,customer1831@example.com,Ahmedabad,Gujarat,2024-02-11,Corporate
C01832,Customer 1832,customer1832@example.com,Hyderabad,Telangana,2024-06-28,Small Business
C01833,Customer 1833,customer1833@example.com,Jaipur,Rajasthan,2025-12-22,Consumer
C01834,Customer 1834,customer1834@example.com,Jaipur,Rajasthan,2025-12-27,Consumer
C01835,Customer 1835,customer1835@example.com,Mumbai,Maharashtra,2024-12-08,Consumer
C01836,Customer 1836,customer1836@example.com,Jaipur,Rajasthan,2024-04-26,Small Business
C01837,Customer 1837,customer1837@example.com,Kolkata,West Bengal,2026-01-25,Small Business
C01838,Customer 1838,customer1838@example.com,Pune,Maharashtra,2026-02-10,Small Business
C01839,Customer 1839,customer1839@example.com,Pune,Maharashtra,2024-11-24,Corporate
C01840,Customer 1840,customer1840@example.com,Bengaluru,Karnataka,2025-05-30,Small Business
C01841,Customer 1841,customer1841@example.com,Chennai,Tamil Nadu,2024-10-10,Consumer
C01842,Customer 1842,customer1842@example.com,Delhi,Delhi,2025-01-16,Corporate
C01843,Customer 1843,customer1843@example.com,Kolkata,West Bengal,2025-05-12,Small Business
C01844,Customer 1844,customer1844@example.com,Jaipur,Rajasthan,2026-04-29,Consumer
C01845,Customer 1845,customer1845@example.com,Kolkata,West Bengal,2025-12-27,Small Business
C01846,Customer 1846,customer1846@example.com,Jaipur,Rajasthan,2024-10-26,Corporate
C01847,Customer 1847,customer1847@example.com,Ahmedabad,Gujarat,2025-01-11,Small Business
C01848,Customer 1848,customer1848@example.com,Delhi,Delhi,2024-07-11,Corporate
C01849,Customer 1849,customer1849@example.com,Delhi,Delhi,2024-03-23,Corporate
C01850,Customer 1850,customer1850@example.com,Mumbai,Maharashtra,2024-10-22,Consumer
C01851,Customer 1851,customer1851@example.com,Delhi,Delhi,2024-06-17,Corporate
C01852,Customer 1852,customer1852@example.com,Delhi,Delhi,2025-12-14,Consumer
C01853,Customer 1853,customer1853@example.com,Kolkata,West Bengal,2024-06-03,Consumer
C01854,Customer 1854,customer1854@example.com,Jaipur,Rajasthan,2025-10-04,Consumer
C01855,Customer 1855,customer1855@example.com,Bengaluru,Karnataka,2025-03-02,Small Business
C01856,Customer 1856,customer1856@example.com,Jaipur,Rajasthan,2024-05-15,Corporate
C01857,Customer 1857,customer1857@example.com,Hyderabad,Telangana,2025-03-06,Corporate
C01858,Customer 1858,customer1858@example.com,Panipat,Haryana,2024-10-25,Consumer
C01859,Customer 1859,customer1859@example.com,Delhi,Delhi,2024-01-23,Consumer
C01860,Customer 1860,customer1860@example.com,Jaipur,Rajasthan,2025-10-22,Corporate
C01861,Customer 1861,customer1861@example.com,Chennai,Tamil Nadu,2025-08-15,Corporate
C01862,Customer 1862,customer1862@example.com,Hyderabad,Telangana,2025-05-12,Small Business
C01863,Customer 1863,customer1863@example.com,Jaipur,Rajasthan,2026-05-12,Small Business
C01864,Customer 1864,customer1864@example.com,Kolkata,West Bengal,2025-04-13,Corporate
C01865,Customer 1865,customer1865@example.com,Ahmedabad,Gujarat,2024-05-15,Corporate
C01866,Customer 1866,customer1866@example.com,Mumbai,Maharashtra,2026-03-19,Corporate
C01867,Customer 1867,customer1867@example.com,Pune,Maharashtra,2025-05-10,Corporate
C01868,Customer 1868,customer1868@example.com,Bengaluru,Karnataka,2026-02-27,Consumer
C01869,Customer 1869,customer1869@example.com,Mumbai,Maharashtra,2024-12-27,Corporate
C01870,Customer 1870,customer1870@example.com,Kolkata,West Bengal,2024-06-19,Small Business
C01871,Customer 1871,customer1871@example.com,Mumbai,Maharashtra,2025-12-29,Small Business
C01872,Customer 1872,customer1872@example.com,Bengaluru,Karnataka,2024-07-05,Consumer
C01873,Customer 1873,customer1873@example.com,Mumbai,Maharashtra,2024-06-14,Consumer
C01874,Customer 1874,customer1874@example.com,Delhi,Delhi,2024-02-12,Corporate
C01875,Customer 1875,customer1875@example.com,Ahmedabad,Gujarat,2024-05-09,Corporate
C01876,Customer 1876,customer1876@example.com,Bengaluru,Karnataka,2025-01-13,Consumer
C01877,Customer 1877,customer1877@example.com,Pune,Maharashtra,2025-07-29,Small Business
C01878,Customer 1878,customer1878@example.com,Panipat,Haryana,2025-11-12,Corporate
C01879,Customer 1879,customer1879@example.com,Hyderabad,Telangana,2024-05-31,Corporate
C01880,Customer 1880,customer1880@example.com,Kolkata,West Bengal,2025-07-06,Consumer
C01881,Customer 1881,customer1881@example.com,Jaipur,Rajasthan,2024-11-04,Consumer
C01882,Customer 1882,customer1882@example.com,Panipat,Haryana,2025-02-18,
C01883,Customer 1883,customer1883@example.com,Mumbai,Maharashtra,2025-04-14,Corporate
C01884,Customer 1884,,Mumbai,Maharashtra,2024-01-05,Small Business
C01885,Customer 1885,customer1885@example.com,Jaipur,Rajasthan,2025-06-03,Corporate
C01886,Customer 1886,customer1886@example.com,Bengaluru,Karnataka,2025-04-30,Corporate
C01887,Customer 1887,customer1887@example.com,Ahmedabad,Gujarat,2025-11-13,Consumer
C01888,Customer 1888,customer1888@example.com,Ahmedabad,Gujarat,2026-01-16,Corporate
C01889,Customer 1889,customer1889@example.com,Hyderabad,Telangana,2025-12-06,Consumer
C01890,Customer 1890,customer1890@example.com,Kolkata,West Bengal,2024-02-11,Consumer
C01891,Customer 1891,customer1891@example.com,Jaipur,Rajasthan,2024-04-29,Corporate
C01892,Customer 1892,customer1892@example.com,Panipat,Haryana,2025-02-15,Small Business
C01893,Customer 1893,customer1893@example.com,Pune,Maharashtra,2025-04-01,Corporate
C01894,Customer 1894,customer1894@example.com,Delhi,Delhi,2024-11-30,Consumer
C01895,Customer 1895,customer1895@example.com,Ahmedabad,Gujarat,2025-10-18,Consumer
C01896,Customer 1896,customer1896@example.com,Ahmedabad,Gujarat,2025-06-23,Consumer
C01897,Customer 1897,customer1897@example.com,Bengaluru,Karnataka,2024-07-19,Consumer
C01898,Customer 1898,customer1898@example.com,Delhi,Delhi,2025-07-05,Corporate
C01899,Customer 1899,customer1899@example.com,Delhi,Delhi,2025-06-08,Corporate
C01900,Customer 1900,customer1900@example.com,Pune,Maharashtra,2025-05-17,Corporate
C01901,Customer 1901,customer1901@example.com,Ahmedabad,Gujarat,2025-09-11,Small Business
C01902,Customer 1902,customer1902@example.com,Panipat,Haryana,2025-11-13,Corporate
C01903,Customer 1903,customer1903@example.com,Chennai,Tamil Nadu,2024-05-31,Small Business
C01904,Customer 1904,customer1904@example.com,Chennai,Tamil Nadu,2025-01-13,Corporate
C01905,Customer 1905,,Hyderabad,Telangana,2024-01-13,Corporate
C01906,Customer 1906,customer1906@example.com,Hyderabad,Telangana,2024-12-25,Corporate
C01907,Customer 1907,customer1907@example.com,Kolkata,West Bengal,2026-06-14,Small Business
C01908,Customer 1908,customer1908@example.com,Delhi,Delhi,2024-08-08,Small Business
C01909,Customer 1909,customer1909@example.com,Kolkata,West Bengal,2026-01-29,Corporate
C01910,Customer 1910,customer1910@example.com,Kolkata,West Bengal,2024-10-22,Consumer
C01911,Customer 1911,customer1911@example.com,Chennai,Tamil Nadu,2026-01-16,Corporate
C01912,Customer 1912,customer1912@example.com,Mumbai,Maharashtra,2026-05-05,Small Business
C01913,Customer 1913,customer1913@example.com,Ahmedabad,Gujarat,2024-03-29,Consumer
C01914,Customer 1914,customer1914@example.com,Pune,Maharashtra,2024-11-06,Corporate
C01915,Customer 1915,customer1915@example.com,Jaipur,Rajasthan,2024-12-09,Consumer
C01916,Customer 1916,customer1916@example.com,Ahmedabad,Gujarat,2026-02-13,Corporate
C01917,Customer 1917,customer1917@example.com,Delhi,Delhi,2024-01-07,Corporate
C01918,Customer 1918,customer1918@example.com,Bengaluru,Karnataka,2025-02-28,Consumer
C01919,Customer 1919,customer1919@example.com,Jaipur,Rajasthan,2025-04-18,Small Business
C01920,Customer 1920,customer1920@example.com,Ahmedabad,Gujarat,2026-02-12,Consumer
C01921,Customer 1921,customer1921@example.com,Pune,Maharashtra,2024-07-09,Corporate
C01922,Customer 1922,customer1922@example.com,Bengaluru,Karnataka,2025-07-21,Corporate
C01923,Customer 1923,customer1923@example.com,Panipat,Haryana,2026-04-22,Corporate
C01924,Customer 1924,customer1924@example.com,Ahmedabad,Gujarat,2024-11-07,Corporate
C01925,Customer 1925,customer1925@example.com,Jaipur,Rajasthan,2026-01-27,Corporate
C01926,Customer 1926,customer1926@example.com,Pune,Maharashtra,2024-01-28,Consumer
C01927,Customer 1927,customer1927@example.com,Mumbai,Maharashtra,2024-09-25,Corporate
C01928,Customer 1928,customer1928@example.com,Kolkata,West Bengal,2024-05-07,Small Business
C01929,Customer 1929,customer1929@example.com,Bengaluru,Karnataka,2025-03-03,Consumer
C01930,Customer 1930,customer1930@example.com,Kolkata,West Bengal,2025-12-05,Small Business
C01931,Customer 1931,customer1931@example.com,Pune,Maharashtra,2024-01-30,Consumer
C01932,Customer 1932,customer1932@example.com,Bengaluru,Karnataka,2025-05-19,Consumer
C01933,Customer 1933,customer1933@example.com,Ahmedabad,Gujarat,2026-02-02,Corporate
C01934,Customer 1934,customer1934@example.com,Ahmedabad,Gujarat,2025-05-07,Small Business
C01935,Customer 1935,customer1935@example.com,Chennai,Tamil Nadu,2026-06-08,Corporate
C01936,Customer 1936,customer1936@example.com,Kolkata,West Bengal,2025-12-11,Consumer
C01937,Customer 1937,customer1937@example.com,Hyderabad,Telangana,2025-06-08,Small Business
C01938,Customer 1938,customer1938@example.com,Ahmedabad,Gujarat,2024-01-18,Corporate
C01939,Customer 1939,customer1939@example.com,Mumbai,Maharashtra,2025-08-18,Consumer
C01940,Customer 1940,customer1940@example.com,Mumbai,Maharashtra,2024-11-23,Corporate
C01941,Customer 1941,customer1941@example.com,Mumbai,Maharashtra,2024-12-31,Consumer
C01942,Customer 1942,customer1942@example.com,Panipat,Haryana,2024-10-06,Corporate
C01943,Customer 1943,customer1943@example.com,Chennai,Tamil Nadu,2025-10-13,Corporate
C01944,Customer 1944,customer1944@example.com,Panipat,Haryana,2024-10-23,Corporate
C01945,Customer 1945,customer1945@example.com,Jaipur,Rajasthan,2025-10-16,Consumer
C01946,Customer 1946,customer1946@example.com,Jaipur,Rajasthan,2024-07-17,Small Business
C01947,Customer 1947,customer1947@example.com,Mumbai,Maharashtra,2026-02-22,Consumer
C01948,Customer 1948,customer1948@example.com,Ahmedabad,Gujarat,2026-02-09,Consumer
C01949,Customer 1949,customer1949@example.com,Jaipur,Rajasthan,2024-11-26,Corporate
C01950,Customer 1950,customer1950@example.com,Bengaluru,Karnataka,2024-10-04,Small Business
C01951,Customer 1951,customer1951@example.com,Hyderabad,Telangana,2024-04-08,Small Business
C01952,Customer 1952,customer1952@example.com,Ahmedabad,Gujarat,2024-12-26,Consumer
C01953,Customer 1953,customer1953@example.com,Panipat,Haryana,2024-05-20,Small Business
C01954,Customer 1954,customer1954@example.com,Bengaluru,Karnataka,2025-01-16,Corporate
C01955,Customer 1955,customer1955@example.com,Chennai,Tamil Nadu,2024-12-14,Consumer
C01956,Customer 1956,customer1956@example.com,Delhi,Delhi,2024-08-11,Consumer
C01957,Customer 1957,customer1957@example.com,Jaipur,Rajasthan,2024-08-14,Consumer
C01958,Customer 1958,customer1958@example.com,Jaipur,Rajasthan,2025-09-20,Small Business
C01959,Customer 1959,customer1959@example.com,Jaipur,Rajasthan,2026-05-16,Small Business
C01960,Customer 1960,customer1960@example.com,Jaipur,Rajasthan,2025-12-20,Consumer
C01961,Customer 1961,customer1961@example.com,Chennai,Tamil Nadu,2025-04-16,Consumer
C01962,Customer 1962,customer1962@example.com,Delhi,Delhi,2026-04-18,Consumer
C01963,Customer 1963,customer1963@example.com,Panipat,Haryana,2025-05-06,Corporate
C01964,Customer 1964,customer1964@example.com,Bengaluru,Karnataka,2025-12-08,Corporate
C01965,Customer 1965,customer1965@example.com,Mumbai,Maharashtra,2026-04-16,Corporate
C01966,Customer 1966,customer1966@example.com,Ahmedabad,Gujarat,2025-06-19,Corporate
C01967,Customer 1967,customer1967@example.com,Mumbai,Maharashtra,2025-12-27,Corporate
C01968,Customer 1968,customer1968@example.com,Panipat,Haryana,2026-02-01,Consumer
C01969,Customer 1969,customer1969@example.com,Pune,Maharashtra,2024-05-11,Small Business
C01970,Customer 1970,customer1970@example.com,Mumbai,Maharashtra,2025-12-05,Consumer
C01971,Customer 1971,customer1971@example.com,Bengaluru,Karnataka,2024-05-08,Consumer
C01972,Customer 1972,customer1972@example.com,Mumbai,Maharashtra,2024-03-21,Corporate
C01973,Customer 1973,customer1973@example.com,Delhi,Delhi,2024-03-20,Consumer
C01974,Customer 1974,customer1974@example.com,Kolkata,West Bengal,2026-02-14,Corporate
C01975,Customer 1975,customer1975@example.com,Panipat,Haryana,2024-07-20,Consumer
C01976,Customer 1976,customer1976@example.com,Panipat,Haryana,2026-03-23,Small Business
C01977,Customer 1977,customer1977@example.com,Jaipur,Rajasthan,2025-08-30,Consumer
C01978,Customer 1978,customer1978@example.com,Kolkata,West Bengal,2024-05-01,Corporate
C01979,Customer 1979,customer1979@example.com,Panipat,Haryana,2024-03-08,Corporate
C01980,Customer 1980,customer1980@example.com,Panipat,Haryana,2026-02-11,Consumer
C01981,Customer 1981,customer1981@example.com,Delhi,Delhi,2025-09-08,Consumer
C01982,Customer 1982,,Ahmedabad,Gujarat,2024-07-23,Consumer
C01983,Customer 1983,customer1983@example.com,Hyderabad,Telangana,2024-01-30,Consumer
C01984,Customer 1984,customer1984@example.com,Mumbai,Maharashtra,2026-05-16,Small Business
C01985,Customer 1985,customer1985@example.com,Bengaluru,Karnataka,2025-08-16,Corporate
C01986,Customer 1986,customer1986@example.com,Hyderabad,Telangana,2024-06-13,Small Business
C01987,Customer 1987,customer1987@example.com,Ahmedabad,Gujarat,2024-09-04,Small Business
C01988,Customer 1988,customer1988@example.com,Ahmedabad,Gujarat,2024-03-10,Consumer
C01989,Customer 1989,customer1989@example.com,Ahmedabad,Gujarat,2026-02-20,Consumer
C01990,Customer 1990,customer1990@example.com,Jaipur,Rajasthan,2024-08-10,Small Business
C01991,Customer 1991,customer1991@example.com,Pune,Maharashtra,2024-10-15,Consumer
C01992,Customer 1992,customer1992@example.com,Jaipur,Rajasthan,2024-01-05,Small Business
C01993,Customer 1993,customer1993@example.com,Delhi,Delhi,2024-08-07,Small Business
C01994,Customer 1994,customer1994@example.com,Kolkata,West Bengal,2025-01-10,Small Business
C01995,Customer 1995,customer1995@example.com,Ahmedabad,Gujarat,2024-07-08,Corporate
C01996,Customer 1996,customer1996@example.com,Delhi,Delhi,2024-07-04,Corporate
C01997,Customer 1997,customer1997@example.com,Chennai,Tamil Nadu,2025-03-10,Consumer
C01998,Customer 1998,customer1998@example.com,Jaipur,Rajasthan,2024-08-21,Corporate
C01999,Customer 1999,customer1999@example.com,Delhi,Delhi,2026-02-18,Corporate
C02000,Customer 2000,customer2000@example.com,Delhi,Delhi,2025-04-22,Consumer
C02001,Customer 2001,customer2001@example.com,Jaipur,Rajasthan,2024-05-19,Corporate
C02002,Customer 2002,customer2002@example.com,Hyderabad,Telangana,2025-12-22,Corporate
C02003,Customer 2003,customer2003@example.com,Jaipur,Rajasthan,2026-01-09,Consumer
C02004,Customer 2004,customer2004@example.com,Delhi,Delhi,2024-12-01,Corporate
C02005,Customer 2005,customer2005@example.com,Delhi,Delhi,2025-01-29,Corporate
C02006,Customer 2006,customer2006@example.com,Kolkata,West Bengal,2025-09-06,Small Business
C02007,Customer 2007,customer2007@example.com,Bengaluru,Karnataka,2025-12-04,Corporate
C02008,Customer 2008,customer2008@example.com,Pune,Maharashtra,2025-07-21,Corporate
C02009,Customer 2009,customer2009@example.com,Bengaluru,Karnataka,2026-05-25,Corporate
C02010,Customer 2010,customer2010@example.com,Pune,Maharashtra,2026-05-27,Consumer
C02011,Customer 2011,customer2011@example.com,Kolkata,West Bengal,2025-11-26,Corporate
C02012,Customer 2012,customer2012@example.com,Mumbai,Maharashtra,2024-01-14,Small Business
C02013,Customer 2013,,Kolkata,West Bengal,2025-11-19,Consumer
C02014,Customer 2014,customer2014@example.com,Chennai,Tamil Nadu,2025-03-24,Small Business
C02015,Customer 2015,customer2015@example.com,Delhi,Delhi,2024-05-02,Consumer
C02016,Customer 2016,customer2016@example.com,Chennai,Tamil Nadu,2025-02-14,Small Business
C02017,Customer 2017,customer2017@example.com,Ahmedabad,Gujarat,2024-04-14,Small Business
C02018,Customer 2018,customer2018@example.com,Mumbai,Maharashtra,2024-03-07,Corporate
C02019,Customer 2019,customer2019@example.com,Pune,Maharashtra,2024-12-12,Consumer
C02020,Customer 2020,customer2020@example.com,Ahmedabad,Gujarat,2026-05-14,Corporate
C02021,Customer 2021,customer2021@example.com,Delhi,Delhi,2024-08-26,Corporate
C02022,Customer 2022,customer2022@example.com,Kolkata,West Bengal,2024-10-12,Small Business
C02023,Customer 2023,customer2023@example.com,Ahmedabad,Gujarat,2025-08-30,Corporate
C02024,Customer 2024,customer2024@example.com,Chennai,Tamil Nadu,2024-12-30,Corporate
C02025,Customer 2025,customer2025@example.com,Ahmedabad,Gujarat,2025-02-18,Corporate
C02026,Customer 2026,customer2026@example.com,Jaipur,Rajasthan,2024-10-12,Consumer
C02027,Customer 2027,customer2027@example.com,Kolkata,West Bengal,2024-04-20,Consumer
C02028,Customer 2028,customer2028@example.com,Bengaluru,Karnataka,2025-05-16,Corporate
C02029,Customer 2029,customer2029@example.com,Pune,Maharashtra,2025-10-05,Consumer
C02030,Customer 2030,customer2030@example.com,Panipat,Haryana,2024-04-11,Small Business
C02031,Customer 2031,customer2031@example.com,Panipat,Haryana,2026-04-30,Consumer
C02032,Customer 2032,customer2032@example.com,Kolkata,West Bengal,2025-11-25,Consumer
C02033,Customer 2033,customer2033@example.com,Mumbai,Maharashtra,2025-01-26,Small Business
C02034,Customer 2034,customer2034@example.com,Hyderabad,Telangana,2024-06-05,Corporate
C02035,Customer 2035,customer2035@example.com,Ahmedabad,Gujarat,2025-09-30,Consumer
C02036,Customer 2036,customer2036@example.com,Delhi,Delhi,2025-11-07,Small Business
C02037,Customer 2037,customer2037@example.com,Kolkata,West Bengal,2026-03-22,Corporate
C02038,Customer 2038,customer2038@example.com,Pune,Maharashtra,2024-10-27,Small Business
C02039,Customer 2039,customer2039@example.com,Kolkata,West Bengal,2025-05-17,Small Business
C02040,Customer 2040,customer2040@example.com,Bengaluru,Karnataka,2025-07-09,
C02041,Customer 2041,invalid-email-2040,Jaipur,Rajasthan,2025-07-13,Consumer
C02042,Customer 2042,customer2042@example.com,Panipat,Haryana,2025-03-16,Consumer
C02043,Customer 2043,customer2043@example.com,Chennai,Tamil Nadu,2025-04-05,Corporate
C02044,Customer 2044,customer2044@example.com,Chennai,Tamil Nadu,2025-03-29,Corporate
C02045,Customer 2045,customer2045@example.com,Panipat,Haryana,2024-02-03,Consumer
C02046,Customer 2046,customer2046@example.com,Jaipur,Rajasthan,2025-11-06,Corporate
C02047,Customer 2047,customer2047@example.com,Mumbai,Maharashtra,2025-05-18,Corporate
C02048,Customer 2048,customer2048@example.com,Mumbai,Maharashtra,2024-11-15,Small Business
C02049,Customer 2049,customer2049@example.com,Chennai,Tamil Nadu,2025-05-14,Consumer
C02050,Customer 2050,customer2050@example.com,Ahmedabad,Gujarat,2025-11-22,Corporate
C02051,Customer 2051,customer2051@example.com,Jaipur,Rajasthan,2025-12-02,Small Business
C02052,Customer 2052,customer2052@example.com,Ahmedabad,Gujarat,2025-04-26,Corporate
C02053,Customer 2053,customer2053@example.com,Jaipur,Rajasthan,2026-05-24,Consumer
C02054,Customer 2054,customer2054@example.com,Jaipur,Rajasthan,2024-02-27,Corporate
C02055,Customer 2055,customer2055@example.com,Bengaluru,Karnataka,2025-05-21,Small Business
C02056,Customer 2056,customer2056@example.com,Chennai,Tamil Nadu,2025-09-23,Small Business
C02057,Customer 2057,customer2057@example.com,Hyderabad,Telangana,2026-02-23,Corporate
C02058,Customer 2058,customer2058@example.com,Hyderabad,Telangana,2024-03-03,Consumer
C02059,Customer 2059,customer2059@example.com,Ahmedabad,Gujarat,2024-02-16,Consumer
C02060,Customer 2060,customer2060@example.com,Hyderabad,Telangana,2024-12-23,Small Business
C02061,Customer 2061,customer2061@example.com,Ahmedabad,Gujarat,2024-01-28,Small Business
C02062,Customer 2062,customer2062@example.com,Hyderabad,Telangana,2025-01-24,Consumer
C02063,Customer 2063,customer2063@example.com,Chennai,Tamil Nadu,2024-12-19,Corporate
C02064,Customer 2064,customer2064@example.com,Chennai,Tamil Nadu,2024-12-25,Consumer
C02065,Customer 2065,customer2065@example.com,Pune,Maharashtra,2024-09-10,Consumer
C02066,Customer 2066,customer2066@example.com,Bengaluru,Karnataka,2025-08-29,Consumer
C02067,Customer 2067,customer2067@example.com,Delhi,Delhi,2026-06-08,Corporate
C02068,Customer 2068,customer2068@example.com,Delhi,Delhi,2024-12-11,Consumer
C02069,Customer 2069,customer2069@example.com,Panipat,Haryana,2025-07-05,Corporate
C02070,Customer 2070,customer2070@example.com,Panipat,Haryana,2025-04-16,Small Business
C02071,Customer 2071,customer2071@example.com,Chennai,Tamil Nadu,2025-08-04,Small Business
C02072,Customer 2072,customer2072@example.com,Chennai,Tamil Nadu,2024-09-30,Consumer
C02073,Customer 2073,customer2073@example.com,Kolkata,West Bengal,2025-08-25,Consumer
C02074,Customer 2074,customer2074@example.com,Hyderabad,Telangana,2025-01-21,Small Business
C02075,Customer 2075,customer2075@example.com,Chennai,Tamil Nadu,2024-11-26,Small Business
C02076,Customer 2076,customer2076@example.com,Delhi,Delhi,2026-04-07,Corporate
C02077,Customer 2077,customer2077@example.com,Delhi,Delhi,2025-12-08,Small Business
C02078,Customer 2078,customer2078@example.com,Pune,Maharashtra,2024-12-10,Corporate
C02079,Customer 2079,customer2079@example.com,Jaipur,Rajasthan,2026-04-10,Small Business
C02080,Customer 2080,customer2080@example.com,Hyderabad,Telangana,2024-06-19,Small Business
C02081,Customer 2081,customer2081@example.com,Bengaluru,Karnataka,2025-01-07,Corporate
C02082,Customer 2082,customer2082@example.com,Pune,Maharashtra,2025-05-23,Small Business
C02083,Customer 2083,customer2083@example.com,Delhi,Delhi,2026-05-10,Small Business
C02084,Customer 2084,customer2084@example.com,Pune,Maharashtra,2024-10-21,Corporate
C02085,Customer 2085,customer2085@example.com,Panipat,Haryana,2024-10-31,Small Business
C02086,Customer 2086,customer2086@example.com,Chennai,Tamil Nadu,2026-04-03,Consumer
C02087,Customer 2087,customer2087@example.com,Ahmedabad,Gujarat,2026-01-30,Consumer
C02088,Customer 2088,customer2088@example.com,Ahmedabad,Gujarat,2024-04-07,Small Business
C02089,Customer 2089,customer2089@example.com,Hyderabad,Telangana,2024-10-06,Consumer
C02090,Customer 2090,customer2090@example.com,Ahmedabad,Gujarat,2026-03-31,Small Business
C02091,Customer 2091,customer2091@example.com,Kolkata,West Bengal,2025-03-13,Consumer
C02092,Customer 2092,customer2092@example.com,Hyderabad,Telangana,2026-03-25,Consumer
C02093,Customer 2093,customer2093@example.com,Bengaluru,Karnataka,2025-05-31,Corporate
C02094,Customer 2094,customer2094@example.com,Chennai,Tamil Nadu,2025-11-10,Small Business
C02095,Customer 2095,customer2095@example.com,Hyderabad,Telangana,2024-07-23,Corporate
C02096,Customer 2096,customer2096@example.com,Chennai,Tamil Nadu,2024-09-14,Small Business
C02097,Customer 2097,customer2097@example.com,Jaipur,Rajasthan,2025-04-09,Small Business
C02098,Customer 2098,customer2098@example.com,Jaipur,Rajasthan,2024-07-03,Consumer
C02099,Customer 2099,customer2099@example.com,Jaipur,Rajasthan,2026-06-02,Consumer
C02100,Customer 2100,customer2100@example.com,Ahmedabad,Gujarat,2025-05-26,Consumer
C02101,Customer 2101,customer2101@example.com,Kolkata,West Bengal,2024-10-01,Small Business
C02102,Customer 2102,customer2102@example.com,Jaipur,Rajasthan,2026-04-08,Small Business
C02103,Customer 2103,customer2103@example.com,Chennai,Tamil Nadu,2025-08-02,Small Business
C02104,Customer 2104,customer2104@example.com,Panipat,Haryana,2025-06-18,Consumer
C02105,Customer 2105,customer2105@example.com,Hyderabad,Telangana,2025-04-18,Consumer
C02106,Customer 2106,customer2106@example.com,Pune,Maharashtra,2024-06-03,Small Business
C02107,Customer 2107,customer2107@example.com,Bengaluru,Karnataka,2026-05-14,Corporate
C02108,Customer 2108,customer2108@example.com,Chennai,Tamil Nadu,2024-11-22,Consumer
C02109,Customer 2109,customer2109@example.com,Pune,Maharashtra,2026-05-16,Corporate
C02110,Customer 2110,customer2110@example.com,Bengaluru,Karnataka,2026-04-23,Corporate
C02111,Customer 2111,customer2111@example.com,Mumbai,Maharashtra,2024-09-19,Small Business
C02112,Customer 2112,customer2112@example.com,Ahmedabad,Gujarat,2024-08-29,Corporate
C02113,Customer 2113,customer2113@example.com,Pune,Maharashtra,2024-04-26,Consumer
C02114,Customer 2114,customer2114@example.com,Pune,Maharashtra,2024-01-29,Consumer
C02115,Customer 2115,customer2115@example.com,Bengaluru,Karnataka,2025-04-20,Corporate
C02116,Customer 2116,customer2116@example.com,Jaipur,Rajasthan,2025-03-22,Corporate
C02117,Customer 2117,customer2117@example.com,Panipat,Haryana,2024-07-25,Consumer
C02118,Customer 2118,customer2118@example.com,Bengaluru,Karnataka,2024-05-19,Consumer
C02119,Customer 2119,customer2119@example.com,Bengaluru,Karnataka,2026-03-19,Corporate
C02120,Customer 2120,customer2120@example.com,Jaipur,Rajasthan,2024-06-29,Small Business
C02121,Customer 2121,customer2121@example.com,Panipat,Haryana,2026-01-09,Corporate
C02122,Customer 2122,customer2122@example.com,Panipat,Haryana,2024-02-26,Consumer
C02123,Customer 2123,customer2123@example.com,Hyderabad,Telangana,2025-09-08,Corporate
C02124,Customer 2124,customer2124@example.com,Delhi,Delhi,2025-02-20,Corporate
C02125,Customer 2125,,Delhi,Delhi,2025-02-10,Small Business
C02126,Customer 2126,customer2126@example.com,Mumbai,Maharashtra,2024-08-29,Consumer
C02127,Customer 2127,customer2127@example.com,Ahmedabad,Gujarat,2026-01-22,Small Business
C02128,Customer 2128,customer2128@example.com,Delhi,Delhi,2025-06-18,Small Business
C02129,Customer 2129,customer2129@example.com,Ahmedabad,Gujarat,2026-03-04,Small Business
C02130,Customer 2130,customer2130@example.com,Bengaluru,Karnataka,2025-05-23,Consumer
C02131,Customer 2131,customer2131@example.com,Pune,Maharashtra,2025-09-06,Consumer
C02132,Customer 2132,customer2132@example.com,Hyderabad,Telangana,2024-12-03,Small Business
C02133,Customer 2133,customer2133@example.com,Chennai,Tamil Nadu,2026-04-05,Small Business
C02134,Customer 2134,customer2134@example.com,Pune,Maharashtra,2025-03-09,Consumer
C02135,Customer 2135,customer2135@example.com,Mumbai,Maharashtra,2024-04-19,Consumer
C02136,Customer 2136,customer2136@example.com,Pune,Maharashtra,2024-10-08,Corporate
C02137,Customer 2137,customer2137@example.com,Chennai,Tamil Nadu,2024-09-17,Small Business
C02138,Customer 2138,customer2138@example.com,Panipat,Haryana,2025-05-17,Small Business
C02139,Customer 2139,customer2139@example.com,Hyderabad,Telangana,2025-12-17,Consumer
C02140,Customer 2140,,Hyderabad,Telangana,2025-07-12,Corporate
C02141,Customer 2141,customer2141@example.com,Kolkata,West Bengal,2025-11-30,Consumer
C02142,Customer 2142,customer2142@example.com,Bengaluru,Karnataka,2026-06-19,Consumer
C02143,Customer 2143,customer2143@example.com,Hyderabad,Telangana,2025-05-01,Small Business
C02144,Customer 2144,customer2144@example.com,Hyderabad,Telangana,2026-04-21,Corporate
C02145,Customer 2145,customer2145@example.com,Panipat,Haryana,2025-10-22,Small Business
C02146,Customer 2146,customer2146@example.com,Panipat,Haryana,2026-05-11,Small Business
C02147,Customer 2147,customer2147@example.com,Panipat,Haryana,2025-12-08,Small Business
C02148,Customer 2148,customer2148@example.com,Pune,Maharashtra,2024-09-16,Small Business
C02149,Customer 2149,customer2149@example.com,Chennai,Tamil Nadu,2024-11-12,Small Business
C02150,Customer 2150,customer2150@example.com,Hyderabad,Telangana,2026-04-11,Small Business
C02151,Customer 2151,customer2151@example.com,Delhi,Delhi,2025-07-01,Consumer
C02152,Customer 2152,customer2152@example.com,Kolkata,West Bengal,2025-02-01,Consumer
C02153,Customer 2153,customer2153@example.com,Chennai,Tamil Nadu,2024-09-18,Corporate
C02154,Customer 2154,customer2154@example.com,Delhi,Delhi,2026-04-22,Consumer
C02155,Customer 2155,customer2155@example.com,Bengaluru,Karnataka,2024-08-03,Consumer
C02156,Customer 2156,customer2156@example.com,Kolkata,West Bengal,2025-10-08,
C02157,Customer 2157,customer2157@example.com,Chennai,Tamil Nadu,2026-03-19,Consumer
C02158,Customer 2158,customer2158@example.com,Bengaluru,Karnataka,2026-06-06,Consumer
C02159,Customer 2159,customer2159@example.com,Kolkata,West Bengal,2025-04-27,Small Business
C02160,Customer 2160,customer2160@example.com,Chennai,Tamil Nadu,2026-05-11,Corporate
C02161,Customer 2161,customer2161@example.com,Chennai,Tamil Nadu,2026-06-16,Consumer
C02162,Customer 2162,customer2162@example.com,Mumbai,Maharashtra,2025-12-16,Corporate
C02163,Customer 2163,customer2163@example.com,Jaipur,Rajasthan,2024-03-08,Corporate
C02164,Customer 2164,customer2164@example.com,Chennai,Tamil Nadu,2025-09-08,Small Business
C02165,Customer 2165,customer2165@example.com,Jaipur,Rajasthan,2026-01-25,Corporate
C02166,Customer 2166,customer2166@example.com,Kolkata,West Bengal,2025-12-12,Consumer
C02167,Customer 2167,customer2167@example.com,Panipat,Haryana,2025-10-18,Small Business
C02168,Customer 2168,customer2168@example.com,Mumbai,Maharashtra,2025-10-07,
C02169,Customer 2169,,Mumbai,Maharashtra,2024-01-04,Corporate
C02170,Customer 2170,customer2170@example.com,Pune,Maharashtra,2025-10-05,Corporate
C02171,Customer 2171,customer2171@example.com,Hyderabad,Telangana,2025-08-12,Consumer
C02172,Customer 2172,customer2172@example.com,Delhi,Delhi,2024-06-10,Consumer
C02173,Customer 2173,customer2173@example.com,Jaipur,Rajasthan,2025-12-31,Small Business
C02174,Customer 2174,customer2174@example.com,Mumbai,Maharashtra,2026-05-17,Small Business
C02175,Customer 2175,customer2175@example.com,Chennai,Tamil Nadu,2026-03-22,Corporate
C02176,Customer 2176,customer2176@example.com,Kolkata,West Bengal,2025-05-04,Small Business
C02177,Customer 2177,customer2177@example.com,Mumbai,Maharashtra,2024-09-23,Consumer
C02178,Customer 2178,customer2178@example.com,Ahmedabad,Gujarat,2026-04-26,Corporate
C02179,Customer 2179,customer2179@example.com,Bengaluru,Karnataka,2024-07-22,Consumer
C02180,Customer 2180,customer2180@example.com,Chennai,Tamil Nadu,2025-01-11,Consumer
C02181,Customer 2181,customer2181@example.com,Chennai,Tamil Nadu,2026-06-16,Corporate
C02182,Customer 2182,customer2182@example.com,Ahmedabad,Gujarat,2024-08-17,
C02183,Customer 2183,customer2183@example.com,Panipat,Haryana,2025-07-25,Small Business
C02184,Customer 2184,customer2184@example.com,Ahmedabad,Gujarat,2025-10-03,Consumer
C02185,Customer 2185,,Delhi,Delhi,2025-04-18,Consumer
C02186,Customer 2186,customer2186@example.com,Bengaluru,Karnataka,2025-12-19,Consumer
C02187,Customer 2187,customer2187@example.com,Panipat,Haryana,2025-02-14,Small Business
C02188,Customer 2188,customer2188@example.com,Chennai,Tamil Nadu,2025-09-06,Corporate
C02189,Customer 2189,customer2189@example.com,Mumbai,Maharashtra,2024-04-01,Corporate
C02190,Customer 2190,customer2190@example.com,Mumbai,Maharashtra,2025-08-03,Consumer
C02191,Customer 2191,customer2191@example.com,Panipat,Haryana,2026-01-05,Small Business
C02192,Customer 2192,customer2192@example.com,Chennai,Tamil Nadu,2026-03-02,Corporate
C02193,Customer 2193,customer2193@example.com,Kolkata,West Bengal,2024-05-01,Consumer
C02194,Customer 2194,customer2194@example.com,Pune,Maharashtra,2024-07-14,Corporate
C02195,Customer 2195,customer2195@example.com,Bengaluru,Karnataka,2026-02-03,Corporate
C02196,Customer 2196,customer2196@example.com,Chennai,Tamil Nadu,2024-05-13,Corporate
C02197,Customer 2197,customer2197@example.com,Pune,Maharashtra,2025-09-06,Consumer
C02198,Customer 2198,customer2198@example.com,Bengaluru,Karnataka,2026-01-14,Small Business
C02199,Customer 2199,customer2199@example.com,Pune,Maharashtra,2025-03-04,Consumer
C02200,Customer 2200,customer2200@example.com,Chennai,Tamil Nadu,2026-03-22,Consumer
C02201,Customer 2201,customer2201@example.com,Panipat,Haryana,2024-10-24,Corporate
C02202,Customer 2202,customer2202@example.com,Pune,Maharashtra,2025-09-24,Corporate
C02203,Customer 2203,customer2203@example.com,Pune,Maharashtra,2025-01-13,Small Business
C02204,Customer 2204,customer2204@example.com,Kolkata,West Bengal,2024-03-28,Consumer
C02205,Customer 2205,customer2205@example.com,Kolkata,West Bengal,2024-05-16,Corporate
C02206,Customer 2206,customer2206@example.com,Chennai,Tamil Nadu,2025-12-04,Consumer
C02207,Customer 2207,customer2207@example.com,Chennai,Tamil Nadu,2025-12-26,Corporate
C02208,Customer 2208,customer2208@example.com,Ahmedabad,Gujarat,2024-09-19,Consumer
C02209,Customer 2209,customer2209@example.com,Delhi,Delhi,2025-07-24,Consumer
C02210,Customer 2210,customer2210@example.com,Panipat,Haryana,2024-12-06,Consumer
C02211,Customer 2211,customer2211@example.com,Kolkata,West Bengal,2024-12-28,Small Business
C02212,Customer 2212,customer2212@example.com,Ahmedabad,Gujarat,2025-12-27,Small Business
C02213,Customer 2213,customer2213@example.com,Panipat,Haryana,2024-01-06,Corporate
C02214,Customer 2214,customer2214@example.com,Jaipur,Rajasthan,2025-09-26,Corporate
C02215,Customer 2215,customer2215@example.com,Bengaluru,Karnataka,2025-02-08,Small Business
C02216,Customer 2216,customer2216@example.com,Hyderabad,Telangana,2024-05-15,Small Business
C02217,Customer 2217,,Panipat,Haryana,2025-08-17,Consumer
C02218,Customer 2218,customer2218@example.com,Bengaluru,Karnataka,2024-06-22,Small Business
C02219,Customer 2219,customer2219@example.com,Kolkata,West Bengal,2024-12-13,Corporate
C02220,Customer 2220,customer2220@example.com,Mumbai,Maharashtra,2024-04-01,Corporate
C02221,Customer 2221,customer2221@example.com,Jaipur,Rajasthan,2025-03-19,Consumer
C02222,Customer 2222,customer2222@example.com,Bengaluru,Karnataka,2024-04-29,Corporate
C02223,Customer 2223,customer2223@example.com,Panipat,Haryana,2024-05-10,Corporate
C02224,Customer 2224,customer2224@example.com,Bengaluru,Karnataka,2026-02-04,Corporate
C02225,Customer 2225,customer2225@example.com,Chennai,Tamil Nadu,2024-10-16,Corporate
C02226,Customer 2226,customer2226@example.com,Ahmedabad,Gujarat,2026-04-29,Corporate
C02227,Customer 2227,customer2227@example.com,Jaipur,Rajasthan,2024-11-16,
C02228,Customer 2228,customer2228@example.com,Mumbai,Maharashtra,2024-11-19,Small Business
C02229,Customer 2229,customer2229@example.com,Kolkata,West Bengal,2026-02-21,Consumer
C02230,Customer 2230,customer2230@example.com,Jaipur,Rajasthan,2026-05-23,Small Business
C02231,Customer 2231,customer2231@example.com,Kolkata,West Bengal,2024-02-24,Consumer
C02232,Customer 2232,customer2232@example.com,Mumbai,Maharashtra,2024-02-25,Consumer
C02233,Customer 2233,customer2233@example.com,Mumbai,Maharashtra,2024-02-06,Corporate
C02234,Customer 2234,customer2234@example.com,Bengaluru,Karnataka,2024-06-16,Small Business
C02235,Customer 2235,customer2235@example.com,Kolkata,West Bengal,2025-03-22,Consumer
C02236,Customer 2236,customer2236@example.com,Kolkata,West Bengal,2024-02-11,Corporate
C02237,Customer 2237,customer2237@example.com,Hyderabad,Telangana,2025-12-27,Small Business
C02238,Customer 2238,customer2238@example.com,Kolkata,West Bengal,2025-04-13,Corporate
C02239,Customer 2239,customer2239@example.com,Delhi,Delhi,2026-05-16,Small Business
C02240,Customer 2240,customer2240@example.com,Mumbai,Maharashtra,2024-05-06,Corporate
C02241,Customer 2241,customer2241@example.com,Delhi,Delhi,2024-07-27,Corporate
C02242,Customer 2242,customer2242@example.com,Mumbai,Maharashtra,2026-05-04,Consumer
C02243,Customer 2243,customer2243@example.com,Jaipur,Rajasthan,2026-04-22,Corporate
C02244,Customer 2244,customer2244@example.com,Ahmedabad,Gujarat,2025-11-10,Small Business
C02245,Customer 2245,customer2245@example.com,Pune,Maharashtra,2025-08-20,Consumer
C02246,Customer 2246,customer2246@example.com,Jaipur,Rajasthan,2026-02-24,Small Business
C02247,Customer 2247,customer2247@example.com,Mumbai,Maharashtra,2025-03-02,Consumer
C02248,Customer 2248,customer2248@example.com,PUNE,Maharashtra,2026-02-25,Corporate
C02249,Customer 2249,customer2249@example.com,Delhi,Delhi,2024-12-02,Consumer
C02250,Customer 2250,customer2250@example.com,Bengaluru,Karnataka,2025-11-28,Small Business
C02251,Customer 2251,customer2251@example.com,Delhi,Delhi,2025-02-07,Corporate
C02252,Customer 2252,customer2252@example.com,Ahmedabad,Gujarat,2024-04-18,Corporate
C02253,Customer 2253,customer2253@example.com,Mumbai,Maharashtra,2024-01-30,Consumer
C02254,Customer 2254,customer2254@example.com,Kolkata,West Bengal,2026-04-30,Small Business
C02255,Customer 2255,customer2255@example.com,Kolkata,West Bengal,2025-04-09,Small Business
C02256,Customer 2256,customer2256@example.com,BENGALURU,Karnataka,2025-08-31,Small Business
C02257,Customer 2257,customer2257@example.com,Panipat,Haryana,2024-12-03,Consumer
C02258,Customer 2258,customer2258@example.com,Ahmedabad,Gujarat,2025-04-08,Corporate
C02259,Customer 2259,customer2259@example.com,Ahmedabad,Gujarat,2024-05-12,Consumer
C02260,Customer 2260,customer2260@example.com,Panipat,Haryana,2026-03-31,Small Business
C02261,Customer 2261,customer2261@example.com,Bengaluru,Karnataka,2024-11-26,Consumer
C02262,Customer 2262,customer2262@example.com,Delhi,Delhi,2025-07-14,Small Business
C02263,Customer 2263,customer2263@example.com,Chennai,Tamil Nadu,2024-04-04,Corporate
C02264,Customer 2264,customer2264@example.com,Bengaluru,Karnataka,2024-07-01,Consumer
C02265,Customer 2265,customer2265@example.com,Chennai,Tamil Nadu,2024-04-01,Consumer
C02266,Customer 2266,customer2266@example.com,Pune,Maharashtra,2024-06-15,Corporate
C02267,Customer 2267,customer2267@example.com,Chennai,Tamil Nadu,2024-10-18,Small Business
C02268,Customer 2268,customer2268@example.com,Mumbai,Maharashtra,2024-05-03,Corporate
C02269,Customer 2269,customer2269@example.com,Kolkata,West Bengal,2026-03-31,Corporate
C02270,Customer 2270,customer2270@example.com,Bengaluru,Karnataka,2025-12-02,Small Business
C02271,Customer 2271,customer2271@example.com,Mumbai,Maharashtra,2025-01-02,Small Business
C02272,Customer 2272,customer2272@example.com,Delhi,Delhi,2026-05-02,Corporate
C02273,Customer 2273,customer2273@example.com,Jaipur,Rajasthan,2024-07-23,Corporate
C02274,Customer 2274,customer2274@example.com,Kolkata,West Bengal,2025-02-01,Corporate
C02275,Customer 2275,customer2275@example.com,Bengaluru,Karnataka,2025-07-30,Small Business
C02276,Customer 2276,customer2276@example.com,Chennai,Tamil Nadu,2024-04-02,Corporate
C02277,Customer 2277,customer2277@example.com,Hyderabad,Telangana,2025-09-20,Consumer
C02278,Customer 2278,customer2278@example.com,Chennai,Tamil Nadu,2025-10-07,Corporate
C02279,Customer 2279,customer2279@example.com,Delhi,Delhi,2024-02-11,Small Business
C02280,Customer 2280,customer2280@example.com,Hyderabad,Telangana,2025-04-19,Small Business
C02281,Customer 2281,customer2281@example.com,Pune,Maharashtra,2025-10-25,Small Business
C02282,Customer 2282,customer2282@example.com,Mumbai,Maharashtra,2025-05-22,Small Business
C02283,Customer 2283,customer2283@example.com,Jaipur,Rajasthan,2024-03-26,Corporate
C02284,Customer 2284,customer2284@example.com,Kolkata,West Bengal,2025-03-23,Consumer
C02285,Customer 2285,customer2285@example.com,Kolkata,West Bengal,2024-11-03,Consumer
C02286,Customer 2286,customer2286@example.com,Mumbai,Maharashtra,2025-12-01,Corporate
C02287,Customer 2287,customer2287@example.com,Pune,Maharashtra,2025-06-19,Corporate
C02288,Customer 2288,customer2288@example.com,Bengaluru,Karnataka,2025-08-05,Consumer
C02289,Customer 2289,customer2289@example.com,Jaipur,Rajasthan,2024-03-19,Consumer
C02290,Customer 2290,customer2290@example.com,Jaipur,Rajasthan,2024-04-20,Small Business
C02291,Customer 2291,customer2291@example.com,Chennai,Tamil Nadu,2025-02-26,Consumer
C02292,Customer 2292,customer2292@example.com,Kolkata,West Bengal,2025-11-07,
C02293,Customer 2293,customer2293@example.com,Ahmedabad,Gujarat,2026-04-12,Corporate
C02294,Customer 2294,customer2294@example.com,Hyderabad,Telangana,2024-09-17,Small Business
C02295,Customer 2295,customer2295@example.com,Delhi,Delhi,2026-02-26,Small Business
C02296,Customer 2296,customer2296@example.com,Panipat,Haryana,2024-04-26,Small Business
C02297,Customer 2297,customer2297@example.com,Kolkata,West Bengal,2024-07-02,Consumer
C02298,Customer 2298,customer2298@example.com,Chennai,Tamil Nadu,2024-02-16,Consumer
C02299,Customer 2299,customer2299@example.com,Chennai,Tamil Nadu,2026-06-16,Small Business
C02300,Customer 2300,customer2300@example.com,Bengaluru,Karnataka,2024-11-17,Small Business
C02301,Customer 2301,customer2301@example.com,Kolkata,West Bengal,2026-02-14,Small Business
C02302,Customer 2302,customer2302@example.com,Kolkata,West Bengal,2025-09-30,Corporate
C02303,Customer 2303,customer2303@example.com,Hyderabad,Telangana,2026-06-11,Consumer
C02304,Customer 2304,customer2304@example.com,Pune,Maharashtra,2024-07-08,Consumer
C02305,Customer 2305,customer2305@example.com,Ahmedabad,Gujarat,2024-09-22,Small Business
C02306,Customer 2306,customer2306@example.com,Delhi,Delhi,2025-03-20,Small Business
C02307,Customer 2307,customer2307@example.com,Panipat,Haryana,2024-01-06,Corporate
C02308,Customer 2308,customer2308@example.com,Delhi,Delhi,2024-01-14,Consumer
C02309,Customer 2309,customer2309@example.com,Kolkata,West Bengal,2025-04-16,Small Business
C02310,Customer 2310,customer2310@example.com,Chennai,Tamil Nadu,2026-06-08,Small Business
C02311,Customer 2311,customer2311@example.com,Ahmedabad,Gujarat,2026-01-13,Corporate
C02312,Customer 2312,customer2312@example.com,Bengaluru,Karnataka,2025-09-25,Small Business
C02313,Customer 2313,customer2313@example.com,Hyderabad,Telangana,2025-12-08,Small Business
C02314,Customer 2314,customer2314@example.com,Chennai,Tamil Nadu,2026-04-03,Corporate
C02315,Customer 2315,customer2315@example.com,Delhi,Delhi,2024-05-08,Consumer
C02316,Customer 2316,customer2316@example.com,Panipat,Haryana,2024-07-14,Consumer
C02317,Customer 2317,customer2317@example.com,Panipat,Haryana,2025-12-13,Consumer
C02318,Customer 2318,customer2318@example.com,Panipat,Haryana,2024-08-02,Corporate
C02319,Customer 2319,customer2319@example.com,Mumbai,Maharashtra,2025-10-27,Consumer
C02320,Customer 2320,,Chennai,Tamil Nadu,2026-05-12,Small Business
C02321,Customer 2321,customer2321@example.com,Jaipur,Rajasthan,2024-07-14,Consumer
C02322,Customer 2322,customer2322@example.com,Bengaluru,Karnataka,2026-02-27,Corporate
C02323,Customer 2323,customer2323@example.com,Mumbai,Maharashtra,2025-04-30,Corporate
C02324,Customer 2324,customer2324@example.com,Panipat,Haryana,2024-04-29,Consumer
C02325,Customer 2325,customer2325@example.com,Mumbai,Maharashtra,2026-01-26,Small Business
C02326,Customer 2326,customer2326@example.com,Kolkata,West Bengal,2025-05-11,Corporate
C02327,Customer 2327,customer2327@example.com,Panipat,Haryana,2026-05-30,Corporate
C02328,Customer 2328,customer2328@example.com,Ahmedabad,Gujarat,2024-09-05,
C02329,Customer 2329,customer2329@example.com,Bengaluru,Karnataka,2025-08-06,Corporate
C02330,Customer 2330,customer2330@example.com,Panipat,Haryana,2024-12-07,Consumer
C02331,Customer 2331,customer2331@example.com,Delhi,Delhi,2025-10-07,Small Business
C02332,Customer 2332,customer2332@example.com,Chennai,Tamil Nadu,2025-03-01,Corporate
C02333,Customer 2333,customer2333@example.com,Ahmedabad,Gujarat,2025-09-02,Small Business
C02334,Customer 2334,customer2334@example.com,Jaipur,Rajasthan,2024-10-24,Consumer
C02335,Customer 2335,customer2335@example.com,Kolkata,West Bengal,2025-02-13,Corporate
C02336,Customer 2336,customer2336@example.com,Jaipur,Rajasthan,2025-08-28,Small Business
C02337,Customer 2337,customer2337@example.com,Ahmedabad,Gujarat,2025-11-25,Corporate
C02338,Customer 2338,,Pune,Maharashtra,2026-01-01,Consumer
C02339,Customer 2339,customer2339@example.com,Jaipur,Rajasthan,2024-01-20,Corporate
C02340,Customer 2340,customer2340@example.com,Ahmedabad,Gujarat,2024-11-19,Small Business
C02341,Customer 2341,customer2341@example.com,Delhi,Delhi,2024-10-01,Small Business
C02342,Customer 2342,customer2342@example.com,Chennai,Tamil Nadu,2025-04-29,Consumer
C02343,Customer 2343,customer2343@example.com,Kolkata,West Bengal,2025-09-29,Small Business
C02344,Customer 2344,customer2344@example.com,Hyderabad,Telangana,2025-04-04,Small Business
C02345,Customer 2345,customer2345@example.com,Chennai,Tamil Nadu,2024-01-22,Consumer
C02346,Customer 2346,customer2346@example.com,Bengaluru,Karnataka,2026-01-13,Consumer
C02347,Customer 2347,customer2347@example.com,Kolkata,West Bengal,2024-12-18,Corporate
C02348,Customer 2348,customer2348@example.com,Pune,Maharashtra,2025-06-03,Consumer
C02349,Customer 2349,customer2349@example.com,Ahmedabad,Gujarat,2025-12-02,Corporate
C02350,Customer 2350,customer2350@example.com,Ahmedabad,Gujarat,2026-05-23,Small Business
C02351,Customer 2351,customer2351@example.com,Kolkata,West Bengal,2024-05-14,Corporate
C02352,Customer 2352,customer2352@example.com,Chennai,Tamil Nadu,2025-03-02,Small Business
C02353,Customer 2353,customer2353@example.com,Hyderabad,Telangana,2026-03-26,Corporate
C02354,Customer 2354,customer2354@example.com,Mumbai,Maharashtra,2025-09-28,Consumer
C02355,Customer 2355,customer2355@example.com,Bengaluru,Karnataka,2025-12-08,Small Business
C02356,Customer 2356,customer2356@example.com,Delhi,Delhi,2025-11-14,Corporate
C02357,Customer 2357,customer2357@example.com,Mumbai,Maharashtra,2024-06-26,Consumer
C02358,Customer 2358,customer2358@example.com,Mumbai,Maharashtra,2025-09-12,Corporate
C02359,Customer 2359,customer2359@example.com,Delhi,Delhi,2026-03-23,Corporate
C02360,Customer 2360,customer2360@example.com,Kolkata,West Bengal,2024-11-06,Consumer
C02361,Customer 2361,customer2361@example.com,Pune,Maharashtra,2025-07-24,Consumer
C02362,Customer 2362,customer2362@example.com,Panipat,Haryana,2025-01-02,Corporate
C02363,Customer 2363,customer2363@example.com,Hyderabad,Telangana,2025-11-24,Consumer
C02364,Customer 2364,customer2364@example.com,Mumbai,Maharashtra,2026-04-27,Small Business
C02365,Customer 2365,customer2365@example.com,Panipat,Haryana,2026-04-06,Consumer
C02366,Customer 2366,customer2366@example.com,Hyderabad,Telangana,2025-03-16,Consumer
C02367,Customer 2367,customer2367@example.com,Ahmedabad,Gujarat,2024-08-20,Consumer
C02368,Customer 2368,customer2368@example.com,Jaipur,Rajasthan,2024-08-17,Corporate
C02369,Customer 2369,customer2369@example.com,Bengaluru,Karnataka,2024-12-14,Corporate
C02370,Customer 2370,customer2370@example.com,Panipat,Haryana,2026-02-27,Small Business
C02371,Customer 2371,customer2371@example.com,Bengaluru,Karnataka,2024-06-03,Small Business
C02372,Customer 2372,customer2372@example.com,Jaipur,Rajasthan,2025-09-10,Small Business
C02373,Customer 2373,,Delhi,Delhi,2025-12-24,Consumer
C02374,Customer 2374,customer2374@example.com,Kolkata,West Bengal,2026-03-29,Corporate
C02375,Customer 2375,customer2375@example.com,Delhi,Delhi,2024-04-18,Small Business
C02376,Customer 2376,customer2376@example.com,Ahmedabad,Gujarat,2026-03-11,Consumer
C02377,Customer 2377,customer2377@example.com,Jaipur,Rajasthan,2024-02-12,Small Business
C02378,Customer 2378,customer2378@example.com,Delhi,Delhi,2024-06-20,Small Business
C02379,Customer 2379,customer2379@example.com,Delhi,Delhi,2026-06-10,Consumer
C02380,Customer 2380,customer2380@example.com,Hyderabad,Telangana,2024-06-09,Small Business
C02381,Customer 2381,customer2381@example.com,Bengaluru,Karnataka,2025-12-26,Corporate
C02382,Customer 2382,invalid-email-2381,Jaipur,Rajasthan,2025-05-25,Small Business
C02383,Customer 2383,customer2383@example.com,Delhi,Delhi,2024-06-06,Small Business
C02384,Customer 2384,customer2384@example.com,Hyderabad,Telangana,2024-12-08,Consumer
C02385,Customer 2385,invalid-email-2384,Delhi,Delhi,2026-05-18,Consumer
C02386,Customer 2386,customer2386@example.com,Kolkata,West Bengal,2025-03-01,Consumer
C02387,Customer 2387,customer2387@example.com,Pune,Maharashtra,2026-05-04,Corporate
C02388,Customer 2388,customer2388@example.com,Hyderabad,Telangana,2024-10-20,Small Business
C02389,Customer 2389,customer2389@example.com,Mumbai,Maharashtra,2024-03-28,Corporate
C02390,Customer 2390,customer2390@example.com,Hyderabad,Telangana,2026-01-02,Corporate
C02391,Customer 2391,customer2391@example.com,Hyderabad,Telangana,2025-10-06,Small Business
C02392,Customer 2392,customer2392@example.com,Pune,Maharashtra,2024-06-04,Small Business
C02393,Customer 2393,customer2393@example.com,Chennai,Tamil Nadu,2026-03-17,Consumer
C02394,Customer 2394,customer2394@example.com,Mumbai,Maharashtra,2026-04-01,Corporate
C02395,Customer 2395,customer2395@example.com,Chennai,Tamil Nadu,2025-02-23,Corporate
C02396,Customer 2396,customer2396@example.com,Jaipur,Rajasthan,2026-03-24,Small Business
C02397,Customer 2397,customer2397@example.com,Hyderabad,Telangana,2024-01-31,Corporate
C02398,Customer 2398,customer2398@example.com,Mumbai,Maharashtra,2026-02-27,Consumer
C02399,Customer 2399,customer2399@example.com,Jaipur,Rajasthan,2024-03-12,Consumer
C02400,Customer 2400,customer2400@example.com,Hyderabad,Telangana,2024-11-18,Corporate
C02401,Customer 2401,customer2401@example.com,Mumbai,Maharashtra,2025-03-20,Consumer
C02402,Customer 2402,customer2402@example.com,Chennai,Tamil Nadu,2026-02-16,Consumer
C02403,Customer 2403,customer2403@example.com,Mumbai,Maharashtra,2025-08-11,Consumer
C02404,Customer 2404,customer2404@example.com,Jaipur,Rajasthan,2024-10-29,Corporate
C02405,Customer 2405,customer2405@example.com,Chennai,Tamil Nadu,2025-11-28,Small Business
C02406,Customer 2406,customer2406@example.com,Jaipur,Rajasthan,2026-06-13,Corporate
C02407,Customer 2407,customer2407@example.com,Hyderabad,Telangana,2024-12-18,Consumer
C02408,Customer 2408,customer2408@example.com,Bengaluru,Karnataka,2025-06-24,Small Business
C02409,Customer 2409,customer2409@example.com,Mumbai,Maharashtra,2025-12-18,Corporate
C02410,Customer 2410,customer2410@example.com,Kolkata,West Bengal,2025-10-21,Consumer
C02411,Customer 2411,customer2411@example.com,Jaipur,Rajasthan,2025-10-01,Small Business
C02412,Customer 2412,customer2412@example.com,Kolkata,West Bengal,2025-12-15,Corporate
C02413,Customer 2413,customer2413@example.com,Chennai,Tamil Nadu,2026-03-05,Consumer
C02414,Customer 2414,customer2414@example.com,Bengaluru,Karnataka,2024-03-27,Consumer
C02415,Customer 2415,customer2415@example.com,Jaipur,Rajasthan,2024-12-08,Corporate
C02416,Customer 2416,customer2416@example.com,Mumbai,Maharashtra,2025-06-16,Small Business
C02417,Customer 2417,customer2417@example.com,Bengaluru,Karnataka,2024-08-06,Consumer
C02418,Customer 2418,customer2418@example.com,Jaipur,Rajasthan,2025-07-19,Corporate
C02419,Customer 2419,customer2419@example.com,Jaipur,Rajasthan,2024-12-14,Small Business
C02420,Customer 2420,customer2420@example.com,Mumbai,Maharashtra,2024-01-24,Consumer
C02421,Customer 2421,customer2421@example.com,Jaipur,Rajasthan,2025-08-29,Corporate
C02422,Customer 2422,customer2422@example.com,Pune,Maharashtra,2026-05-02,Corporate
C02423,Customer 2423,customer2423@example.com,Chennai,Tamil Nadu,2025-06-01,Consumer
C02424,Customer 2424,customer2424@example.com,Panipat,Haryana,2026-05-11,Corporate
C02425,Customer 2425,customer2425@example.com,Bengaluru,Karnataka,2025-10-04,Small Business
C02426,Customer 2426,customer2426@example.com,Hyderabad,Telangana,2024-05-06,Consumer
C02427,Customer 2427,customer2427@example.com,Delhi,Delhi,2025-04-04,Corporate
C02428,Customer 2428,customer2428@example.com,Ahmedabad,Gujarat,2026-01-24,Consumer
C02429,Customer 2429,customer2429@example.com,Kolkata,West Bengal,2024-12-13,Consumer
C02430,Customer 2430,customer2430@example.com,Ahmedabad,Gujarat,2025-08-02,Small Business
C02431,Customer 2431,customer2431@example.com,Jaipur,Rajasthan,2026-05-14,Small Business
C02432,Customer 2432,customer2432@example.com,Pune,Maharashtra,2024-12-24,Corporate
C02433,Customer 2433,customer2433@example.com,Bengaluru,Karnataka,2025-11-13,Small Business
C02434,Customer 2434,invalid-email-2433,Ahmedabad,Gujarat,2025-11-19,Consumer
C02435,Customer 2435,customer2435@example.com,Chennai,Tamil Nadu,2025-06-16,Small Business
C02436,Customer 2436,customer2436@example.com,Pune,Maharashtra,2024-04-17,Corporate
C02437,Customer 2437,customer2437@example.com,Jaipur,Rajasthan,2025-08-19,Consumer
C02438,Customer 2438,invalid-email-2437,Hyderabad,Telangana,2025-04-10,Consumer
C02439,Customer 2439,customer2439@example.com,Mumbai,Maharashtra,2025-12-29,Corporate
C02440,Customer 2440,customer2440@example.com,Chennai,Tamil Nadu,2024-03-24,Consumer
C02441,Customer 2441,customer2441@example.com,Panipat,Haryana,2025-03-11,Consumer
C02442,Customer 2442,customer2442@example.com,Kolkata,West Bengal,2024-08-07,Corporate
C02443,Customer 2443,customer2443@example.com,Delhi,Delhi,2025-01-13,Small Business
C02444,Customer 2444,customer2444@example.com,Jaipur,Rajasthan,2025-02-16,Small Business
C02445,Customer 2445,customer2445@example.com,Jaipur,Rajasthan,2025-06-15,Corporate
C02446,Customer 2446,customer2446@example.com,Bengaluru,Karnataka,2025-08-21,
C02447,Customer 2447,customer2447@example.com,Chennai,Tamil Nadu,2025-03-26,Small Business
C02448,Customer 2448,customer2448@example.com,Kolkata,West Bengal,2026-01-19,Corporate
C02449,Customer 2449,customer2449@example.com,Mumbai,Maharashtra,2024-05-27,Small Business
C02450,Customer 2450,customer2450@example.com,Mumbai,Maharashtra,2025-05-11,Small Business
C02451,Customer 2451,customer2451@example.com,Kolkata,West Bengal,2024-05-12,Small Business
C02452,Customer 2452,customer2452@example.com,Jaipur,Rajasthan,2026-06-02,Small Business
C02453,Customer 2453,customer2453@example.com,Delhi,Delhi,2025-12-12,Consumer
C02454,Customer 2454,customer2454@example.com,Kolkata,West Bengal,2025-04-29,Consumer
C02455,Customer 2455,customer2455@example.com,Mumbai,Maharashtra,2025-07-26,Corporate
C02456,Customer 2456,customer2456@example.com,Delhi,Delhi,2025-09-08,Corporate
C02457,Customer 2457,customer2457@example.com,Delhi,Delhi,2024-05-03,Corporate
C02458,Customer 2458,customer2458@example.com,AHMEDABAD,Gujarat,2024-10-23,Consumer
C02459,Customer 2459,customer2459@example.com,Jaipur,Rajasthan,2024-06-05,Consumer
C02460,Customer 2460,customer2460@example.com,Hyderabad,Telangana,2024-11-08,Corporate
C02461,Customer 2461,customer2461@example.com,Bengaluru,Karnataka,2024-10-28,Corporate
C02462,Customer 2462,customer2462@example.com,Panipat,Haryana,2026-03-21,Consumer
C02463,Customer 2463,customer2463@example.com,Mumbai,Maharashtra,2026-03-13,Small Business
C02464,Customer 2464,customer2464@example.com,Chennai,Tamil Nadu,2024-02-19,Corporate
C02465,Customer 2465,customer2465@example.com,Bengaluru,Karnataka,2024-08-08,Consumer
C02466,Customer 2466,customer2466@example.com,Kolkata,West Bengal,2024-01-03,Consumer
C02467,Customer 2467,customer2467@example.com,Jaipur,Rajasthan,2024-12-23,Consumer
C02468,Customer 2468,customer2468@example.com,Panipat,Haryana,2025-03-03,Corporate
C02469,Customer 2469,customer2469@example.com,Ahmedabad,Gujarat,2024-11-13,Small Business
C02470,Customer 2470,customer2470@example.com,Kolkata,West Bengal,2024-12-11,Corporate
C02471,Customer 2471,customer2471@example.com,Kolkata,West Bengal,2026-05-04,Small Business
C02472,Customer 2472,customer2472@example.com,Ahmedabad,Gujarat,2024-05-15,Consumer
C02473,Customer 2473,customer2473@example.com,Jaipur,Rajasthan,2025-10-13,Corporate
C02474,Customer 2474,,Kolkata,West Bengal,2025-11-14,Corporate
C02475,Customer 2475,customer2475@example.com,Mumbai,Maharashtra,2026-06-06,Small Business
C02476,Customer 2476,customer2476@example.com,Hyderabad,Telangana,2024-04-01,Small Business
C02477,Customer 2477,invalid-email-2476,Ahmedabad,Gujarat,2025-02-23,Corporate
C02478,Customer 2478,customer2478@example.com,Pune,Maharashtra,2025-02-08,Corporate
C02479,Customer 2479,customer2479@example.com,Jaipur,Rajasthan,2024-02-16,Small Business
C02480,Customer 2480,customer2480@example.com,Kolkata,West Bengal,2026-01-23,Corporate
C02481,Customer 2481,customer2481@example.com,DELHI,Delhi,2026-06-05,Consumer
C02482,Customer 2482,customer2482@example.com,Panipat,Haryana,2025-08-08,Small Business
C02483,Customer 2483,customer2483@example.com,Bengaluru,Karnataka,2025-07-28,Small Business
C02484,Customer 2484,customer2484@example.com,Delhi,Delhi,2025-10-21,Small Business
C02485,Customer 2485,customer2485@example.com,Delhi,Delhi,2024-07-16,Small Business
C02486,Customer 2486,customer2486@example.com,Jaipur,Rajasthan,2025-08-13,Consumer
C02487,Customer 2487,customer2487@example.com,Ahmedabad,Gujarat,2025-06-18,Consumer
C02488,Customer 2488,customer2488@example.com,Kolkata,West Bengal,2025-05-29,Consumer
C02489,Customer 2489,customer2489@example.com,Delhi,Delhi,2025-11-05,Small Business
C02490,Customer 2490,customer2490@example.com,Mumbai,Maharashtra,2024-01-20,Corporate
C02491,Customer 2491,customer2491@example.com,Pune,Maharashtra,2024-09-08,Small Business
C02492,Customer 2492,customer2492@example.com,Ahmedabad,Gujarat,2025-03-30,Consumer
C02493,Customer 2493,customer2493@example.com,Jaipur,Rajasthan,2025-09-13,Corporate
C02494,Customer 2494,customer2494@example.com,Chennai,Tamil Nadu,2025-08-26,Consumer
C02495,Customer 2495,customer2495@example.com,Kolkata,West Bengal,2026-06-01,Consumer
C02496,Customer 2496,customer2496@example.com,Hyderabad,Telangana,2025-03-23,Consumer
C02497,Customer 2497,customer2497@example.com,Chennai,Tamil Nadu,2024-01-25,Small Business
C02498,Customer 2498,customer2498@example.com,Hyderabad,Telangana,2025-01-26,Corporate
C02499,Customer 2499,customer2499@example.com,Delhi,Delhi,2024-04-27,Consumer
C02500,Customer 2500,customer2500@example.com,Jaipur,Rajasthan,2024-06-21,Corporate
C02501,Customer 2501,customer2501@example.com,Mumbai,Maharashtra,2024-07-06,Corporate
C02502,Customer 2502,customer2502@example.com,Delhi,Delhi,2024-06-06,Corporate
C02503,Customer 2503,customer2503@example.com,Chennai,Tamil Nadu,2025-11-25,Consumer
C02504,Customer 2504,customer2504@example.com,Panipat,Haryana,2025-09-21,Corporate
C02505,Customer 2505,customer2505@example.com,Mumbai,Maharashtra,2024-01-28,Small Business
C02506,Customer 2506,customer2506@example.com,Panipat,Haryana,2024-11-01,Corporate
C02507,Customer 2507,customer2507@example.com,Delhi,Delhi,2024-11-23,Consumer
C02508,Customer 2508,customer2508@example.com,Chennai,Tamil Nadu,2024-11-27,Corporate
C02509,Customer 2509,customer2509@example.com,Chennai,Tamil Nadu,2026-04-27,Consumer
C02510,Customer 2510,customer2510@example.com,Panipat,Haryana,2024-07-26,Consumer
C02511,Customer 2511,customer2511@example.com,Ahmedabad,Gujarat,2025-08-23,Consumer
C02512,Customer 2512,customer2512@example.com,Kolkata,West Bengal,2025-06-04,Small Business
C02513,Customer 2513,customer2513@example.com,Chennai,Tamil Nadu,2024-04-27,Corporate
C02514,Customer 2514,customer2514@example.com,Panipat,Haryana,2024-11-21,Corporate
C02515,Customer 2515,customer2515@example.com,Jaipur,Rajasthan,2025-02-20,Consumer
C02516,Customer 2516,customer2516@example.com,Kolkata,West Bengal,2024-01-30,Corporate
C02517,Customer 2517,customer2517@example.com,Pune,Maharashtra,2024-01-20,Corporate
C02518,Customer 2518,,Jaipur,Rajasthan,2025-08-23,Small Business
C02519,Customer 2519,customer2519@example.com,Delhi,Delhi,2024-09-09,Small Business
C02520,Customer 2520,customer2520@example.com,Mumbai,Maharashtra,2024-11-07,Small Business
C02521,Customer 2521,customer2521@example.com,Chennai,Tamil Nadu,2025-04-01,Consumer
C02522,Customer 2522,customer2522@example.com,Jaipur,Rajasthan,2024-07-27,Consumer
C02523,Customer 2523,customer2523@example.com,Hyderabad,Telangana,2025-07-07,Consumer
C02524,Customer 2524,customer2524@example.com,Pune,Maharashtra,2025-07-04,Corporate
C02525,Customer 2525,customer2525@example.com,Jaipur,Rajasthan,2025-04-07,Consumer
C02526,Customer 2526,customer2526@example.com,Panipat,Haryana,2026-04-12,Corporate
C02527,Customer 2527,customer2527@example.com,Ahmedabad,Gujarat,2024-10-23,Small Business
C02528,Customer 2528,customer2528@example.com,Mumbai,Maharashtra,2024-01-01,Consumer
C02529,Customer 2529,customer2529@example.com,Kolkata,West Bengal,2024-10-06,Small Business
C02530,Customer 2530,customer2530@example.com,Bengaluru,Karnataka,2026-05-09,Small Business
C02531,Customer 2531,customer2531@example.com,Chennai,Tamil Nadu,2024-12-25,Small Business
C02532,Customer 2532,customer2532@example.com,Pune,Maharashtra,2025-08-22,Small Business
C02533,Customer 2533,customer2533@example.com,Bengaluru,Karnataka,2024-02-16,Consumer
C02534,Customer 2534,customer2534@example.com,Jaipur,Rajasthan,2025-07-30,Consumer
C02535,Customer 2535,customer2535@example.com,Bengaluru,Karnataka,2024-04-01,Corporate
C02536,Customer 2536,customer2536@example.com,Delhi,Delhi,2026-04-30,Consumer
C02537,Customer 2537,customer2537@example.com,Jaipur,Rajasthan,2024-10-13,Corporate
C02538,Customer 2538,customer2538@example.com,Pune,Maharashtra,2025-09-17,Small Business
C02539,Customer 2539,customer2539@example.com,Hyderabad,Telangana,2025-11-29,Corporate
C02540,Customer 2540,customer2540@example.com,Bengaluru,Karnataka,2026-02-09,Small Business
C02541,Customer 2541,customer2541@example.com,Kolkata,West Bengal,2024-10-06,Consumer
C02542,Customer 2542,customer2542@example.com,Hyderabad,Telangana,2024-12-15,Consumer
C02543,Customer 2543,customer2543@example.com,Kolkata,West Bengal,2025-09-05,Corporate
C02544,Customer 2544,customer2544@example.com,Panipat,Haryana,2025-12-09,Consumer
C02545,Customer 2545,customer2545@example.com,Panipat,Haryana,2025-09-15,Corporate
C02546,Customer 2546,customer2546@example.com,Panipat,Haryana,2024-01-10,Small Business
C02547,Customer 2547,customer2547@example.com,Mumbai,Maharashtra,2025-02-27,Small Business
C02548,Customer 2548,customer2548@example.com,Kolkata,West Bengal,2026-02-19,Corporate
C02549,Customer 2549,customer2549@example.com,Jaipur,Rajasthan,2024-03-24,Small Business
C02550,Customer 2550,customer2550@example.com,Delhi,Delhi,2025-07-05,Consumer
C02551,Customer 2551,customer2551@example.com,Kolkata,West Bengal,2025-11-19,Consumer
C02552,Customer 2552,customer2552@example.com,Hyderabad,Telangana,2026-04-12,Corporate
C02553,Customer 2553,customer2553@example.com,Ahmedabad,Gujarat,2025-01-01,Corporate
C02554,Customer 2554,customer2554@example.com,Mumbai,Maharashtra,2026-05-09,Small Business
C02555,Customer 2555,customer2555@example.com,Panipat,Haryana,2024-05-07,Corporate
C02556,Customer 2556,customer2556@example.com,Hyderabad,Telangana,2024-07-16,Corporate
C02557,Customer 2557,customer2557@example.com,Panipat,Haryana,2024-08-14,Small Business
C02558,Customer 2558,customer2558@example.com,Panipat,Haryana,2026-02-15,Corporate
C02559,Customer 2559,customer2559@example.com,Hyderabad,Telangana,2024-07-15,Consumer
C02560,Customer 2560,customer2560@example.com,Ahmedabad,Gujarat,2025-10-02,Corporate
C02561,Customer 2561,customer2561@example.com,Pune,Maharashtra,2024-08-27,Corporate
C02562,Customer 2562,customer2562@example.com,Hyderabad,Telangana,2024-02-07,Corporate
C02563,Customer 2563,customer2563@example.com,Kolkata,West Bengal,2025-12-21,Small Business
C02564,Customer 2564,customer2564@example.com,Ahmedabad,Gujarat,2024-08-02,Consumer
C02565,Customer 2565,,Pune,Maharashtra,2026-04-20,Small Business
C02566,Customer 2566,customer2566@example.com,Chennai,Tamil Nadu,2024-04-23,Corporate
C02567,Customer 2567,customer2567@example.com,Ahmedabad,Gujarat,2025-05-27,Corporate
C02568,Customer 2568,customer2568@example.com,Mumbai,Maharashtra,2025-07-19,Consumer
C02569,Customer 2569,customer2569@example.com,Ahmedabad,Gujarat,2025-11-19,Small Business
C02570,Customer 2570,customer2570@example.com,Ahmedabad,Gujarat,2025-08-01,Consumer
C02571,Customer 2571,customer2571@example.com,Delhi,Delhi,2025-08-25,Consumer
C02572,Customer 2572,customer2572@example.com,Delhi,Delhi,2024-05-10,Corporate
C02573,Customer 2573,customer2573@example.com,Ahmedabad,Gujarat,2026-05-26,Consumer
C02574,Customer 2574,customer2574@example.com,Jaipur,Rajasthan,2026-01-16,Corporate
C02575,Customer 2575,customer2575@example.com,Pune,Maharashtra,2026-05-18,Small Business
C02576,Customer 2576,customer2576@example.com,Panipat,Haryana,2025-12-10,Small Business
C02577,Customer 2577,customer2577@example.com,Jaipur,Rajasthan,2025-09-21,Corporate
C02578,Customer 2578,customer2578@example.com,Jaipur,Rajasthan,2025-04-09,Consumer
C02579,Customer 2579,customer2579@example.com,Chennai,Tamil Nadu,2025-10-18,Small Business
C02580,Customer 2580,customer2580@example.com,Panipat,Haryana,2026-05-24,Corporate
C02581,Customer 2581,customer2581@example.com,Chennai,Tamil Nadu,2026-05-14,Corporate
C02582,Customer 2582,customer2582@example.com,Bengaluru,Karnataka,2024-05-04,Small Business
C02583,Customer 2583,customer2583@example.com,Jaipur,Rajasthan,2025-04-22,Corporate
C02584,Customer 2584,customer2584@example.com,Hyderabad,Telangana,2025-06-13,Consumer
C02585,Customer 2585,customer2585@example.com,Pune,Maharashtra,2024-02-18,Corporate
C02586,Customer 2586,customer2586@example.com,Chennai,Tamil Nadu,2025-06-29,Corporate
C02587,Customer 2587,customer2587@example.com,Hyderabad,Telangana,2024-01-06,Corporate
C02588,Customer 2588,customer2588@example.com,Pune,Maharashtra,2024-12-08,Consumer
C02589,Customer 2589,customer2589@example.com,Ahmedabad,Gujarat,2026-04-07,Consumer
C02590,Customer 2590,customer2590@example.com,Pune,Maharashtra,2025-12-07,Corporate
C02591,Customer 2591,customer2591@example.com,Delhi,Delhi,2024-09-12,Consumer
C02592,Customer 2592,customer2592@example.com,Mumbai,Maharashtra,2024-12-03,Corporate
C02593,Customer 2593,customer2593@example.com,Delhi,Delhi,2025-10-03,Small Business
C02594,Customer 2594,customer2594@example.com,Delhi,Delhi,2024-01-29,Corporate
C02595,Customer 2595,customer2595@example.com,Chennai,Tamil Nadu,2026-04-07,Consumer
C02596,Customer 2596,customer2596@example.com,Ahmedabad,Gujarat,2026-03-27,Small Business
C02597,Customer 2597,customer2597@example.com,Hyderabad,Telangana,2026-05-10,Corporate
C02598,Customer 2598,customer2598@example.com,Pune,Maharashtra,2024-04-20,Corporate
C02599,Customer 2599,customer2599@example.com,Pune,Maharashtra,2024-12-14,Consumer
C02600,Customer 2600,customer2600@example.com,Hyderabad,Telangana,2025-06-16,Consumer
C02601,Customer 2601,customer2601@example.com,Delhi,Delhi,2026-03-05,Small Business
C02602,Customer 2602,customer2602@example.com,Ahmedabad,Gujarat,2025-03-25,Consumer
C02603,Customer 2603,customer2603@example.com,Kolkata,West Bengal,2025-08-15,Consumer
C02604,Customer 2604,customer2604@example.com,Delhi,Delhi,2024-03-03,Consumer
C02605,Customer 2605,customer2605@example.com,Chennai,Tamil Nadu,2024-11-16,Small Business
C02606,Customer 2606,customer2606@example.com,Delhi,Delhi,2026-03-12,Consumer
C02607,Customer 2607,customer2607@example.com,Panipat,Haryana,2026-04-01,Corporate
C02608,Customer 2608,customer2608@example.com,Panipat,Haryana,2024-11-04,Small Business
C02609,Customer 2609,customer2609@example.com,Chennai,Tamil Nadu,2024-03-08,Consumer
C02610,Customer 2610,customer2610@example.com,Panipat,Haryana,2025-07-26,Consumer
C02611,Customer 2611,customer2611@example.com,Bengaluru,Karnataka,2026-05-20,Corporate
C02612,Customer 2612,customer2612@example.com,Chennai,Tamil Nadu,2024-04-08,Small Business
C02613,Customer 2613,customer2613@example.com,Chennai,Tamil Nadu,2024-08-26,Small Business
C02614,Customer 2614,customer2614@example.com,Ahmedabad,Gujarat,2024-01-11,Corporate
C02615,Customer 2615,customer2615@example.com,Chennai,Tamil Nadu,2025-04-20,Corporate
C02616,Customer 2616,customer2616@example.com,Ahmedabad,Gujarat,2025-09-26,Consumer
C02617,Customer 2617,customer2617@example.com,Hyderabad,Telangana,2025-10-28,Small Business
C02618,Customer 2618,customer2618@example.com,Panipat,Haryana,2025-04-09,Small Business
C02619,Customer 2619,customer2619@example.com,Hyderabad,Telangana,2025-08-24,Consumer
C02620,Customer 2620,customer2620@example.com,Delhi,Delhi,2024-04-15,Consumer
C02621,Customer 2621,customer2621@example.com,Ahmedabad,Gujarat,2025-12-31,Consumer
C02622,Customer 2622,customer2622@example.com,Ahmedabad,Gujarat,2026-03-19,Consumer
C02623,Customer 2623,customer2623@example.com,Ahmedabad,Gujarat,2024-05-09,Small Business
C02624,Customer 2624,customer2624@example.com,Jaipur,Rajasthan,2024-09-19,Corporate
C02625,Customer 2625,customer2625@example.com,Chennai,Tamil Nadu,2025-05-07,Small Business
C02626,Customer 2626,customer2626@example.com,Ahmedabad,Gujarat,2025-03-31,Consumer
C02627,Customer 2627,customer2627@example.com,Pune,Maharashtra,2024-05-20,Consumer
C02628,Customer 2628,customer2628@example.com,Panipat,Haryana,2024-05-10,Corporate
C02629,Customer 2629,customer2629@example.com,Ahmedabad,Gujarat,2025-03-22,Small Business
C02630,Customer 2630,,Hyderabad,Telangana,2024-11-14,Small Business
C02631,Customer 2631,customer2631@example.com,Jaipur,Rajasthan,2026-03-05,Consumer
C02632,Customer 2632,customer2632@example.com,Mumbai,Maharashtra,2025-04-25,Corporate
C02633,Customer 2633,customer2633@example.com,Ahmedabad,Gujarat,2024-12-17,Corporate
C02634,Customer 2634,customer2634@example.com,Hyderabad,Telangana,2024-01-09,Small Business
C02635,Customer 2635,customer2635@example.com,Ahmedabad,Gujarat,2025-11-04,Small Business
C02636,Customer 2636,customer2636@example.com,Mumbai,Maharashtra,2024-02-28,Consumer
C02637,Customer 2637,customer2637@example.com,Jaipur,Rajasthan,2026-04-18,Small Business
C02638,Customer 2638,customer2638@example.com,Panipat,Haryana,2025-03-08,Corporate
C02639,Customer 2639,,Pune,Maharashtra,2024-07-24,Small Business
C02640,Customer 2640,customer2640@example.com,Pune,Maharashtra,2026-03-15,Consumer
C02641,Customer 2641,customer2641@example.com,Hyderabad,Telangana,2024-07-12,Small Business
C02642,Customer 2642,customer2642@example.com,Kolkata,West Bengal,2025-12-12,Small Business
C02643,Customer 2643,customer2643@example.com,Kolkata,West Bengal,2025-09-06,Small Business
C02644,Customer 2644,customer2644@example.com,Hyderabad,Telangana,2026-05-22,Small Business
C02645,Customer 2645,customer2645@example.com,Ahmedabad,Gujarat,2024-12-09,Small Business
C02646,Customer 2646,customer2646@example.com,Bengaluru,Karnataka,2025-03-04,Corporate
C02647,Customer 2647,customer2647@example.com,Mumbai,Maharashtra,2024-04-17,Corporate
C02648,Customer 2648,customer2648@example.com,Panipat,Haryana,2025-05-22,Consumer
C02649,Customer 2649,customer2649@example.com,Panipat,Haryana,2025-10-16,Consumer
C02650,Customer 2650,customer2650@example.com,Pune,Maharashtra,2025-04-22,Small Business
C02651,Customer 2651,customer2651@example.com,Pune,Maharashtra,2024-09-01,Corporate
C02652,Customer 2652,customer2652@example.com,Hyderabad,Telangana,2026-04-06,Small Business
C02653,Customer 2653,customer2653@example.com,Chennai,Tamil Nadu,2024-07-29,Corporate
C02654,Customer 2654,customer2654@example.com,Mumbai,Maharashtra,2026-04-25,Consumer
C02655,Customer 2655,customer2655@example.com,Hyderabad,Telangana,2024-01-11,Consumer
C02656,Customer 2656,customer2656@example.com,Hyderabad,Telangana,2024-01-31,Small Business
C02657,Customer 2657,customer2657@example.com,Delhi,Delhi,2024-05-25,Corporate
C02658,Customer 2658,customer2658@example.com,Kolkata,West Bengal,2024-07-18,
C02659,Customer 2659,customer2659@example.com,Ahmedabad,Gujarat,2026-02-22,Corporate
C02660,Customer 2660,customer2660@example.com,Panipat,Haryana,2024-01-31,Consumer
C02661,Customer 2661,customer2661@example.com,Pune,Maharashtra,2024-10-17,Consumer
C02662,Customer 2662,customer2662@example.com,Pune,Maharashtra,2024-09-25,Small Business
C02663,Customer 2663,customer2663@example.com,Mumbai,Maharashtra,2024-12-13,Small Business
C02664,Customer 2664,customer2664@example.com,Pune,Maharashtra,2024-07-01,Consumer
C02665,Customer 2665,customer2665@example.com,Panipat,Haryana,2024-06-29,Corporate
C02666,Customer 2666,customer2666@example.com,Delhi,Delhi,2024-01-22,Small Business
C02667,Customer 2667,customer2667@example.com,Mumbai,Maharashtra,2025-01-23,Small Business
C02668,Customer 2668,customer2668@example.com,Delhi,Delhi,2024-12-12,Consumer
C02669,Customer 2669,customer2669@example.com,Bengaluru,Karnataka,2025-04-12,Consumer
C02670,Customer 2670,customer2670@example.com,Hyderabad,Telangana,2026-04-08,Corporate
C02671,Customer 2671,customer2671@example.com,Mumbai,Maharashtra,2025-06-23,Small Business
C02672,Customer 2672,customer2672@example.com,Chennai,Tamil Nadu,2026-06-18,Small Business
C02673,Customer 2673,customer2673@example.com,Delhi,Delhi,2024-05-01,Consumer
C02674,Customer 2674,customer2674@example.com,Mumbai,Maharashtra,2026-03-24,Consumer
C02675,Customer 2675,customer2675@example.com,Pune,Maharashtra,2025-06-29,Corporate
C02676,Customer 2676,,Hyderabad,Telangana,2024-11-21,Small Business
C02677,Customer 2677,,Chennai,Tamil Nadu,2025-10-13,Consumer
C02678,Customer 2678,customer2678@example.com,Panipat,Haryana,2026-02-20,Small Business
C02679,Customer 2679,customer2679@example.com,Ahmedabad,Gujarat,2024-07-12,Small Business
C02680,Customer 2680,customer2680@example.com,Bengaluru,Karnataka,2026-03-19,Consumer
C02681,Customer 2681,customer2681@example.com,Hyderabad,Telangana,2024-09-10,Consumer
C02682,Customer 2682,customer2682@example.com,Bengaluru,Karnataka,2026-06-12,Consumer
C02683,Customer 2683,customer2683@example.com,Jaipur,Rajasthan,2025-08-21,Corporate
C02684,Customer 2684,customer2684@example.com,Pune,Maharashtra,2026-01-14,Consumer
C02685,Customer 2685,customer2685@example.com,Kolkata,West Bengal,2026-03-20,Small Business
C02686,Customer 2686,customer2686@example.com,Ahmedabad,Gujarat,2024-03-07,Consumer
C02687,Customer 2687,customer2687@example.com,Jaipur,Rajasthan,2025-02-01,Small Business
C02688,Customer 2688,customer2688@example.com,Jaipur,Rajasthan,2025-01-18,Corporate
C02689,Customer 2689,customer2689@example.com,Jaipur,Rajasthan,2025-04-20,Consumer
C02690,Customer 2690,customer2690@example.com,Hyderabad,Telangana,2025-12-30,Corporate
C02691,Customer 2691,customer2691@example.com,Jaipur,Rajasthan,2025-12-12,Corporate
C02692,Customer 2692,customer2692@example.com,Kolkata,West Bengal,2025-04-30,Corporate
C02693,Customer 2693,customer2693@example.com,Ahmedabad,Gujarat,2025-02-14,Small Business
C02694,Customer 2694,customer2694@example.com,Ahmedabad,Gujarat,2025-10-27,Consumer
C02695,Customer 2695,customer2695@example.com,Pune,Maharashtra,2024-08-12,Consumer
C02696,Customer 2696,customer2696@example.com,Kolkata,West Bengal,2026-06-02,Consumer
C02697,Customer 2697,customer2697@example.com,Chennai,Tamil Nadu,2024-08-11,Corporate
C02698,Customer 2698,customer2698@example.com,Chennai,Tamil Nadu,2025-01-21,Small Business
C02699,Customer 2699,customer2699@example.com,Mumbai,Maharashtra,2026-05-12,Corporate
C02700,Customer 2700,customer2700@example.com,Bengaluru,Karnataka,2025-07-17,Consumer
C02701,Customer 2701,customer2701@example.com,Mumbai,Maharashtra,2026-02-08,Consumer
C02702,Customer 2702,customer2702@example.com,Bengaluru,Karnataka,2025-03-31,Small Business
C02703,Customer 2703,customer2703@example.com,Hyderabad,Telangana,2024-08-23,Small Business
C02704,Customer 2704,customer2704@example.com,Panipat,Haryana,2025-04-21,Small Business
C02705,Customer 2705,customer2705@example.com,Ahmedabad,Gujarat,2024-12-10,Corporate
C02706,Customer 2706,customer2706@example.com,Kolkata,West Bengal,2025-04-23,Corporate
C02707,Customer 2707,customer2707@example.com,Chennai,Tamil Nadu,2025-01-11,Corporate
C02708,Customer 2708,customer2708@example.com,Hyderabad,Telangana,2024-10-06,Corporate
C02709,Customer 2709,customer2709@example.com,Panipat,Haryana,2024-07-02,Corporate
C02710,Customer 2710,customer2710@example.com,Pune,Maharashtra,2024-09-28,Small Business
C02711,Customer 2711,customer2711@example.com,Delhi,Delhi,2025-01-02,Consumer
C02712,Customer 2712,customer2712@example.com,Bengaluru,Karnataka,2026-05-12,Small Business
C02713,Customer 2713,customer2713@example.com,Jaipur,Rajasthan,2025-07-13,Small Business
C02714,Customer 2714,customer2714@example.com,Delhi,Delhi,2026-03-15,Corporate
C02715,Customer 2715,customer2715@example.com,Pune,Maharashtra,2024-04-10,Consumer
C02716,Customer 2716,customer2716@example.com,Delhi,Delhi,2025-01-03,Consumer
C02717,Customer 2717,invalid-email-2716,Jaipur,Rajasthan,2024-07-24,Corporate
C02718,Customer 2718,customer2718@example.com,Pune,Maharashtra,2025-11-22,Corporate
C02719,Customer 2719,customer2719@example.com,Bengaluru,Karnataka,2024-11-05,Small Business
C02720,Customer 2720,customer2720@example.com,Bengaluru,Karnataka,2024-07-14,Small Business
C02721,Customer 2721,customer2721@example.com,Ahmedabad,Gujarat,2024-05-21,Small Business
C02722,Customer 2722,customer2722@example.com,Jaipur,Rajasthan,2024-09-24,Consumer
C02723,Customer 2723,customer2723@example.com,Bengaluru,Karnataka,2024-10-15,Corporate
C02724,Customer 2724,customer2724@example.com,Chennai,Tamil Nadu,2025-02-19,Small Business
C02725,Customer 2725,customer2725@example.com,Panipat,Haryana,2025-04-28,Small Business
C02726,Customer 2726,customer2726@example.com,Jaipur,Rajasthan,2026-02-18,Consumer
C02727,Customer 2727,customer2727@example.com,Chennai,Tamil Nadu,2024-08-21,Consumer
C02728,Customer 2728,customer2728@example.com,Pune,Maharashtra,2025-04-30,Consumer
C02729,Customer 2729,customer2729@example.com,Jaipur,Rajasthan,2025-08-24,Small Business
C02730,Customer 2730,customer2730@example.com,Kolkata,West Bengal,2026-01-09,Corporate
C02731,Customer 2731,customer2731@example.com,Hyderabad,Telangana,2026-03-21,Consumer
C02732,Customer 2732,customer2732@example.com,Hyderabad,Telangana,2026-05-16,Consumer
C02733,Customer 2733,customer2733@example.com,Chennai,Tamil Nadu,2026-02-27,Small Business
C02734,Customer 2734,customer2734@example.com,Chennai,Tamil Nadu,2024-08-02,Corporate
C02735,Customer 2735,customer2735@example.com,Kolkata,West Bengal,2026-05-23,Small Business
C02736,Customer 2736,customer2736@example.com,Panipat,Haryana,2025-01-18,Consumer
C02737,Customer 2737,customer2737@example.com,Ahmedabad,Gujarat,2026-06-13,Consumer
C02738,Customer 2738,customer2738@example.com,Bengaluru,Karnataka,2026-01-25,Consumer
C02739,Customer 2739,customer2739@example.com,Kolkata,West Bengal,2026-04-09,Small Business
C02740,Customer 2740,customer2740@example.com,Hyderabad,Telangana,2024-12-13,Consumer
C02741,Customer 2741,customer2741@example.com,Chennai,Tamil Nadu,2025-03-11,Small Business
C02742,Customer 2742,customer2742@example.com,Chennai,Tamil Nadu,2026-02-20,Small Business
C02743,Customer 2743,customer2743@example.com,Jaipur,Rajasthan,2024-11-02,Corporate
C02744,Customer 2744,customer2744@example.com,Ahmedabad,Gujarat,2024-01-24,Small Business
C02745,Customer 2745,customer2745@example.com,Panipat,Haryana,2024-05-22,Consumer
C02746,Customer 2746,customer2746@example.com,Hyderabad,Telangana,2025-08-04,Small Business
C02747,Customer 2747,customer2747@example.com,Ahmedabad,Gujarat,2025-09-14,Small Business
C02748,Customer 2748,customer2748@example.com,Chennai,Tamil Nadu,2025-01-25,Consumer
C02749,Customer 2749,customer2749@example.com,Chennai,Tamil Nadu,2024-03-06,Small Business
C02750,Customer 2750,customer2750@example.com,Chennai,Tamil Nadu,2024-07-11,Corporate
C02751,Customer 2751,customer2751@example.com,Delhi,Delhi,2024-12-02,Small Business
C02752,Customer 2752,customer2752@example.com,Kolkata,West Bengal,2025-10-16,Corporate
C02753,Customer 2753,customer2753@example.com,Delhi,Delhi,2024-06-24,Consumer
C02754,Customer 2754,customer2754@example.com,Jaipur,Rajasthan,2024-06-30,Consumer
C02755,Customer 2755,customer2755@example.com,Ahmedabad,Gujarat,2025-05-15,Consumer
C02756,Customer 2756,customer2756@example.com,Mumbai,Maharashtra,2024-07-22,Consumer
C02757,Customer 2757,customer2757@example.com,Chennai,Tamil Nadu,2024-10-17,Consumer
C02758,Customer 2758,customer2758@example.com,Pune,Maharashtra,2024-10-25,Small Business
C02759,Customer 2759,customer2759@example.com,Jaipur,Rajasthan,2024-03-12,Corporate
C02760,Customer 2760,customer2760@example.com,PANIPAT,Haryana,2025-01-12,Small Business
C02761,Customer 2761,customer2761@example.com,Panipat,Haryana,2024-06-24,Corporate
C02762,Customer 2762,customer2762@example.com,Chennai,Tamil Nadu,2025-02-04,Consumer
C02763,Customer 2763,customer2763@example.com,Delhi,Delhi,2024-05-12,Small Business
C02764,Customer 2764,customer2764@example.com,Chennai,Tamil Nadu,2025-05-04,Small Business
C02765,Customer 2765,customer2765@example.com,Delhi,Delhi,2025-02-02,Consumer
C02766,Customer 2766,customer2766@example.com,Mumbai,Maharashtra,2026-06-10,Consumer
C02767,Customer 2767,customer2767@example.com,Bengaluru,Karnataka,2025-03-18,Small Business
C02768,Customer 2768,customer2768@example.com,Kolkata,West Bengal,2024-06-11,Small Business
C02769,Customer 2769,customer2769@example.com,Ahmedabad,Gujarat,2024-11-13,Small Business
C02770,Customer 2770,customer2770@example.com,Pune,Maharashtra,2025-05-29,Small Business
C02771,Customer 2771,customer2771@example.com,Kolkata,West Bengal,2024-10-09,Consumer
C02772,Customer 2772,,Panipat,Haryana,2024-05-26,Corporate
C02773,Customer 2773,customer2773@example.com,Delhi,Delhi,2026-04-24,Corporate
C02774,Customer 2774,customer2774@example.com,Ahmedabad,Gujarat,2026-04-06,
C02775,Customer 2775,customer2775@example.com,Jaipur,Rajasthan,2024-12-02,Small Business
C02776,Customer 2776,customer2776@example.com,Kolkata,West Bengal,2025-04-16,Corporate
C02777,Customer 2777,customer2777@example.com,Ahmedabad,Gujarat,2024-02-10,Small Business
C02778,Customer 2778,customer2778@example.com,Delhi,Delhi,2024-10-21,Small Business
C02779,Customer 2779,customer2779@example.com,Kolkata,West Bengal,2024-12-21,Small Business
C02780,Customer 2780,customer2780@example.com,Bengaluru,Karnataka,2025-02-04,Small Business
C02781,Customer 2781,customer2781@example.com,Mumbai,Maharashtra,2025-03-01,Consumer
C02782,Customer 2782,customer2782@example.com,Mumbai,Maharashtra,2025-09-24,Small Business
C02783,Customer 2783,customer2783@example.com,Chennai,Tamil Nadu,2025-04-13,Corporate
C02784,Customer 2784,customer2784@example.com,Mumbai,Maharashtra,2025-12-16,Small Business
C02785,Customer 2785,customer2785@example.com,Delhi,Delhi,2025-02-06,Small Business
C02786,Customer 2786,customer2786@example.com,Panipat,Haryana,2024-09-02,Consumer
C02787,Customer 2787,customer2787@example.com,Bengaluru,Karnataka,2025-10-05,Small Business
C02788,Customer 2788,customer2788@example.com,Bengaluru,Karnataka,2025-11-13,Consumer
C02789,Customer 2789,customer2789@example.com,Pune,Maharashtra,2025-05-20,Corporate
C02790,Customer 2790,customer2790@example.com,Jaipur,Rajasthan,2024-05-04,Corporate
C02791,Customer 2791,customer2791@example.com,Delhi,Delhi,2026-02-12,Consumer
C02792,Customer 2792,customer2792@example.com,Jaipur,Rajasthan,2026-02-23,Corporate
C02793,Customer 2793,customer2793@example.com,Chennai,Tamil Nadu,2025-04-06,Consumer
C02794,Customer 2794,customer2794@example.com,Bengaluru,Karnataka,2024-07-31,Small Business
C02795,Customer 2795,customer2795@example.com,Panipat,Haryana,2025-04-18,Consumer
C02796,Customer 2796,customer2796@example.com,Delhi,Delhi,2025-10-16,Small Business
C02797,Customer 2797,customer2797@example.com,Kolkata,West Bengal,2025-01-25,Corporate
C02798,Customer 2798,customer2798@example.com,Chennai,Tamil Nadu,2026-05-26,Consumer
C02799,Customer 2799,customer2799@example.com,Chennai,Tamil Nadu,2024-02-08,Consumer
C02800,Customer 2800,customer2800@example.com,Bengaluru,Karnataka,2024-04-27,Small Business
C02801,Customer 2801,customer2801@example.com,Mumbai,Maharashtra,2024-11-30,Small Business
C02802,Customer 2802,customer2802@example.com,Kolkata,West Bengal,2025-05-11,Corporate
C02803,Customer 2803,customer2803@example.com,Delhi,Delhi,2024-03-25,Small Business
C02804,Customer 2804,customer2804@example.com,Pune,Maharashtra,2025-12-31,Corporate
C02805,Customer 2805,customer2805@example.com,Mumbai,Maharashtra,2025-04-27,Corporate
C02806,Customer 2806,customer2806@example.com,Mumbai,Maharashtra,2024-06-23,Consumer
C02807,Customer 2807,customer2807@example.com,Ahmedabad,Gujarat,2024-04-12,Consumer
C02808,Customer 2808,,Bengaluru,Karnataka,2024-05-07,Small Business
C02809,Customer 2809,customer2809@example.com,Chennai,Tamil Nadu,2024-06-21,Consumer
C02810,Customer 2810,customer2810@example.com,Panipat,Haryana,2025-11-24,Corporate
C02811,Customer 2811,customer2811@example.com,Mumbai,Maharashtra,2025-03-27,Corporate
C02812,Customer 2812,customer2812@example.com,Mumbai,Maharashtra,2024-08-09,Small Business
C02813,Customer 2813,customer2813@example.com,Panipat,Haryana,2025-11-22,Small Business
C02814,Customer 2814,customer2814@example.com,Pune,Maharashtra,2025-03-28,Small Business
C02815,Customer 2815,customer2815@example.com,Panipat,Haryana,2026-05-06,Small Business
C02816,Customer 2816,customer2816@example.com,Jaipur,Rajasthan,2025-10-18,Small Business
C02817,Customer 2817,customer2817@example.com,Delhi,Delhi,2025-02-03,Small Business
C02818,Customer 2818,customer2818@example.com,Bengaluru,Karnataka,2025-03-30,Consumer
C02819,Customer 2819,customer2819@example.com,Ahmedabad,Gujarat,2024-01-05,Consumer
C02820,Customer 2820,customer2820@example.com,Chennai,Tamil Nadu,2026-02-24,Consumer
C02821,Customer 2821,customer2821@example.com,Pune,Maharashtra,2025-01-18,Consumer
C02822,Customer 2822,customer2822@example.com,Pune,Maharashtra,2024-04-03,Consumer
C02823,Customer 2823,customer2823@example.com,Chennai,Tamil Nadu,2024-01-29,Consumer
C02824,Customer 2824,customer2824@example.com,Hyderabad,Telangana,2026-04-20,Consumer
C02825,Customer 2825,customer2825@example.com,Delhi,Delhi,2024-08-13,Consumer
C02826,Customer 2826,customer2826@example.com,Mumbai,Maharashtra,2026-01-11,Consumer
C02827,Customer 2827,customer2827@example.com,Panipat,Haryana,2025-03-01,Small Business
C02828,Customer 2828,customer2828@example.com,Delhi,Delhi,2026-04-15,Corporate
C02829,Customer 2829,customer2829@example.com,Hyderabad,Telangana,2025-07-29,Small Business
C02830,Customer 2830,customer2830@example.com,Pune,Maharashtra,2025-10-01,Consumer
C02831,Customer 2831,customer2831@example.com,Jaipur,Rajasthan,2025-02-08,Corporate
C02832,Customer 2832,customer2832@example.com,Delhi,Delhi,2024-08-25,Consumer
C02833,Customer 2833,customer2833@example.com,Delhi,Delhi,2024-12-31,Corporate
C02834,Customer 2834,customer2834@example.com,Mumbai,Maharashtra,2024-01-16,Corporate
C02835,Customer 2835,customer2835@example.com,Hyderabad,Telangana,2024-01-13,Corporate
C02836,Customer 2836,customer2836@example.com,Pune,Maharashtra,2025-04-14,Consumer
C02837,Customer 2837,customer2837@example.com,Delhi,Delhi,2025-11-04,Corporate
C02838,Customer 2838,customer2838@example.com,Ahmedabad,Gujarat,2025-01-12,Consumer
C02839,Customer 2839,customer2839@example.com,Delhi,Delhi,2024-08-11,Corporate
C02840,Customer 2840,customer2840@example.com,Bengaluru,Karnataka,2026-02-24,Small Business
C02841,Customer 2841,customer2841@example.com,Kolkata,West Bengal,2024-04-14,Small Business
C02842,Customer 2842,customer2842@example.com,Jaipur,Rajasthan,2026-03-21,Small Business
C02843,Customer 2843,customer2843@example.com,Mumbai,Maharashtra,2024-09-14,Consumer
C02844,Customer 2844,customer2844@example.com,Ahmedabad,Gujarat,2024-11-28,Small Business
C02845,Customer 2845,customer2845@example.com,CHENNAI,Tamil Nadu,2025-11-25,Small Business
C02846,Customer 2846,customer2846@example.com,Mumbai,Maharashtra,2024-12-06,Consumer
C02847,Customer 2847,customer2847@example.com,Hyderabad,Telangana,2026-05-21,Small Business
C02848,Customer 2848,customer2848@example.com,Kolkata,West Bengal,2024-03-10,Corporate
C02849,Customer 2849,customer2849@example.com,Panipat,Haryana,2025-09-15,Small Business
C02850,Customer 2850,customer2850@example.com,Kolkata,West Bengal,2025-01-26,Small Business
C02851,Customer 2851,customer2851@example.com,Pune,Maharashtra,2025-05-30,Small Business
C02852,Customer 2852,customer2852@example.com,Panipat,Haryana,2024-08-26,Consumer
C02853,Customer 2853,customer2853@example.com,Ahmedabad,Gujarat,2026-02-16,Consumer
C02854,Customer 2854,customer2854@example.com,Bengaluru,Karnataka,2024-08-30,Small Business
C02855,Customer 2855,customer2855@example.com,CHENNAI,Tamil Nadu,2026-02-14,Consumer
C02856,Customer 2856,customer2856@example.com,Ahmedabad,Gujarat,2024-03-22,Consumer
C02857,Customer 2857,customer2857@example.com,Mumbai,Maharashtra,2025-01-18,Corporate
C02858,Customer 2858,customer2858@example.com,Bengaluru,Karnataka,2024-07-25,Consumer
C02859,Customer 2859,customer2859@example.com,Chennai,Tamil Nadu,2024-07-28,Small Business
C02860,Customer 2860,customer2860@example.com,Panipat,Haryana,2024-08-31,Small Business
C02861,Customer 2861,customer2861@example.com,Ahmedabad,Gujarat,2025-03-30,Small Business
C02862,Customer 2862,customer2862@example.com,Hyderabad,Telangana,2024-05-17,Corporate
C02863,Customer 2863,customer2863@example.com,Hyderabad,Telangana,2025-10-21,Consumer
C02864,Customer 2864,customer2864@example.com,Jaipur,Rajasthan,2026-03-21,Corporate
C02865,Customer 2865,customer2865@example.com,Bengaluru,Karnataka,2026-02-07,Consumer
C02866,Customer 2866,customer2866@example.com,Pune,Maharashtra,2026-05-17,Small Business
C02867,Customer 2867,customer2867@example.com,Hyderabad,Telangana,2024-12-16,Consumer
C02868,Customer 2868,customer2868@example.com,Pune,Maharashtra,2025-07-06,Consumer
C02869,Customer 2869,customer2869@example.com,Pune,Maharashtra,2026-03-31,Small Business
C02870,Customer 2870,customer2870@example.com,Pune,Maharashtra,2025-09-14,Corporate
C02871,Customer 2871,customer2871@example.com,Jaipur,Rajasthan,2024-11-25,Consumer
C02872,Customer 2872,customer2872@example.com,Kolkata,West Bengal,2025-10-06,Consumer
C02873,Customer 2873,customer2873@example.com,Delhi,Delhi,2026-06-09,Corporate
C02874,Customer 2874,customer2874@example.com,Delhi,Delhi,2024-07-16,Consumer
C02875,Customer 2875,customer2875@example.com,Mumbai,Maharashtra,2024-07-28,Consumer
C02876,Customer 2876,customer2876@example.com,Delhi,Delhi,2024-06-26,Small Business
C02877,Customer 2877,customer2877@example.com,Jaipur,Rajasthan,2026-05-01,Consumer
C02878,Customer 2878,customer2878@example.com,Pune,Maharashtra,2025-06-03,Consumer
C02879,Customer 2879,customer2879@example.com,Chennai,Tamil Nadu,2026-01-12,Corporate
C02880,Customer 2880,,Bengaluru,Karnataka,2024-06-17,Small Business
C02881,Customer 2881,customer2881@example.com,Pune,Maharashtra,2024-09-07,Corporate
C02882,Customer 2882,customer2882@example.com,Mumbai,Maharashtra,2025-09-12,Consumer
C02883,Customer 2883,customer2883@example.com,Bengaluru,Karnataka,2024-10-19,Small Business
C02884,Customer 2884,customer2884@example.com,Kolkata,West Bengal,2025-10-12,Consumer
C02885,Customer 2885,customer2885@example.com,Bengaluru,Karnataka,2026-06-02,Corporate
C02886,Customer 2886,customer2886@example.com,Delhi,Delhi,2025-01-03,Corporate
C02887,Customer 2887,customer2887@example.com,Chennai,Tamil Nadu,2024-06-20,Corporate
C02888,Customer 2888,customer2888@example.com,Kolkata,West Bengal,2025-03-08,Small Business
C02889,Customer 2889,customer2889@example.com,Ahmedabad,Gujarat,2026-01-22,Corporate
C02890,Customer 2890,customer2890@example.com,Mumbai,Maharashtra,2026-04-19,Corporate
C02891,Customer 2891,customer2891@example.com,Panipat,Haryana,2026-02-19,Corporate
C02892,Customer 2892,customer2892@example.com,Chennai,Tamil Nadu,2026-05-24,Consumer
C02893,Customer 2893,customer2893@example.com,Bengaluru,Karnataka,2025-09-01,Small Business
C02894,Customer 2894,customer2894@example.com,Mumbai,Maharashtra,2025-07-20,Small Business
C02895,Customer 2895,customer2895@example.com,Mumbai,Maharashtra,2024-09-20,Corporate
C02896,Customer 2896,customer2896@example.com,Kolkata,West Bengal,2024-11-09,Corporate
C02897,Customer 2897,customer2897@example.com,Bengaluru,Karnataka,2025-01-19,Small Business
C02898,Customer 2898,customer2898@example.com,Ahmedabad,Gujarat,2025-05-07,Consumer
C02899,Customer 2899,customer2899@example.com,Hyderabad,Telangana,2024-05-19,Small Business
C02900,Customer 2900,customer2900@example.com,Kolkata,West Bengal,2024-07-19,Consumer
C02901,Customer 2901,customer2901@example.com,Pune,Maharashtra,2024-01-05,Consumer
C02902,Customer 2902,customer2902@example.com,Jaipur,Rajasthan,2026-01-17,Small Business
C02903,Customer 2903,customer2903@example.com,Hyderabad,Telangana,2025-05-18,Corporate
C02904,Customer 2904,customer2904@example.com,Chennai,Tamil Nadu,2025-02-08,Small Business
C02905,Customer 2905,customer2905@example.com,Hyderabad,Telangana,2025-01-28,Corporate
C02906,Customer 2906,customer2906@example.com,Bengaluru,Karnataka,2025-10-18,Small Business
C02907,Customer 2907,customer2907@example.com,Delhi,Delhi,2025-02-22,Consumer
C02908,Customer 2908,customer2908@example.com,Delhi,Delhi,2025-01-29,Small Business
C02909,Customer 2909,customer2909@example.com,Mumbai,Maharashtra,2024-07-17,Corporate
C02910,Customer 2910,customer2910@example.com,Bengaluru,Karnataka,2026-02-28,Small Business
C02911,Customer 2911,customer2911@example.com,Hyderabad,Telangana,2025-06-05,Small Business
C02912,Customer 2912,customer2912@example.com,Kolkata,West Bengal,2025-10-12,Small Business
C02913,Customer 2913,customer2913@example.com,Hyderabad,Telangana,2025-12-14,Consumer
C02914,Customer 2914,customer2914@example.com,Chennai,Tamil Nadu,2025-03-10,Small Business
C02915,Customer 2915,customer2915@example.com,Pune,Maharashtra,2024-09-05,Corporate
C02916,Customer 2916,customer2916@example.com,Panipat,Haryana,2026-04-12,Corporate
C02917,Customer 2917,customer2917@example.com,Panipat,Haryana,2025-12-15,Small Business
C02918,Customer 2918,customer2918@example.com,Mumbai,Maharashtra,2024-09-24,Small Business
C02919,Customer 2919,customer2919@example.com,Kolkata,West Bengal,2025-11-28,Consumer
C02920,Customer 2920,customer2920@example.com,Bengaluru,Karnataka,2024-09-10,Small Business
C02921,Customer 2921,customer2921@example.com,Ahmedabad,Gujarat,2025-11-09,Consumer
C02922,Customer 2922,customer2922@example.com,Panipat,Haryana,2024-04-29,Consumer
C02923,Customer 2923,customer2923@example.com,Chennai,Tamil Nadu,2025-02-11,Small Business
C02924,Customer 2924,customer2924@example.com,Ahmedabad,Gujarat,2024-03-23,Small Business
C02925,Customer 2925,customer2925@example.com,Pune,Maharashtra,2026-06-16,Corporate
C02926,Customer 2926,customer2926@example.com,Mumbai,Maharashtra,2026-04-29,Corporate
C02927,Customer 2927,customer2927@example.com,Bengaluru,Karnataka,2025-12-09,Corporate
C02928,Customer 2928,customer2928@example.com,Jaipur,Rajasthan,2025-06-29,Small Business
C02929,Customer 2929,customer2929@example.com,Chennai,Tamil Nadu,2025-08-23,Corporate
C02930,Customer 2930,,Chennai,Tamil Nadu,2026-02-09,Small Business
C02931,Customer 2931,customer2931@example.com,Delhi,Delhi,2024-04-21,Small Business
C02932,Customer 2932,customer2932@example.com,Ahmedabad,Gujarat,2026-03-06,Corporate
C02933,Customer 2933,customer2933@example.com,Mumbai,Maharashtra,2024-10-02,Small Business
C02934,Customer 2934,customer2934@example.com,Pune,Maharashtra,2026-02-05,Corporate
C02935,Customer 2935,customer2935@example.com,Bengaluru,Karnataka,2024-01-07,Consumer
C02936,Customer 2936,customer2936@example.com,Kolkata,West Bengal,2024-01-02,Consumer
C02937,Customer 2937,customer2937@example.com,Delhi,Delhi,2026-03-03,Small Business
C02938,Customer 2938,customer2938@example.com,Chennai,Tamil Nadu,2025-06-21,Corporate
C02939,Customer 2939,customer2939@example.com,Bengaluru,Karnataka,2026-01-20,Corporate
C02940,Customer 2940,customer2940@example.com,Mumbai,Maharashtra,2024-06-29,Corporate
C02941,Customer 2941,customer2941@example.com,Mumbai,Maharashtra,2025-12-21,Consumer
C02942,Customer 2942,customer2942@example.com,Pune,Maharashtra,2025-05-13,Consumer
C02943,Customer 2943,customer2943@example.com,Jaipur,Rajasthan,2024-04-22,Corporate
C02944,Customer 2944,customer2944@example.com,Ahmedabad,Gujarat,2026-04-13,Consumer
C02945,Customer 2945,customer2945@example.com,Mumbai,Maharashtra,2024-07-24,Consumer
C02946,Customer 2946,customer2946@example.com,Mumbai,Maharashtra,2026-04-08,Consumer
C02947,Customer 2947,customer2947@example.com,Bengaluru,Karnataka,2026-06-11,Corporate
C02948,Customer 2948,customer2948@example.com,Kolkata,West Bengal,2025-10-03,Small Business
C02949,Customer 2949,customer2949@example.com,Delhi,Delhi,2026-06-08,Small Business
C02950,Customer 2950,customer2950@example.com,Mumbai,Maharashtra,2024-03-22,Corporate
C02951,Customer 2951,customer2951@example.com,Delhi,Delhi,2025-01-21,Consumer
C02952,Customer 2952,customer2952@example.com,Bengaluru,Karnataka,2024-03-06,Corporate
C02953,Customer 2953,customer2953@example.com,Panipat,Haryana,2025-08-22,Consumer
C02954,Customer 2954,customer2954@example.com,Kolkata,West Bengal,2025-05-11,Small Business
C02955,Customer 2955,,Delhi,Delhi,2024-01-10,Consumer
C02956,Customer 2956,customer2956@example.com,Bengaluru,Karnataka,2026-02-08,Consumer
C02957,Customer 2957,customer2957@example.com,Ahmedabad,Gujarat,2026-03-19,Consumer
C02958,Customer 2958,customer2958@example.com,Delhi,Delhi,2024-08-04,Small Business
C02959,Customer 2959,customer2959@example.com,Panipat,Haryana,2025-01-19,Small Business
C02960,Customer 2960,customer2960@example.com,Jaipur,Rajasthan,2026-02-18,Corporate
C02961,Customer 2961,customer2961@example.com,Kolkata,West Bengal,2025-04-29,Corporate
C02962,Customer 2962,customer2962@example.com,Ahmedabad,Gujarat,2025-03-15,Corporate
C02963,Customer 2963,customer2963@example.com,Hyderabad,Telangana,2025-11-29,Corporate
C02964,Customer 2964,customer2964@example.com,Hyderabad,Telangana,2026-04-16,Consumer
C02965,Customer 2965,customer2965@example.com,Hyderabad,Telangana,2025-11-12,Corporate
C02966,Customer 2966,customer2966@example.com,Chennai,Tamil Nadu,2025-09-17,Consumer
C02967,Customer 2967,customer2967@example.com,Hyderabad,Telangana,2026-06-13,Corporate
C02968,Customer 2968,customer2968@example.com,Delhi,Delhi,2024-01-04,Corporate
C02969,Customer 2969,customer2969@example.com,Chennai,Tamil Nadu,2026-01-12,Consumer
C02970,Customer 2970,customer2970@example.com,Panipat,Haryana,2025-09-08,Consumer
C02971,Customer 2971,customer2971@example.com,Jaipur,Rajasthan,2024-10-13,Small Business
C02972,Customer 2972,customer2972@example.com,Pune,Maharashtra,2025-01-12,Corporate
C02973,Customer 2973,customer2973@example.com,Ahmedabad,Gujarat,2025-12-03,Small Business
C02974,Customer 2974,customer2974@example.com,Kolkata,West Bengal,2025-06-11,Corporate
C02975,Customer 2975,customer2975@example.com,Pune,Maharashtra,2024-01-04,Small Business
C02976,Customer 2976,customer2976@example.com,Hyderabad,Telangana,2024-01-18,Small Business
C02977,Customer 2977,customer2977@example.com,Hyderabad,Telangana,2026-06-13,Consumer
C02978,Customer 2978,customer2978@example.com,Hyderabad,Telangana,2025-11-25,Corporate
C02979,Customer 2979,customer2979@example.com,Pune,Maharashtra,2025-09-13,Corporate
C02980,Customer 2980,customer2980@example.com,Chennai,Tamil Nadu,2026-01-26,Small Business
C02981,Customer 2981,customer2981@example.com,Delhi,Delhi,2024-12-22,Corporate
C02982,Customer 2982,customer2982@example.com,Kolkata,West Bengal,2025-11-05,Small Business
C02983,Customer 2983,customer2983@example.com,Delhi,Delhi,2026-01-21,Corporate
C02984,Customer 2984,customer2984@example.com,Bengaluru,Karnataka,2025-09-13,Consumer
C02985,Customer 2985,customer2985@example.com,Mumbai,Maharashtra,2026-06-09,Small Business
C02986,Customer 2986,customer2986@example.com,Ahmedabad,Gujarat,2026-03-14,Small Business
C02987,Customer 2987,customer2987@example.com,JAIPUR,Rajasthan,2024-02-02,Consumer
C02988,Customer 2988,customer2988@example.com,Kolkata,West Bengal,2026-03-26,Consumer
C02989,Customer 2989,customer2989@example.com,Bengaluru,Karnataka,2026-05-02,Small Business
C02990,Customer 2990,customer2990@example.com,Jaipur,Rajasthan,2026-06-14,Corporate
C02991,Customer 2991,customer2991@example.com,Mumbai,Maharashtra,2025-04-01,Consumer
C02992,Customer 2992,customer2992@example.com,Kolkata,West Bengal,2025-11-09,Small Business
C02993,Customer 2993,customer2993@example.com,PUNE,Maharashtra,2024-09-06,Consumer
C02994,Customer 2994,customer2994@example.com,Mumbai,Maharashtra,2026-02-10,Small Business
C02995,Customer 2995,customer2995@example.com,Delhi,Delhi,2024-04-18,Corporate
C02996,Customer 2996,customer2996@example.com,Panipat,Haryana,2024-06-13,Corporate
C02997,Customer 2997,customer2997@example.com,Chennai,Tamil Nadu,2026-02-23,Corporate
C02998,Customer 2998,customer2998@example.com,Pune,Maharashtra,2026-01-06,Corporate
C02999,Customer 2999,customer2999@example.com,Kolkata,West Bengal,2025-11-17,Consumer
C03000,Customer 3000,customer3000@example.com,Mumbai,Maharashtra,2025-07-01,Small Business
C03001,Customer 3001,customer3001@example.com,Kolkata,West Bengal,2024-04-02,Small Business
C03002,Customer 3002,customer3002@example.com,Hyderabad,Telangana,2026-06-11,Consumer
C03003,Customer 3003,customer3003@example.com,Ahmedabad,Gujarat,2026-02-23,Small Business
C03004,Customer 3004,customer3004@example.com,Delhi,Delhi,2025-10-21,Corporate
C03005,Customer 3005,customer3005@example.com,Chennai,Tamil Nadu,2026-01-04,Small Business
C03006,Customer 3006,customer3006@example.com,Chennai,Tamil Nadu,2025-10-31,Small Business
C03007,Customer 3007,customer3007@example.com,Jaipur,Rajasthan,2026-05-26,Corporate
C03008,Customer 3008,customer3008@example.com,Pune,Maharashtra,2024-08-16,Corporate
C03009,Customer 3009,customer3009@example.com,Delhi,Delhi,2024-10-24,Consumer
C03010,Customer 3010,customer3010@example.com,Delhi,Delhi,2024-04-01,Corporate
C03011,Customer 3011,customer3011@example.com,Ahmedabad,Gujarat,2024-07-11,Small Business
C03012,Customer 3012,customer3012@example.com,Delhi,Delhi,2025-08-09,Corporate
C03013,Customer 3013,customer3013@example.com,Mumbai,Maharashtra,2026-05-23,Corporate
C03014,Customer 3014,customer3014@example.com,Chennai,Tamil Nadu,2025-08-13,Small Business
C03015,Customer 3015,customer3015@example.com,Panipat,Haryana,2024-11-14,Consumer
C03016,Customer 3016,customer3016@example.com,AHMEDABAD,Gujarat,2025-07-02,Consumer
C03017,Customer 3017,customer3017@example.com,Chennai,Tamil Nadu,2025-03-09,Corporate
C03018,Customer 3018,customer3018@example.com,Hyderabad,Telangana,2026-03-27,Small Business
C03019,Customer 3019,customer3019@example.com,Mumbai,Maharashtra,2025-06-16,Small Business
C03020,Customer 3020,customer3020@example.com,Ahmedabad,Gujarat,2025-08-27,Consumer
C03021,Customer 3021,customer3021@example.com,Delhi,Delhi,2025-02-08,Consumer
C03022,Customer 3022,customer3022@example.com,Jaipur,Rajasthan,2026-05-22,Corporate
C03023,Customer 3023,customer3023@example.com,Hyderabad,Telangana,2024-05-28,Corporate
C03024,Customer 3024,customer3024@example.com,Pune,Maharashtra,2025-05-26,Small Business
C03025,Customer 3025,customer3025@example.com,Kolkata,West Bengal,2024-05-30,Small Business
C03026,Customer 3026,customer3026@example.com,Bengaluru,Karnataka,2024-05-29,Small Business
C03027,Customer 3027,customer3027@example.com,Panipat,Haryana,2025-09-05,Corporate
C03028,Customer 3028,customer3028@example.com,Bengaluru,Karnataka,2025-05-29,Small Business
C03029,Customer 3029,invalid-email-3028,Delhi,Delhi,2024-10-07,Small Business
C03030,Customer 3030,customer3030@example.com,Ahmedabad,Gujarat,2025-05-04,Small Business
C03031,Customer 3031,customer3031@example.com,Pune,Maharashtra,2025-05-21,Corporate
C03032,Customer 3032,customer3032@example.com,Chennai,Tamil Nadu,2024-03-01,Corporate
C03033,Customer 3033,customer3033@example.com,Mumbai,Maharashtra,2026-04-27,Small Business
C03034,Customer 3034,customer3034@example.com,Pune,Maharashtra,2026-05-18,Small Business
C03035,Customer 3035,customer3035@example.com,Pune,Maharashtra,2025-12-18,Small Business
C03036,Customer 3036,customer3036@example.com,Panipat,Haryana,2026-06-05,Consumer
C03037,Customer 3037,customer3037@example.com,Kolkata,West Bengal,2026-01-14,Corporate
C03038,Customer 3038,customer3038@example.com,Bengaluru,Karnataka,2026-04-14,Small Business
C03039,Customer 3039,customer3039@example.com,Mumbai,Maharashtra,2024-01-23,Small Business
C03040,Customer 3040,customer3040@example.com,Chennai,Tamil Nadu,2024-12-11,Corporate
C03041,Customer 3041,customer3041@example.com,Kolkata,West Bengal,2024-12-22,Corporate
C03042,Customer 3042,customer3042@example.com,Chennai,Tamil Nadu,2024-03-14,Small Business
C03043,Customer 3043,customer3043@example.com,Bengaluru,Karnataka,2024-10-16,Small Business
C03044,Customer 3044,customer3044@example.com,Pune,Maharashtra,2025-12-18,Small Business
C03045,Customer 3045,customer3045@example.com,Chennai,Tamil Nadu,2024-04-09,Consumer
C03046,Customer 3046,customer3046@example.com,Hyderabad,Telangana,2026-02-09,Small Business
C03047,Customer 3047,customer3047@example.com,Panipat,Haryana,2026-05-20,Small Business
C03048,Customer 3048,customer3048@example.com,Bengaluru,Karnataka,2025-04-13,Small Business
C03049,Customer 3049,customer3049@example.com,Mumbai,Maharashtra,2025-08-14,Consumer
C03050,Customer 3050,customer3050@example.com,Kolkata,West Bengal,2025-12-13,Corporate
C03051,Customer 3051,customer3051@example.com,Bengaluru,Karnataka,2024-05-28,Consumer
C03052,Customer 3052,customer3052@example.com,Pune,Maharashtra,2026-04-03,Small Business
C03053,Customer 3053,customer3053@example.com,Pune,Maharashtra,2026-01-22,Small Business
C03054,Customer 3054,customer3054@example.com,Panipat,Haryana,2025-01-05,Small Business
C03055,Customer 3055,customer3055@example.com,Ahmedabad,Gujarat,2024-04-14,Small Business
C03056,Customer 3056,customer3056@example.com,Mumbai,Maharashtra,2025-01-20,Corporate
C03057,Customer 3057,customer3057@example.com,Mumbai,Maharashtra,2024-02-27,Consumer
C03058,Customer 3058,customer3058@example.com,Hyderabad,Telangana,2025-04-30,Consumer
C03059,Customer 3059,customer3059@example.com,Panipat,Haryana,2024-04-30,Small Business
C03060,Customer 3060,customer3060@example.com,Hyderabad,Telangana,2025-08-30,Corporate
C03061,Customer 3061,customer3061@example.com,Mumbai,Maharashtra,2025-10-04,Small Business
C03062,Customer 3062,customer3062@example.com,Chennai,Tamil Nadu,2024-09-07,Consumer
C03063,Customer 3063,customer3063@example.com,Delhi,Delhi,2024-09-03,Corporate
C03064,Customer 3064,customer3064@example.com,Kolkata,West Bengal,2024-11-05,Small Business
C03065,Customer 3065,customer3065@example.com,Ahmedabad,Gujarat,2024-06-25,Small Business
C03066,Customer 3066,customer3066@example.com,Chennai,Tamil Nadu,2026-03-05,Small Business
C03067,Customer 3067,customer3067@example.com,Delhi,Delhi,2026-03-07,Corporate
C03068,Customer 3068,customer3068@example.com,Chennai,Tamil Nadu,2024-10-08,Small Business
C03069,Customer 3069,customer3069@example.com,Kolkata,West Bengal,2025-01-11,Consumer
C03070,Customer 3070,customer3070@example.com,Delhi,Delhi,2024-04-29,Consumer
C03071,Customer 3071,customer3071@example.com,Delhi,Delhi,2025-05-15,Small Business
C03072,Customer 3072,customer3072@example.com,Jaipur,Rajasthan,2024-08-18,Consumer
C03073,Customer 3073,customer3073@example.com,Ahmedabad,Gujarat,2025-08-09,Small Business
C03074,Customer 3074,customer3074@example.com,Kolkata,West Bengal,2024-10-07,Small Business
C03075,Customer 3075,customer3075@example.com,Delhi,Delhi,2026-03-24,Small Business
C03076,Customer 3076,customer3076@example.com,Mumbai,Maharashtra,2025-01-28,Corporate
C03077,Customer 3077,customer3077@example.com,Chennai,Tamil Nadu,2024-11-01,Small Business
C03078,Customer 3078,customer3078@example.com,Mumbai,Maharashtra,2024-04-11,Corporate
C03079,Customer 3079,customer3079@example.com,Delhi,Delhi,2025-12-31,Small Business
C03080,Customer 3080,customer3080@example.com,Mumbai,Maharashtra,2025-02-19,Small Business
C03081,Customer 3081,customer3081@example.com,Panipat,Haryana,2025-02-07,Small Business
C03082,Customer 3082,customer3082@example.com,Jaipur,Rajasthan,2026-03-13,Small Business
C03083,Customer 3083,customer3083@example.com,Kolkata,West Bengal,2024-03-06,Small Business
C03084,Customer 3084,customer3084@example.com,Ahmedabad,Gujarat,2025-07-05,Small Business
C03085,Customer 3085,customer3085@example.com,Delhi,Delhi,2026-02-10,Consumer
C03086,Customer 3086,customer3086@example.com,Delhi,Delhi,2024-07-04,Small Business
C03087,Customer 3087,customer3087@example.com,Mumbai,Maharashtra,2024-01-06,Small Business
C03088,Customer 3088,customer3088@example.com,Kolkata,West Bengal,2026-03-30,Corporate
C03089,Customer 3089,customer3089@example.com,Delhi,Delhi,2024-02-10,Consumer
C03090,Customer 3090,customer3090@example.com,Ahmedabad,Gujarat,2024-07-30,Small Business
C03091,Customer 3091,customer3091@example.com,Mumbai,Maharashtra,2024-03-30,Small Business
C03092,Customer 3092,customer3092@example.com,Bengaluru,Karnataka,2026-05-21,Consumer
C03093,Customer 3093,customer3093@example.com,Delhi,Delhi,2024-05-07,Small Business
C03094,Customer 3094,customer3094@example.com,Bengaluru,Karnataka,2025-01-07,Small Business
C03095,Customer 3095,customer3095@example.com,Mumbai,Maharashtra,2025-03-09,Small Business
C03096,Customer 3096,customer3096@example.com,Panipat,Haryana,2024-09-11,Corporate
C03097,Customer 3097,customer3097@example.com,Panipat,Haryana,2025-06-15,Corporate
C03098,Customer 3098,customer3098@example.com,Jaipur,Rajasthan,2025-03-31,Consumer
C03099,Customer 3099,customer3099@example.com,Ahmedabad,Gujarat,2025-05-17,Small Business
C03100,Customer 3100,customer3100@example.com,Hyderabad,Telangana,2025-06-19,Corporate
C03101,Customer 3101,customer3101@example.com,Ahmedabad,Gujarat,2025-07-05,Small Business
C03102,Customer 3102,customer3102@example.com,Pune,Maharashtra,2025-12-05,Consumer
C03103,Customer 3103,customer3103@example.com,Panipat,Haryana,2024-08-30,Consumer
C03104,Customer 3104,customer3104@example.com,Pune,Maharashtra,2024-05-25,Corporate
C03105,Customer 3105,customer3105@example.com,Pune,Maharashtra,2024-05-17,Small Business
C03106,Customer 3106,customer3106@example.com,Jaipur,Rajasthan,2024-08-09,Small Business
C03107,Customer 3107,customer3107@example.com,Hyderabad,Telangana,2024-10-11,Consumer
C03108,Customer 3108,customer3108@example.com,Ahmedabad,Gujarat,2025-03-08,Consumer
C03109,Customer 3109,customer3109@example.com,Jaipur,Rajasthan,2024-09-18,Corporate
C03110,Customer 3110,customer3110@example.com,Chennai,Tamil Nadu,2025-10-27,Consumer
C03111,Customer 3111,customer3111@example.com,Chennai,Tamil Nadu,2025-04-12,Consumer
C03112,Customer 3112,,Bengaluru,Karnataka,2025-11-23,Corporate
C03113,Customer 3113,customer3113@example.com,Mumbai,Maharashtra,2025-07-02,Consumer
C03114,Customer 3114,customer3114@example.com,Delhi,Delhi,2025-10-06,Small Business
C03115,Customer 3115,customer3115@example.com,Bengaluru,Karnataka,2025-10-10,Small Business
C03116,Customer 3116,customer3116@example.com,Pune,Maharashtra,2026-01-01,Corporate
C03117,Customer 3117,customer3117@example.com,Ahmedabad,Gujarat,2025-11-04,Small Business
C03118,Customer 3118,customer3118@example.com,Jaipur,Rajasthan,2025-09-11,Consumer
C03119,Customer 3119,customer3119@example.com,Chennai,Tamil Nadu,2026-04-21,Consumer
C03120,Customer 3120,customer3120@example.com,Hyderabad,Telangana,2026-03-17,Corporate
C03121,Customer 3121,customer3121@example.com,Chennai,Tamil Nadu,2024-01-27,Small Business
C03122,Customer 3122,customer3122@example.com,Pune,Maharashtra,2024-03-20,Corporate
C03123,Customer 3123,customer3123@example.com,Delhi,Delhi,2025-06-28,Consumer
C03124,Customer 3124,customer3124@example.com,Jaipur,Rajasthan,2025-02-20,Consumer
C03125,Customer 3125,customer3125@example.com,Hyderabad,Telangana,2025-10-17,Consumer
C03126,Customer 3126,customer3126@example.com,Hyderabad,Telangana,2024-12-07,Corporate
C03127,Customer 3127,customer3127@example.com,Mumbai,Maharashtra,2026-06-08,Consumer
C03128,Customer 3128,customer3128@example.com,Bengaluru,Karnataka,2024-01-11,Consumer
C03129,Customer 3129,customer3129@example.com,Chennai,Tamil Nadu,2024-08-15,Corporate
C03130,Customer 3130,customer3130@example.com,Delhi,Delhi,2026-03-12,Consumer
C03131,Customer 3131,customer3131@example.com,Mumbai,Maharashtra,2025-06-23,Small Business
C03132,Customer 3132,customer3132@example.com,Bengaluru,Karnataka,2025-08-25,Corporate
C03133,Customer 3133,customer3133@example.com,Delhi,Delhi,2025-06-25,Corporate
C03134,Customer 3134,customer3134@example.com,Ahmedabad,Gujarat,2026-06-05,Corporate
C03135,Customer 3135,customer3135@example.com,Jaipur,Rajasthan,2024-10-04,Small Business
C03136,Customer 3136,customer3136@example.com,Delhi,Delhi,2024-02-19,Consumer
C03137,Customer 3137,customer3137@example.com,Hyderabad,Telangana,2026-02-08,Corporate
C03138,Customer 3138,customer3138@example.com,Mumbai,Maharashtra,2024-12-19,Small Business
C03139,Customer 3139,customer3139@example.com,Jaipur,Rajasthan,2025-07-18,Small Business
C03140,Customer 3140,customer3140@example.com,Chennai,Tamil Nadu,2025-05-03,Small Business
C03141,Customer 3141,customer3141@example.com,Mumbai,Maharashtra,2024-09-22,Consumer
C03142,Customer 3142,customer3142@example.com,Jaipur,Rajasthan,2025-12-31,Consumer
C03143,Customer 3143,customer3143@example.com,Mumbai,Maharashtra,2024-05-26,Corporate
C03144,Customer 3144,customer3144@example.com,Ahmedabad,Gujarat,2026-01-23,Corporate
C03145,Customer 3145,customer3145@example.com,Panipat,Haryana,2026-01-12,Small Business
C03146,Customer 3146,customer3146@example.com,Hyderabad,Telangana,2025-12-25,Consumer
C03147,Customer 3147,customer3147@example.com,Ahmedabad,Gujarat,2025-03-04,
C03148,Customer 3148,customer3148@example.com,Kolkata,West Bengal,2024-07-06,Corporate
C03149,Customer 3149,customer3149@example.com,Hyderabad,Telangana,2026-03-28,Corporate
C03150,Customer 3150,customer3150@example.com,Jaipur,Rajasthan,2024-10-20,Corporate
C03151,Customer 3151,customer3151@example.com,Chennai,Tamil Nadu,2025-06-17,Small Business
C03152,Customer 3152,customer3152@example.com,Pune,Maharashtra,2024-11-08,Small Business
C03153,Customer 3153,customer3153@example.com,Delhi,Delhi,2024-11-08,Corporate
C03154,Customer 3154,customer3154@example.com,Hyderabad,Telangana,2026-05-15,Consumer
C03155,Customer 3155,customer3155@example.com,Delhi,Delhi,2024-03-19,Small Business
C03156,Customer 3156,customer3156@example.com,Pune,Maharashtra,2024-04-05,Consumer
C03157,Customer 3157,customer3157@example.com,Ahmedabad,Gujarat,2024-02-28,Consumer
C03158,Customer 3158,customer3158@example.com,Bengaluru,Karnataka,2025-07-21,Corporate
C03159,Customer 3159,customer3159@example.com,Panipat,Haryana,2025-03-10,Small Business
C03160,Customer 3160,customer3160@example.com,Jaipur,Rajasthan,2026-01-18,Consumer
C03161,Customer 3161,customer3161@example.com,Kolkata,West Bengal,2025-05-24,Small Business
C03162,Customer 3162,customer3162@example.com,Jaipur,Rajasthan,2025-12-15,Consumer
C03163,Customer 3163,customer3163@example.com,Chennai,Tamil Nadu,2024-01-15,Small Business
C03164,Customer 3164,customer3164@example.com,Pune,Maharashtra,2026-05-01,Small Business
C03165,Customer 3165,customer3165@example.com,Panipat,Haryana,2026-01-01,Corporate
C03166,Customer 3166,customer3166@example.com,Jaipur,Rajasthan,2026-02-06,Corporate
C03167,Customer 3167,customer3167@example.com,Pune,Maharashtra,2026-01-26,Small Business
C03168,Customer 3168,customer3168@example.com,Jaipur,Rajasthan,2025-12-01,Small Business
C03169,Customer 3169,customer3169@example.com,Panipat,Haryana,2025-09-13,Corporate
C03170,Customer 3170,customer3170@example.com,Mumbai,Maharashtra,2025-11-21,Small Business
C03171,Customer 3171,customer3171@example.com,Pune,Maharashtra,2024-06-28,Consumer
C03172,Customer 3172,customer3172@example.com,Hyderabad,Telangana,2026-05-09,Consumer
C03173,Customer 3173,customer3173@example.com,Jaipur,Rajasthan,2024-12-27,Consumer
C03174,Customer 3174,customer3174@example.com,Chennai,Tamil Nadu,2025-05-22,Corporate
C03175,Customer 3175,customer3175@example.com,Mumbai,Maharashtra,2025-01-17,Consumer
C03176,Customer 3176,customer3176@example.com,Hyderabad,Telangana,2025-11-26,Consumer
C03177,Customer 3177,customer3177@example.com,Jaipur,Rajasthan,2026-05-21,Consumer
C03178,Customer 3178,customer3178@example.com,Bengaluru,Karnataka,2024-11-02,Corporate
C03179,Customer 3179,customer3179@example.com,Bengaluru,Karnataka,2024-09-28,Consumer
C03180,Customer 3180,customer3180@example.com,Panipat,Haryana,2026-01-25,Small Business
C03181,Customer 3181,customer3181@example.com,Ahmedabad,Gujarat,2025-02-07,Consumer
C03182,Customer 3182,customer3182@example.com,Bengaluru,Karnataka,2025-10-20,Small Business
C03183,Customer 3183,customer3183@example.com,Panipat,Haryana,2025-04-19,Small Business
C03184,Customer 3184,customer3184@example.com,Kolkata,West Bengal,2024-02-28,Corporate
C03185,Customer 3185,customer3185@example.com,Panipat,Haryana,2025-09-22,Corporate
C03186,Customer 3186,customer3186@example.com,Hyderabad,Telangana,2024-11-01,Corporate
C03187,Customer 3187,customer3187@example.com,Delhi,Delhi,2024-01-06,Corporate
C03188,Customer 3188,customer3188@example.com,Mumbai,Maharashtra,2025-02-15,Corporate
C03189,Customer 3189,customer3189@example.com,Panipat,Haryana,2024-04-13,Corporate
C03190,Customer 3190,customer3190@example.com,Kolkata,West Bengal,2024-07-21,Consumer
C03191,Customer 3191,customer3191@example.com,Jaipur,Rajasthan,2025-06-10,Consumer
C03192,Customer 3192,customer3192@example.com,Chennai,Tamil Nadu,2024-05-06,Corporate
C03193,Customer 3193,customer3193@example.com,Panipat,Haryana,2024-06-08,Small Business
C03194,Customer 3194,customer3194@example.com,Bengaluru,Karnataka,2024-08-19,Corporate
C03195,Customer 3195,customer3195@example.com,Chennai,Tamil Nadu,2025-01-18,Corporate
C03196,Customer 3196,customer3196@example.com,Hyderabad,Telangana,2025-03-14,Consumer
C03197,Customer 3197,customer3197@example.com,Jaipur,Rajasthan,2026-04-11,Corporate
C03198,Customer 3198,customer3198@example.com,Delhi,Delhi,2025-03-25,Small Business
C03199,Customer 3199,customer3199@example.com,Kolkata,West Bengal,2024-06-14,Consumer
C03200,Customer 3200,customer3200@example.com,Hyderabad,Telangana,2026-02-04,Corporate
C03201,Customer 3201,customer3201@example.com,Panipat,Haryana,2025-01-02,Small Business
C03202,Customer 3202,customer3202@example.com,Pune,Maharashtra,2024-04-23,Consumer
C03203,Customer 3203,customer3203@example.com,Bengaluru,Karnataka,2024-02-11,Consumer
C03204,Customer 3204,customer3204@example.com,Chennai,Tamil Nadu,2025-03-07,Small Business
C03205,Customer 3205,customer3205@example.com,Hyderabad,Telangana,2024-02-02,Consumer
C03206,Customer 3206,customer3206@example.com,Pune,Maharashtra,2025-05-05,Small Business
C03207,Customer 3207,customer3207@example.com,Bengaluru,Karnataka,2024-05-01,Corporate
C03208,Customer 3208,customer3208@example.com,Kolkata,West Bengal,2025-07-17,Corporate
C03209,Customer 3209,customer3209@example.com,Mumbai,Maharashtra,2024-11-28,Corporate
C03210,Customer 3210,customer3210@example.com,Jaipur,Rajasthan,2026-01-13,Small Business
C03211,Customer 3211,customer3211@example.com,Chennai,Tamil Nadu,2024-05-14,Consumer
C03212,Customer 3212,customer3212@example.com,Delhi,Delhi,2026-03-22,Consumer
C03213,Customer 3213,customer3213@example.com,Mumbai,Maharashtra,2024-06-08,Corporate
C03214,Customer 3214,customer3214@example.com,Jaipur,Rajasthan,2024-01-14,Small Business
C03215,Customer 3215,customer3215@example.com,Pune,Maharashtra,2024-02-23,Small Business
C03216,Customer 3216,customer3216@example.com,Hyderabad,Telangana,2025-03-15,Small Business
C03217,Customer 3217,customer3217@example.com,Panipat,Haryana,2025-03-20,Corporate
C03218,Customer 3218,customer3218@example.com,Bengaluru,Karnataka,2024-10-15,Corporate
C03219,Customer 3219,customer3219@example.com,Delhi,Delhi,2026-02-18,Corporate
C03220,Customer 3220,customer3220@example.com,Pune,Maharashtra,2025-09-24,Consumer
C03221,Customer 3221,customer3221@example.com,Jaipur,Rajasthan,2024-07-10,Consumer
C03222,Customer 3222,customer3222@example.com,Bengaluru,Karnataka,2026-02-24,Consumer
C03223,Customer 3223,customer3223@example.com,Bengaluru,Karnataka,2025-12-18,Consumer
C03224,Customer 3224,customer3224@example.com,Chennai,Tamil Nadu,2024-07-22,Corporate
C03225,Customer 3225,customer3225@example.com,Delhi,Delhi,2025-12-18,Small Business
C03226,Customer 3226,customer3226@example.com,Jaipur,Rajasthan,2025-09-17,Consumer
C03227,Customer 3227,customer3227@example.com,Pune,Maharashtra,2026-05-25,Small Business
C03228,Customer 3228,customer3228@example.com,Mumbai,Maharashtra,2024-08-22,Consumer
C03229,Customer 3229,customer3229@example.com,Mumbai,Maharashtra,2025-02-14,Consumer
C03230,Customer 3230,customer3230@example.com,Bengaluru,Karnataka,2024-07-15,Consumer
C03231,Customer 3231,customer3231@example.com,Chennai,Tamil Nadu,2024-01-19,Small Business
C03232,Customer 3232,customer3232@example.com,Pune,Maharashtra,2024-04-03,Consumer
C03233,Customer 3233,customer3233@example.com,Chennai,Tamil Nadu,2025-02-21,Small Business
C03234,Customer 3234,customer3234@example.com,Bengaluru,Karnataka,2025-12-17,Small Business
C03235,Customer 3235,customer3235@example.com,Pune,Maharashtra,2024-08-15,Corporate
C03236,Customer 3236,invalid-email-3235,Chennai,Tamil Nadu,2025-05-05,Consumer
C03237,Customer 3237,customer3237@example.com,Jaipur,Rajasthan,2025-03-13,Small Business
C03238,Customer 3238,customer3238@example.com,Panipat,Haryana,2024-11-07,Consumer
C03239,Customer 3239,customer3239@example.com,Bengaluru,Karnataka,2025-01-07,Corporate
C03240,Customer 3240,customer3240@example.com,Hyderabad,Telangana,2025-12-29,Corporate
C03241,Customer 3241,customer3241@example.com,Pune,Maharashtra,2024-11-23,Consumer
C03242,Customer 3242,customer3242@example.com,Mumbai,Maharashtra,2024-02-11,Consumer
C03243,Customer 3243,customer3243@example.com,Panipat,Haryana,2025-11-07,Small Business
C03244,Customer 3244,customer3244@example.com,Hyderabad,Telangana,2024-08-05,Corporate
C03245,Customer 3245,customer3245@example.com,Kolkata,West Bengal,2024-10-13,Small Business
C03246,Customer 3246,customer3246@example.com,Delhi,Delhi,2025-03-17,Consumer
C03247,Customer 3247,customer3247@example.com,Bengaluru,Karnataka,2025-05-18,Corporate
C03248,Customer 3248,customer3248@example.com,Hyderabad,Telangana,2024-11-07,Consumer
C03249,Customer 3249,customer3249@example.com,Delhi,Delhi,2025-11-16,Consumer
C03250,Customer 3250,customer3250@example.com,Jaipur,Rajasthan,2026-02-27,Consumer
C03251,Customer 3251,customer3251@example.com,Hyderabad,Telangana,2025-01-04,Small Business
C03252,Customer 3252,customer3252@example.com,Hyderabad,Telangana,2026-01-30,Small Business
C03253,Customer 3253,customer3253@example.com,Jaipur,Rajasthan,2025-09-11,Corporate
C03254,Customer 3254,customer3254@example.com,Pune,Maharashtra,2025-10-27,Corporate
C03255,Customer 3255,customer3255@example.com,Pune,Maharashtra,2025-08-21,Corporate
C03256,Customer 3256,customer3256@example.com,Delhi,Delhi,2024-04-18,Consumer
C03257,Customer 3257,customer3257@example.com,Ahmedabad,Gujarat,2024-05-03,Consumer
C03258,Customer 3258,customer3258@example.com,Ahmedabad,Gujarat,2025-11-01,Consumer
C03259,Customer 3259,customer3259@example.com,Pune,Maharashtra,2025-12-22,Corporate
C03260,Customer 3260,customer3260@example.com,Delhi,Delhi,2024-03-17,Small Business
C03261,Customer 3261,customer3261@example.com,Ahmedabad,Gujarat,2024-12-17,Corporate
C03262,Customer 3262,customer3262@example.com,Kolkata,West Bengal,2026-02-18,Consumer
C03263,Customer 3263,customer3263@example.com,Jaipur,Rajasthan,2026-01-08,Consumer
C03264,Customer 3264,customer3264@example.com,Panipat,Haryana,2024-05-10,Consumer
C03265,Customer 3265,customer3265@example.com,Chennai,Tamil Nadu,2025-07-17,Small Business
C03266,Customer 3266,customer3266@example.com,Bengaluru,Karnataka,2026-06-17,Small Business
C03267,Customer 3267,customer3267@example.com,Hyderabad,Telangana,2025-01-09,Corporate
C03268,Customer 3268,customer3268@example.com,Delhi,Delhi,2025-03-22,Consumer
C03269,Customer 3269,customer3269@example.com,Kolkata,West Bengal,2025-03-05,Small Business
C03270,Customer 3270,customer3270@example.com,Jaipur,Rajasthan,2026-03-20,Consumer
C03271,Customer 3271,customer3271@example.com,Mumbai,Maharashtra,2025-09-05,Corporate
C03272,Customer 3272,customer3272@example.com,Mumbai,Maharashtra,2024-10-23,Consumer
C03273,Customer 3273,customer3273@example.com,Ahmedabad,Gujarat,2024-03-03,Small Business
C03274,Customer 3274,customer3274@example.com,Pune,Maharashtra,2026-01-28,Corporate
C03275,Customer 3275,customer3275@example.com,Kolkata,West Bengal,2025-12-02,Small Business
C03276,Customer 3276,customer3276@example.com,Jaipur,Rajasthan,2024-03-17,Consumer
C03277,Customer 3277,customer3277@example.com,Kolkata,West Bengal,2026-02-07,Small Business
C03278,Customer 3278,customer3278@example.com,Chennai,Tamil Nadu,2025-07-29,Corporate
C03279,Customer 3279,customer3279@example.com,Chennai,Tamil Nadu,2025-09-13,Corporate
C03280,Customer 3280,customer3280@example.com,Pune,Maharashtra,2024-07-07,Consumer
C03281,Customer 3281,customer3281@example.com,Mumbai,Maharashtra,2025-08-08,Consumer
C03282,Customer 3282,customer3282@example.com,Ahmedabad,Gujarat,2025-12-14,Consumer
C03283,Customer 3283,customer3283@example.com,Jaipur,Rajasthan,2025-04-11,Small Business
C03284,Customer 3284,customer3284@example.com,Jaipur,Rajasthan,2024-09-22,Corporate
C03285,Customer 3285,customer3285@example.com,Pune,Maharashtra,2024-10-30,Small Business
C03286,Customer 3286,customer3286@example.com,Bengaluru,Karnataka,2025-07-19,Consumer
C03287,Customer 3287,customer3287@example.com,Mumbai,Maharashtra,2024-08-17,Consumer
C03288,Customer 3288,customer3288@example.com,Jaipur,Rajasthan,2024-08-31,Corporate
C03289,Customer 3289,customer3289@example.com,Panipat,Haryana,2025-10-16,Consumer
C03290,Customer 3290,customer3290@example.com,Bengaluru,Karnataka,2024-05-16,Corporate
C03291,Customer 3291,customer3291@example.com,Panipat,Haryana,2025-10-19,Consumer
C03292,Customer 3292,customer3292@example.com,Pune,Maharashtra,2025-07-01,Consumer
C03293,Customer 3293,customer3293@example.com,Panipat,Haryana,2025-10-26,Corporate
C03294,Customer 3294,customer3294@example.com,Ahmedabad,Gujarat,2025-01-12,Corporate
C03295,Customer 3295,customer3295@example.com,Delhi,Delhi,2025-12-23,Small Business
C03296,Customer 3296,customer3296@example.com,Bengaluru,Karnataka,2026-01-09,Consumer
C03297,Customer 3297,customer3297@example.com,Chennai,Tamil Nadu,2025-09-18,Corporate
C03298,Customer 3298,customer3298@example.com,Hyderabad,Telangana,2024-02-28,Small Business
C03299,Customer 3299,customer3299@example.com,Panipat,Haryana,2026-04-23,Corporate
C03300,Customer 3300,customer3300@example.com,Pune,Maharashtra,2026-01-18,Corporate
C03301,Customer 3301,customer3301@example.com,Mumbai,Maharashtra,2024-09-19,Consumer
C03302,Customer 3302,customer3302@example.com,Jaipur,Rajasthan,2025-11-04,Small Business
C03303,Customer 3303,customer3303@example.com,Delhi,Delhi,2026-01-09,Small Business
C03304,Customer 3304,customer3304@example.com,Chennai,Tamil Nadu,2025-10-31,Corporate
C03305,Customer 3305,customer3305@example.com,Ahmedabad,Gujarat,2025-07-18,Consumer
C03306,Customer 3306,customer3306@example.com,Kolkata,West Bengal,2024-08-13,Corporate
C03307,Customer 3307,customer3307@example.com,Bengaluru,Karnataka,2024-07-27,Small Business
C03308,Customer 3308,customer3308@example.com,Chennai,Tamil Nadu,2024-06-08,Corporate
C03309,Customer 3309,customer3309@example.com,PUNE,Maharashtra,2026-01-17,Small Business
C03310,Customer 3310,customer3310@example.com,Chennai,Tamil Nadu,2025-01-12,Consumer
C03311,Customer 3311,customer3311@example.com,Kolkata,West Bengal,2024-04-05,Corporate
C03312,Customer 3312,customer3312@example.com,Mumbai,Maharashtra,2025-04-15,Consumer
C03313,Customer 3313,customer3313@example.com,Mumbai,Maharashtra,2024-07-12,Small Business
C03314,Customer 3314,customer3314@example.com,Kolkata,West Bengal,2026-01-16,Consumer
C03315,Customer 3315,customer3315@example.com,Bengaluru,Karnataka,2024-01-22,Corporate
C03316,Customer 3316,customer3316@example.com,MUMBAI,Maharashtra,2024-06-30,Corporate
C03317,Customer 3317,customer3317@example.com,Ahmedabad,Gujarat,2024-07-11,Consumer
C03318,Customer 3318,customer3318@example.com,Mumbai,Maharashtra,2024-03-14,Corporate
C03319,Customer 3319,customer3319@example.com,Pune,Maharashtra,2025-04-10,Small Business
C03320,Customer 3320,customer3320@example.com,Chennai,Tamil Nadu,2024-04-12,Small Business
C03321,Customer 3321,customer3321@example.com,Jaipur,Rajasthan,2024-05-20,Small Business
C03322,Customer 3322,customer3322@example.com,Panipat,Haryana,2025-09-09,Consumer
C03323,Customer 3323,customer3323@example.com,Chennai,Tamil Nadu,2025-01-28,Consumer
C03324,Customer 3324,customer3324@example.com,Delhi,Delhi,2026-04-26,Consumer
C03325,Customer 3325,customer3325@example.com,Panipat,Haryana,2024-05-15,Consumer
C03326,Customer 3326,customer3326@example.com,Delhi,Delhi,2024-10-01,Consumer
C03327,Customer 3327,customer3327@example.com,Ahmedabad,Gujarat,2024-01-14,Consumer
C03328,Customer 3328,customer3328@example.com,DELHI,Delhi,2025-07-09,Small Business
C03329,Customer 3329,customer3329@example.com,Hyderabad,Telangana,2026-05-23,Small Business
C03330,Customer 3330,customer3330@example.com,Delhi,Delhi,2024-07-26,Consumer
C03331,Customer 3331,customer3331@example.com,Kolkata,West Bengal,2026-02-16,Small Business
C03332,Customer 3332,customer3332@example.com,Kolkata,West Bengal,2026-04-15,Consumer
C03333,Customer 3333,customer3333@example.com,Bengaluru,Karnataka,2024-12-05,Corporate
C03334,Customer 3334,customer3334@example.com,Mumbai,Maharashtra,2024-09-06,Consumer
C03335,Customer 3335,customer3335@example.com,Jaipur,Rajasthan,2025-12-09,Corporate
C03336,Customer 3336,customer3336@example.com,Jaipur,Rajasthan,2024-05-06,Consumer
C03337,Customer 3337,customer3337@example.com,Panipat,Haryana,2024-04-15,Small Business
C03338,Customer 3338,customer3338@example.com,Bengaluru,Karnataka,2024-04-15,Small Business
C03339,Customer 3339,customer3339@example.com,Chennai,Tamil Nadu,2024-05-25,Consumer
C03340,Customer 3340,customer3340@example.com,Pune,Maharashtra,2024-01-25,Consumer
C03341,Customer 3341,customer3341@example.com,Chennai,Tamil Nadu,2025-01-29,Consumer
C03342,Customer 3342,customer3342@example.com,Hyderabad,Telangana,2025-11-02,Corporate
C03343,Customer 3343,customer3343@example.com,Pune,Maharashtra,2026-06-19,Small Business
C03344,Customer 3344,customer3344@example.com,Chennai,Tamil Nadu,2025-12-04,Small Business
C03345,Customer 3345,customer3345@example.com,Delhi,Delhi,2025-05-18,Consumer
C03346,Customer 3346,customer3346@example.com,Delhi,Delhi,2024-08-17,Consumer
C03347,Customer 3347,customer3347@example.com,Bengaluru,Karnataka,2024-12-31,Consumer
C03348,Customer 3348,customer3348@example.com,Ahmedabad,Gujarat,2024-12-07,Consumer
C03349,Customer 3349,customer3349@example.com,Hyderabad,Telangana,2024-03-27,Consumer
C03350,Customer 3350,customer3350@example.com,Ahmedabad,Gujarat,2024-06-03,Consumer
C03351,Customer 3351,customer3351@example.com,Chennai,Tamil Nadu,2025-06-27,Corporate
C03352,Customer 3352,customer3352@example.com,Ahmedabad,Gujarat,2024-07-04,Small Business
C03353,Customer 3353,customer3353@example.com,Chennai,Tamil Nadu,2024-06-02,Small Business
C03354,Customer 3354,customer3354@example.com,Bengaluru,Karnataka,2025-10-01,Corporate
C03355,Customer 3355,customer3355@example.com,Hyderabad,Telangana,2026-06-15,Consumer
C03356,Customer 3356,customer3356@example.com,Bengaluru,Karnataka,2025-05-26,Small Business
C03357,Customer 3357,customer3357@example.com,Hyderabad,Telangana,2024-09-28,Small Business
C03358,Customer 3358,customer3358@example.com,Delhi,Delhi,2026-03-18,Consumer
C03359,Customer 3359,customer3359@example.com,Mumbai,Maharashtra,2026-03-07,Small Business
C03360,Customer 3360,customer3360@example.com,Mumbai,Maharashtra,2024-11-23,Consumer
C03361,Customer 3361,customer3361@example.com,Chennai,Tamil Nadu,2025-04-02,Small Business
C03362,Customer 3362,customer3362@example.com,Kolkata,West Bengal,2026-04-14,Consumer
C03363,Customer 3363,customer3363@example.com,Delhi,Delhi,2025-08-14,Corporate
C03364,Customer 3364,customer3364@example.com,Bengaluru,Karnataka,2024-05-28,Consumer
C03365,Customer 3365,customer3365@example.com,Hyderabad,Telangana,2024-05-10,Consumer
C03366,Customer 3366,customer3366@example.com,Chennai,Tamil Nadu,2024-12-27,Corporate
C03367,Customer 3367,customer3367@example.com,Kolkata,West Bengal,2025-03-10,Corporate
C03368,Customer 3368,customer3368@example.com,Chennai,Tamil Nadu,2025-09-08,Small Business
C03369,Customer 3369,customer3369@example.com,Hyderabad,Telangana,2024-05-21,Small Business
C03370,Customer 3370,customer3370@example.com,Pune,Maharashtra,2025-01-27,Corporate
C03371,Customer 3371,customer3371@example.com,Jaipur,Rajasthan,2025-05-24,Small Business
C03372,Customer 3372,customer3372@example.com,Jaipur,Rajasthan,2025-05-19,Small Business
C03373,Customer 3373,customer3373@example.com,Jaipur,Rajasthan,2026-04-21,Consumer
C03374,Customer 3374,customer3374@example.com,Chennai,Tamil Nadu,2024-03-26,Small Business
C03375,Customer 3375,invalid-email-3374,Chennai,Tamil Nadu,2025-06-23,Small Business
C03376,Customer 3376,customer3376@example.com,Pune,Maharashtra,2025-12-20,Consumer
C03377,Customer 3377,customer3377@example.com,Pune,Maharashtra,2025-01-05,Consumer
C03378,Customer 3378,customer3378@example.com,Pune,Maharashtra,2026-05-21,Consumer
C03379,Customer 3379,customer3379@example.com,Hyderabad,Telangana,2025-07-25,Corporate
C03380,Customer 3380,customer3380@example.com,Mumbai,Maharashtra,2024-04-22,Consumer
C03381,Customer 3381,customer3381@example.com,Hyderabad,Telangana,2025-01-04,Consumer
C03382,Customer 3382,customer3382@example.com,Bengaluru,Karnataka,2025-04-16,Consumer
C03383,Customer 3383,customer3383@example.com,Jaipur,Rajasthan,2025-03-07,Consumer
C03384,Customer 3384,customer3384@example.com,Pune,Maharashtra,2026-04-27,Consumer
C03385,Customer 3385,customer3385@example.com,Panipat,Haryana,2026-02-03,Consumer
C03386,Customer 3386,customer3386@example.com,Delhi,Delhi,2025-12-13,Small Business
C03387,Customer 3387,customer3387@example.com,Mumbai,Maharashtra,2025-01-21,Small Business
C03388,Customer 3388,customer3388@example.com,Panipat,Haryana,2025-12-13,Corporate
C03389,Customer 3389,customer3389@example.com,Hyderabad,Telangana,2024-02-25,Small Business
C03390,Customer 3390,customer3390@example.com,Delhi,Delhi,2025-11-09,Small Business
C03391,Customer 3391,customer3391@example.com,Delhi,Delhi,2025-05-03,Small Business
C03392,Customer 3392,customer3392@example.com,Mumbai,Maharashtra,2024-01-31,Consumer
C03393,Customer 3393,customer3393@example.com,Hyderabad,Telangana,2024-05-24,Consumer
C03394,Customer 3394,customer3394@example.com,Pune,Maharashtra,2024-03-19,Consumer
C03395,Customer 3395,customer3395@example.com,AHMEDABAD,Gujarat,2026-05-01,Corporate
C03396,Customer 3396,customer3396@example.com,Mumbai,Maharashtra,2026-02-22,Consumer
C03397,Customer 3397,customer3397@example.com,Kolkata,West Bengal,2026-01-31,Consumer
C03398,Customer 3398,customer3398@example.com,Jaipur,Rajasthan,2025-12-16,Corporate
C03399,Customer 3399,customer3399@example.com,Kolkata,West Bengal,2025-02-25,Small Business
C03400,Customer 3400,customer3400@example.com,Hyderabad,Telangana,2025-03-30,Small Business
C03401,Customer 3401,customer3401@example.com,Panipat,Haryana,2024-10-20,Consumer
C03402,Customer 3402,customer3402@example.com,Mumbai,Maharashtra,2024-03-02,Small Business
C03403,Customer 3403,customer3403@example.com,Panipat,Haryana,2025-09-10,Consumer
C03404,Customer 3404,customer3404@example.com,Jaipur,Rajasthan,2024-06-13,Consumer
C03405,Customer 3405,customer3405@example.com,Chennai,Tamil Nadu,2026-05-02,Corporate
C03406,Customer 3406,customer3406@example.com,Kolkata,West Bengal,2025-07-21,Small Business
C03407,Customer 3407,customer3407@example.com,Bengaluru,Karnataka,2025-08-08,Small Business
C03408,Customer 3408,customer3408@example.com,Bengaluru,Karnataka,2025-12-27,Consumer
C03409,Customer 3409,customer3409@example.com,Chennai,Tamil Nadu,2024-06-09,Corporate
C03410,Customer 3410,invalid-email-3409,Delhi,Delhi,2025-06-18,Corporate
C03411,Customer 3411,customer3411@example.com,Mumbai,Maharashtra,2026-01-30,Consumer
C03412,Customer 3412,customer3412@example.com,Chennai,Tamil Nadu,2025-09-25,Consumer
C03413,Customer 3413,customer3413@example.com,Pune,Maharashtra,2025-02-05,Consumer
C03414,Customer 3414,customer3414@example.com,Jaipur,Rajasthan,2025-09-11,Consumer
C03415,Customer 3415,customer3415@example.com,Kolkata,West Bengal,2025-05-03,Corporate
C03416,Customer 3416,customer3416@example.com,Chennai,Tamil Nadu,2026-04-27,Corporate
C03417,Customer 3417,customer3417@example.com,Mumbai,Maharashtra,2024-02-25,Corporate
C03418,Customer 3418,customer3418@example.com,Chennai,Tamil Nadu,2024-07-18,Corporate
C03419,Customer 3419,customer3419@example.com,Delhi,Delhi,2024-04-16,Consumer
C03420,Customer 3420,customer3420@example.com,Hyderabad,Telangana,2025-09-09,Corporate
C03421,Customer 3421,customer3421@example.com,Panipat,Haryana,2024-09-02,Corporate
C03422,Customer 3422,customer3422@example.com,Mumbai,Maharashtra,2025-07-08,Consumer
C03423,Customer 3423,customer3423@example.com,Delhi,Delhi,2024-08-04,Small Business
C03424,Customer 3424,customer3424@example.com,Panipat,Haryana,2026-02-13,Corporate
C03425,Customer 3425,customer3425@example.com,Pune,Maharashtra,2025-07-18,Consumer
C03426,Customer 3426,customer3426@example.com,Panipat,Haryana,2024-09-03,Corporate
C03427,Customer 3427,customer3427@example.com,Delhi,Delhi,2025-08-06,Small Business
C03428,Customer 3428,customer3428@example.com,Panipat,Haryana,2025-07-31,Corporate
C03429,Customer 3429,customer3429@example.com,Panipat,Haryana,2024-02-19,Corporate
C03430,Customer 3430,customer3430@example.com,Delhi,Delhi,2024-11-12,Consumer
C03431,Customer 3431,customer3431@example.com,Hyderabad,Telangana,2026-02-08,Corporate
C03432,Customer 3432,customer3432@example.com,Chennai,Tamil Nadu,2025-05-27,Consumer
C03433,Customer 3433,customer3433@example.com,Hyderabad,Telangana,2026-02-08,Corporate
C03434,Customer 3434,customer3434@example.com,Hyderabad,Telangana,2024-05-12,Small Business
C03435,Customer 3435,customer3435@example.com,Delhi,Delhi,2024-12-05,Corporate
C03436,Customer 3436,customer3436@example.com,Jaipur,Rajasthan,2024-04-13,Small Business
C03437,Customer 3437,,Mumbai,Maharashtra,2024-01-25,Small Business
C03438,Customer 3438,customer3438@example.com,Chennai,Tamil Nadu,2025-05-03,Small Business
C03439,Customer 3439,customer3439@example.com,Panipat,Haryana,2024-10-24,Consumer
C03440,Customer 3440,customer3440@example.com,Mumbai,Maharashtra,2025-11-29,Corporate
C03441,Customer 3441,customer3441@example.com,Delhi,Delhi,2025-10-02,Consumer
C03442,Customer 3442,customer3442@example.com,Pune,Maharashtra,2024-08-08,Small Business
C03443,Customer 3443,customer3443@example.com,Mumbai,Maharashtra,2026-02-26,Small Business
C03444,Customer 3444,customer3444@example.com,Mumbai,Maharashtra,2025-05-28,Small Business
C03445,Customer 3445,customer3445@example.com,Ahmedabad,Gujarat,2025-10-29,Small Business
C03446,Customer 3446,customer3446@example.com,Hyderabad,Telangana,2025-04-03,Consumer
C03447,Customer 3447,customer3447@example.com,Hyderabad,Telangana,2024-10-24,Corporate
C03448,Customer 3448,customer3448@example.com,Ahmedabad,Gujarat,2026-05-26,Corporate
C03449,Customer 3449,customer3449@example.com,Panipat,Haryana,2025-12-30,Small Business
C03450,Customer 3450,customer3450@example.com,Chennai,Tamil Nadu,2024-09-01,Consumer
C03451,Customer 3451,customer3451@example.com,Ahmedabad,Gujarat,2025-09-13,Consumer
C03452,Customer 3452,customer3452@example.com,Mumbai,Maharashtra,2025-08-03,Small Business
C03453,Customer 3453,customer3453@example.com,Kolkata,West Bengal,2024-04-09,Consumer
C03454,Customer 3454,customer3454@example.com,Mumbai,Maharashtra,2026-02-23,Corporate
C03455,Customer 3455,customer3455@example.com,Jaipur,Rajasthan,2026-06-07,Consumer
C03456,Customer 3456,customer3456@example.com,Kolkata,West Bengal,2024-04-06,Corporate
C03457,Customer 3457,customer3457@example.com,Hyderabad,Telangana,2024-06-22,Corporate
C03458,Customer 3458,customer3458@example.com,Mumbai,Maharashtra,2024-03-10,Corporate
C03459,Customer 3459,customer3459@example.com,Ahmedabad,Gujarat,2025-01-07,Corporate
C03460,Customer 3460,customer3460@example.com,Delhi,Delhi,2024-03-13,Consumer
C03461,Customer 3461,customer3461@example.com,Kolkata,West Bengal,2024-09-21,Corporate
C03462,Customer 3462,customer3462@example.com,Bengaluru,Karnataka,2026-02-20,Corporate
C03463,Customer 3463,customer3463@example.com,Mumbai,Maharashtra,2024-05-06,Small Business
C03464,Customer 3464,customer3464@example.com,Kolkata,West Bengal,2024-02-10,Corporate
C03465,Customer 3465,customer3465@example.com,Bengaluru,Karnataka,2025-02-14,Corporate
C03466,Customer 3466,customer3466@example.com,Ahmedabad,Gujarat,2025-11-27,Consumer
C03467,Customer 3467,customer3467@example.com,Kolkata,West Bengal,2025-01-10,Small Business
C03468,Customer 3468,customer3468@example.com,Ahmedabad,Gujarat,2024-11-17,Corporate
C03469,Customer 3469,customer3469@example.com,DELHI,Delhi,2025-11-29,Corporate
C03470,Customer 3470,customer3470@example.com,Jaipur,Rajasthan,2025-04-05,Corporate
C03471,Customer 3471,,Panipat,Haryana,2025-09-27,Small Business
C03472,Customer 3472,customer3472@example.com,Panipat,Haryana,2026-01-28,Consumer
C03473,Customer 3473,customer3473@example.com,Jaipur,Rajasthan,2024-01-09,Consumer
C03474,Customer 3474,customer3474@example.com,Delhi,Delhi,2024-10-24,Corporate
C03475,Customer 3475,customer3475@example.com,Mumbai,Maharashtra,2025-08-06,Corporate
C03476,Customer 3476,customer3476@example.com,Delhi,Delhi,2024-08-16,Corporate
C03477,Customer 3477,customer3477@example.com,Kolkata,West Bengal,2025-11-16,Consumer
C03478,Customer 3478,customer3478@example.com,Hyderabad,Telangana,2025-04-22,Corporate
C03479,Customer 3479,customer3479@example.com,Jaipur,Rajasthan,2026-04-17,Corporate
C03480,Customer 3480,customer3480@example.com,Delhi,Delhi,2024-03-28,Consumer
C03481,Customer 3481,customer3481@example.com,Delhi,Delhi,2025-02-10,Corporate
C03482,Customer 3482,customer3482@example.com,Pune,Maharashtra,2025-02-15,Corporate
C03483,Customer 3483,,Delhi,Delhi,2024-11-20,Corporate
C03484,Customer 3484,customer3484@example.com,Ahmedabad,Gujarat,2025-05-12,Consumer
C03485,Customer 3485,customer3485@example.com,Kolkata,West Bengal,2024-04-27,Corporate
C03486,Customer 3486,customer3486@example.com,Kolkata,West Bengal,2024-02-09,Small Business
C03487,Customer 3487,customer3487@example.com,Mumbai,Maharashtra,2025-04-26,Consumer
C03488,Customer 3488,customer3488@example.com,Pune,Maharashtra,2024-11-23,Small Business
C03489,Customer 3489,customer3489@example.com,Panipat,Haryana,2025-09-07,Corporate
C03490,Customer 3490,customer3490@example.com,Panipat,Haryana,2026-04-07,Corporate
C03491,Customer 3491,customer3491@example.com,Chennai,Tamil Nadu,2025-04-29,Consumer
C03492,Customer 3492,customer3492@example.com,Panipat,Haryana,2024-08-04,Consumer
C03493,Customer 3493,customer3493@example.com,Chennai,Tamil Nadu,2024-10-03,Corporate
C03494,Customer 3494,customer3494@example.com,Mumbai,Maharashtra,2024-03-26,Consumer
C03495,Customer 3495,customer3495@example.com,Delhi,Delhi,2024-10-07,Corporate
C03496,Customer 3496,customer3496@example.com,Delhi,Delhi,2024-11-01,Small Business
C03497,Customer 3497,customer3497@example.com,Kolkata,West Bengal,2026-06-11,Corporate
C03498,Customer 3498,customer3498@example.com,Jaipur,Rajasthan,2024-08-07,Small Business
C03499,Customer 3499,customer3499@example.com,Bengaluru,Karnataka,2024-07-07,Consumer
C03500,Customer 3500,customer3500@example.com,Delhi,Delhi,2025-03-14,Corporate
C03501,Customer 3501,customer3501@example.com,Bengaluru,Karnataka,2024-06-17,Consumer
C03502,Customer 3502,customer3502@example.com,Hyderabad,Telangana,2025-03-05,Corporate
C03503,Customer 3503,customer3503@example.com,Kolkata,West Bengal,2025-07-02,Small Business
C03504,Customer 3504,customer3504@example.com,Mumbai,Maharashtra,2025-12-14,Corporate
C03505,Customer 3505,customer3505@example.com,Hyderabad,Telangana,2025-12-10,Small Business
C03506,Customer 3506,customer3506@example.com,Chennai,Tamil Nadu,2026-04-22,Consumer
C03507,Customer 3507,customer3507@example.com,Jaipur,Rajasthan,2026-03-12,Small Business
C03508,Customer 3508,customer3508@example.com,Pune,Maharashtra,2024-03-20,Small Business
C03509,Customer 3509,customer3509@example.com,Ahmedabad,Gujarat,2025-09-23,Consumer
C03510,Customer 3510,customer3510@example.com,Hyderabad,Telangana,2025-11-11,Small Business
C03511,Customer 3511,customer3511@example.com,Hyderabad,Telangana,2024-01-15,Consumer
C03512,Customer 3512,customer3512@example.com,Kolkata,West Bengal,2024-05-31,Corporate
C03513,Customer 3513,customer3513@example.com,Hyderabad,Telangana,2024-04-26,Small Business
C03514,Customer 3514,customer3514@example.com,Chennai,Tamil Nadu,2024-09-26,Small Business
C03515,Customer 3515,customer3515@example.com,Panipat,Haryana,2025-04-06,Consumer
C03516,Customer 3516,customer3516@example.com,Kolkata,West Bengal,2025-10-16,Small Business
C03517,Customer 3517,customer3517@example.com,Delhi,Delhi,2024-02-07,Consumer
C03518,Customer 3518,customer3518@example.com,Pune,Maharashtra,2025-03-06,Small Business
C03519,Customer 3519,customer3519@example.com,Jaipur,Rajasthan,2026-03-03,Consumer
C03520,Customer 3520,customer3520@example.com,Ahmedabad,Gujarat,2025-01-21,Consumer
C03521,Customer 3521,customer3521@example.com,Hyderabad,Telangana,2024-08-02,Consumer
C03522,Customer 3522,customer3522@example.com,Ahmedabad,Gujarat,2024-01-15,Corporate
C03523,Customer 3523,customer3523@example.com,Hyderabad,Telangana,2024-01-17,Corporate
C03524,Customer 3524,customer3524@example.com,Bengaluru,Karnataka,2025-05-29,Consumer
C03525,Customer 3525,customer3525@example.com,Kolkata,West Bengal,2025-10-26,Corporate
C03526,Customer 3526,customer3526@example.com,Chennai,Tamil Nadu,2025-02-24,Corporate
C03527,Customer 3527,customer3527@example.com,Hyderabad,Telangana,2026-04-28,Small Business
C03528,Customer 3528,customer3528@example.com,Chennai,Tamil Nadu,2025-06-19,Corporate
C03529,Customer 3529,customer3529@example.com,Delhi,Delhi,2024-06-29,Corporate
C03530,Customer 3530,customer3530@example.com,Chennai,Tamil Nadu,2025-01-17,Consumer
C03531,Customer 3531,customer3531@example.com,Jaipur,Rajasthan,2025-09-01,Consumer
C03532,Customer 3532,customer3532@example.com,Jaipur,Rajasthan,2025-03-22,Corporate
C03533,Customer 3533,customer3533@example.com,Bengaluru,Karnataka,2026-05-15,Small Business
C03534,Customer 3534,customer3534@example.com,Chennai,Tamil Nadu,2025-10-11,Corporate
C03535,Customer 3535,customer3535@example.com,Ahmedabad,Gujarat,2026-05-27,
C03536,Customer 3536,customer3536@example.com,Delhi,Delhi,2026-04-05,Consumer
C03537,Customer 3537,customer3537@example.com,Delhi,Delhi,2025-10-27,Consumer
C03538,Customer 3538,customer3538@example.com,Ahmedabad,Gujarat,2025-02-25,Consumer
C03539,Customer 3539,customer3539@example.com,Kolkata,West Bengal,2026-02-06,Small Business
C03540,Customer 3540,customer3540@example.com,Jaipur,Rajasthan,2024-04-12,Small Business
C03541,Customer 3541,customer3541@example.com,Kolkata,West Bengal,2025-05-30,Small Business
C03542,Customer 3542,customer3542@example.com,Panipat,Haryana,2025-11-14,Corporate
C03543,Customer 3543,customer3543@example.com,Chennai,Tamil Nadu,2024-08-04,Consumer
C03544,Customer 3544,customer3544@example.com,Kolkata,West Bengal,2025-07-18,Corporate
C03545,Customer 3545,customer3545@example.com,Delhi,Delhi,2024-07-19,Corporate
C03546,Customer 3546,customer3546@example.com,Delhi,Delhi,2024-12-25,Corporate
C03547,Customer 3547,customer3547@example.com,Chennai,Tamil Nadu,2026-04-20,Small Business
C03548,Customer 3548,customer3548@example.com,Chennai,Tamil Nadu,2024-01-08,Corporate
C03549,Customer 3549,customer3549@example.com,Pune,Maharashtra,2025-06-03,Corporate
C03550,Customer 3550,customer3550@example.com,Bengaluru,Karnataka,2026-06-19,Small Business
C03551,Customer 3551,customer3551@example.com,Bengaluru,Karnataka,2024-11-10,Corporate
C03552,Customer 3552,customer3552@example.com,Pune,Maharashtra,2024-01-05,Corporate
C03553,Customer 3553,customer3553@example.com,Panipat,Haryana,2024-01-16,Consumer
C03554,Customer 3554,customer3554@example.com,Mumbai,Maharashtra,2026-03-20,Corporate
C03555,Customer 3555,customer3555@example.com,Jaipur,Rajasthan,2026-04-19,Small Business
C03556,Customer 3556,customer3556@example.com,Ahmedabad,Gujarat,2024-11-21,Corporate
C03557,Customer 3557,customer3557@example.com,Mumbai,Maharashtra,2025-08-08,Corporate
C03558,Customer 3558,customer3558@example.com,Pune,Maharashtra,2025-07-23,Corporate
C03559,Customer 3559,customer3559@example.com,Pune,Maharashtra,2025-09-23,Small Business
C03560,Customer 3560,customer3560@example.com,Chennai,Tamil Nadu,2026-04-28,Consumer
C03561,Customer 3561,customer3561@example.com,Ahmedabad,Gujarat,2025-03-15,Consumer
C03562,Customer 3562,customer3562@example.com,Chennai,Tamil Nadu,2026-01-15,Consumer
C03563,Customer 3563,customer3563@example.com,Chennai,Tamil Nadu,2024-11-21,Small Business
C03564,Customer 3564,customer3564@example.com,Mumbai,Maharashtra,2025-03-23,Consumer
C03565,Customer 3565,customer3565@example.com,Delhi,Delhi,2025-12-28,Consumer
C03566,Customer 3566,customer3566@example.com,Jaipur,Rajasthan,2024-05-01,Small Business
C03567,Customer 3567,customer3567@example.com,Ahmedabad,Gujarat,2026-03-14,Corporate
C03568,Customer 3568,customer3568@example.com,Bengaluru,Karnataka,2026-05-07,Small Business
C03569,Customer 3569,customer3569@example.com,Mumbai,Maharashtra,2024-11-26,Consumer
C03570,Customer 3570,customer3570@example.com,Delhi,Delhi,2024-04-05,Consumer
C03571,Customer 3571,customer3571@example.com,Chennai,Tamil Nadu,2024-01-12,Small Business
C03572,Customer 3572,customer3572@example.com,Ahmedabad,Gujarat,2024-06-05,Consumer
C03573,Customer 3573,customer3573@example.com,Ahmedabad,Gujarat,2025-12-25,Small Business
C03574,Customer 3574,customer3574@example.com,Delhi,Delhi,2025-08-08,Corporate
C03575,Customer 3575,customer3575@example.com,Panipat,Haryana,2026-01-30,Small Business
C03576,Customer 3576,customer3576@example.com,Mumbai,Maharashtra,2025-04-09,Small Business
C03577,Customer 3577,customer3577@example.com,Hyderabad,Telangana,2024-07-10,Consumer
C03578,Customer 3578,customer3578@example.com,Pune,Maharashtra,2024-10-31,Consumer
C03579,Customer 3579,customer3579@example.com,Jaipur,Rajasthan,2026-05-10,Consumer
C03580,Customer 3580,customer3580@example.com,Chennai,Tamil Nadu,2026-02-27,Corporate
C03581,Customer 3581,customer3581@example.com,Panipat,Haryana,2024-10-08,Consumer
C03582,Customer 3582,customer3582@example.com,Mumbai,Maharashtra,2025-10-04,Consumer
C03583,Customer 3583,customer3583@example.com,Ahmedabad,Gujarat,2026-06-06,Consumer
C03584,Customer 3584,customer3584@example.com,Delhi,Delhi,2025-04-15,Small Business
C03585,Customer 3585,customer3585@example.com,Delhi,Delhi,2024-04-19,Consumer
C03586,Customer 3586,customer3586@example.com,Bengaluru,Karnataka,2024-09-25,Consumer
C03587,Customer 3587,customer3587@example.com,Delhi,Delhi,2024-03-20,Corporate
C03588,Customer 3588,customer3588@example.com,Hyderabad,Telangana,2026-05-08,Consumer
C03589,Customer 3589,customer3589@example.com,Chennai,Tamil Nadu,2024-04-13,Corporate
C03590,Customer 3590,customer3590@example.com,Panipat,Haryana,2025-02-27,Consumer
C03591,Customer 3591,customer3591@example.com,Kolkata,West Bengal,2025-10-02,Consumer
C03592,Customer 3592,customer3592@example.com,Pune,Maharashtra,2025-12-04,Corporate
C03593,Customer 3593,customer3593@example.com,Chennai,Tamil Nadu,2024-11-17,Small Business
C03594,Customer 3594,customer3594@example.com,Kolkata,West Bengal,2026-04-07,Consumer
C03595,Customer 3595,customer3595@example.com,Mumbai,Maharashtra,2024-11-01,Consumer
C03596,Customer 3596,customer3596@example.com,Mumbai,Maharashtra,2025-11-06,Small Business
C03597,Customer 3597,customer3597@example.com,Ahmedabad,Gujarat,2026-05-25,Consumer
C03598,Customer 3598,customer3598@example.com,Delhi,Delhi,2024-12-17,Corporate
C03599,Customer 3599,customer3599@example.com,Kolkata,West Bengal,2025-09-20,Small Business
C03600,Customer 3600,customer3600@example.com,Jaipur,Rajasthan,2024-01-06,Consumer
C03601,Customer 3601,customer3601@example.com,Jaipur,Rajasthan,2026-01-29,Corporate
C03602,Customer 3602,customer3602@example.com,Delhi,Delhi,2024-07-16,Small Business
C03603,Customer 3603,customer3603@example.com,Panipat,Haryana,2025-07-02,Consumer
C03604,Customer 3604,customer3604@example.com,Jaipur,Rajasthan,2025-06-08,Consumer
C03605,Customer 3605,customer3605@example.com,Pune,Maharashtra,2026-06-06,Corporate
C03606,Customer 3606,customer3606@example.com,Delhi,Delhi,2024-08-10,Consumer
C03607,Customer 3607,customer3607@example.com,Hyderabad,Telangana,2024-05-21,Consumer
C03608,Customer 3608,customer3608@example.com,Delhi,Delhi,2026-01-15,Small Business
C03609,Customer 3609,customer3609@example.com,Mumbai,Maharashtra,2024-10-01,Corporate
C03610,Customer 3610,customer3610@example.com,Kolkata,West Bengal,2024-07-23,Consumer
C03611,Customer 3611,invalid-email-3610,Hyderabad,Telangana,2025-12-26,Small Business
C03612,Customer 3612,customer3612@example.com,Bengaluru,Karnataka,2025-04-23,Small Business
C03613,Customer 3613,customer3613@example.com,Kolkata,West Bengal,2025-03-22,Small Business
C03614,Customer 3614,customer3614@example.com,Chennai,Tamil Nadu,2024-07-16,Corporate
C03615,Customer 3615,customer3615@example.com,Mumbai,Maharashtra,2024-07-21,Small Business
C03616,Customer 3616,customer3616@example.com,Bengaluru,Karnataka,2025-02-06,Consumer
C03617,Customer 3617,customer3617@example.com,Ahmedabad,Gujarat,2026-03-23,Small Business
C03618,Customer 3618,customer3618@example.com,Bengaluru,Karnataka,2024-06-18,Consumer
C03619,Customer 3619,customer3619@example.com,Kolkata,West Bengal,2025-03-19,Corporate
C03620,Customer 3620,customer3620@example.com,Chennai,Tamil Nadu,2025-09-02,Small Business
C03621,Customer 3621,customer3621@example.com,Bengaluru,Karnataka,2026-04-15,Corporate
C03622,Customer 3622,customer3622@example.com,Ahmedabad,Gujarat,2024-04-20,Small Business
C03623,Customer 3623,customer3623@example.com,Chennai,Tamil Nadu,2025-03-15,Consumer
C03624,Customer 3624,customer3624@example.com,Ahmedabad,Gujarat,2024-12-27,Corporate
C03625,Customer 3625,customer3625@example.com,Delhi,Delhi,2025-04-05,Consumer
C03626,Customer 3626,customer3626@example.com,Panipat,Haryana,2025-06-07,Corporate
C03627,Customer 3627,customer3627@example.com,Ahmedabad,Gujarat,2025-02-23,Corporate
C03628,Customer 3628,customer3628@example.com,Ahmedabad,Gujarat,2026-04-26,Small Business
C03629,Customer 3629,customer3629@example.com,Jaipur,Rajasthan,2024-12-26,Corporate
C03630,Customer 3630,customer3630@example.com,Panipat,Haryana,2024-04-27,Consumer
C03631,Customer 3631,customer3631@example.com,Hyderabad,Telangana,2025-03-15,Consumer
C03632,Customer 3632,customer3632@example.com,Hyderabad,Telangana,2024-09-08,Consumer
C03633,Customer 3633,customer3633@example.com,Pune,Maharashtra,2025-11-03,Corporate
C03634,Customer 3634,customer3634@example.com,Hyderabad,Telangana,2024-05-28,Corporate
C03635,Customer 3635,customer3635@example.com,Delhi,Delhi,2024-01-10,Corporate
C03636,Customer 3636,customer3636@example.com,Panipat,Haryana,2026-01-04,Corporate
C03637,Customer 3637,customer3637@example.com,Pune,Maharashtra,2025-04-21,Small Business
C03638,Customer 3638,customer3638@example.com,Hyderabad,Telangana,2024-08-26,Small Business
C03639,Customer 3639,customer3639@example.com,Delhi,Delhi,2025-01-29,Corporate
C03640,Customer 3640,customer3640@example.com,Ahmedabad,Gujarat,2024-08-05,Small Business
C03641,Customer 3641,customer3641@example.com,Pune,Maharashtra,2024-04-15,
C03642,Customer 3642,customer3642@example.com,Bengaluru,Karnataka,2026-01-03,Small Business
C03643,Customer 3643,customer3643@example.com,Delhi,Delhi,2025-08-10,Small Business
C03644,Customer 3644,customer3644@example.com,CHENNAI,Tamil Nadu,2025-11-29,Corporate
C03645,Customer 3645,customer3645@example.com,Hyderabad,Telangana,2026-04-12,Corporate
C03646,Customer 3646,customer3646@example.com,Pune,Maharashtra,2024-07-20,Consumer
C03647,Customer 3647,customer3647@example.com,Kolkata,West Bengal,2025-05-25,Consumer
C03648,Customer 3648,customer3648@example.com,Bengaluru,Karnataka,2025-03-07,Consumer
C03649,Customer 3649,customer3649@example.com,Delhi,Delhi,2025-04-08,Consumer
C03650,Customer 3650,,Ahmedabad,Gujarat,2024-11-30,Small Business
C03651,Customer 3651,customer3651@example.com,Chennai,Tamil Nadu,2024-08-30,Small Business
C03652,Customer 3652,customer3652@example.com,Panipat,Haryana,2024-10-18,Consumer
C03653,Customer 3653,customer3653@example.com,Ahmedabad,Gujarat,2024-01-05,Corporate
C03654,Customer 3654,customer3654@example.com,Bengaluru,Karnataka,2024-05-14,Corporate
C03655,Customer 3655,customer3655@example.com,Panipat,Haryana,2025-06-30,Small Business
C03656,Customer 3656,customer3656@example.com,Panipat,Haryana,2024-12-11,Small Business
C03657,Customer 3657,customer3657@example.com,Panipat,Haryana,2024-03-12,Corporate
C03658,Customer 3658,customer3658@example.com,Delhi,Delhi,2026-04-29,Corporate
C03659,Customer 3659,customer3659@example.com,Bengaluru,Karnataka,2024-10-08,Corporate
C03660,Customer 3660,customer3660@example.com,Hyderabad,Telangana,2025-02-13,Consumer
C03661,Customer 3661,customer3661@example.com,Jaipur,Rajasthan,2026-03-04,Corporate
C03662,Customer 3662,customer3662@example.com,Kolkata,West Bengal,2025-09-19,Consumer
C03663,Customer 3663,customer3663@example.com,Chennai,Tamil Nadu,2024-11-01,Small Business
C03664,Customer 3664,customer3664@example.com,Kolkata,West Bengal,2025-05-20,Small Business
C03665,Customer 3665,customer3665@example.com,Delhi,Delhi,2026-05-13,Corporate
C03666,Customer 3666,customer3666@example.com,Ahmedabad,Gujarat,2024-04-15,Consumer
C03667,Customer 3667,customer3667@example.com,Pune,Maharashtra,2024-02-18,Consumer
C03668,Customer 3668,customer3668@example.com,Mumbai,Maharashtra,2024-04-17,Corporate
C03669,Customer 3669,customer3669@example.com,Chennai,Tamil Nadu,2024-08-19,Consumer
C03670,Customer 3670,customer3670@example.com,Delhi,Delhi,2024-07-14,Small Business
C03671,Customer 3671,customer3671@example.com,Hyderabad,Telangana,2026-04-15,Small Business
C03672,Customer 3672,customer3672@example.com,Panipat,Haryana,2025-12-05,Consumer
C03673,Customer 3673,customer3673@example.com,Bengaluru,Karnataka,2026-03-14,Consumer
C03674,Customer 3674,customer3674@example.com,Delhi,Delhi,2024-02-19,Corporate
C03675,Customer 3675,customer3675@example.com,Delhi,Delhi,2024-09-27,Corporate
C03676,Customer 3676,customer3676@example.com,Ahmedabad,Gujarat,2026-03-21,Corporate
C03677,Customer 3677,customer3677@example.com,Bengaluru,Karnataka,2025-12-16,Consumer
C03678,Customer 3678,customer3678@example.com,Mumbai,Maharashtra,2025-08-20,Corporate
C03679,Customer 3679,,Delhi,Delhi,2024-05-09,Corporate
C03680,Customer 3680,customer3680@example.com,Mumbai,Maharashtra,2026-02-10,Small Business
C03681,Customer 3681,customer3681@example.com,Chennai,Tamil Nadu,2025-10-14,Corporate
C03682,Customer 3682,customer3682@example.com,Delhi,Delhi,2025-06-18,Small Business
C03683,Customer 3683,customer3683@example.com,Pune,Maharashtra,2025-08-14,Corporate
C03684,Customer 3684,customer3684@example.com,KOLKATA,West Bengal,2024-10-14,Corporate
C03685,Customer 3685,customer3685@example.com,Kolkata,West Bengal,2024-08-19,Consumer
C03686,Customer 3686,customer3686@example.com,Bengaluru,Karnataka,2026-02-23,Corporate
C03687,Customer 3687,customer3687@example.com,Delhi,Delhi,2024-12-27,Small Business
C03688,Customer 3688,customer3688@example.com,Pune,Maharashtra,2025-11-06,Small Business
C03689,Customer 3689,customer3689@example.com,Pune,Maharashtra,2025-12-12,Consumer
C03690,Customer 3690,customer3690@example.com,Delhi,Delhi,2025-05-21,Consumer
C03691,Customer 3691,customer3691@example.com,Pune,Maharashtra,2024-01-14,Small Business
C03692,Customer 3692,customer3692@example.com,Pune,Maharashtra,2025-04-24,Corporate
C03693,Customer 3693,customer3693@example.com,Pune,Maharashtra,2025-05-14,Consumer
C03694,Customer 3694,customer3694@example.com,Hyderabad,Telangana,2024-08-01,Small Business
C03695,Customer 3695,customer3695@example.com,Jaipur,Rajasthan,2025-06-10,Corporate
C03696,Customer 3696,customer3696@example.com,Bengaluru,Karnataka,2025-12-26,Corporate
C03697,Customer 3697,customer3697@example.com,Mumbai,Maharashtra,2026-05-18,Small Business
C03698,Customer 3698,customer3698@example.com,Delhi,Delhi,2024-05-13,Consumer
C03699,Customer 3699,customer3699@example.com,Hyderabad,Telangana,2025-01-29,Corporate
C03700,Customer 3700,customer3700@example.com,Ahmedabad,Gujarat,2025-06-09,Consumer
C03701,Customer 3701,customer3701@example.com,Chennai,Tamil Nadu,2024-07-11,Consumer
C03702,Customer 3702,customer3702@example.com,Bengaluru,Karnataka,2025-03-09,Consumer
C03703,Customer 3703,customer3703@example.com,Bengaluru,Karnataka,2026-06-09,Small Business
C03704,Customer 3704,customer3704@example.com,Delhi,Delhi,2024-05-30,Corporate
C03705,Customer 3705,customer3705@example.com,Delhi,Delhi,2026-02-01,Consumer
C03706,Customer 3706,customer3706@example.com,Pune,Maharashtra,2024-01-17,Corporate
C03707,Customer 3707,customer3707@example.com,Mumbai,Maharashtra,2024-09-30,Consumer
C03708,Customer 3708,customer3708@example.com,Kolkata,West Bengal,2025-11-08,Small Business
C03709,Customer 3709,customer3709@example.com,Kolkata,West Bengal,2024-12-26,Corporate
C03710,Customer 3710,customer3710@example.com,Delhi,Delhi,2025-07-17,Consumer
C03711,Customer 3711,customer3711@example.com,Hyderabad,Telangana,2025-03-17,Consumer
C03712,Customer 3712,customer3712@example.com,Mumbai,Maharashtra,2025-02-10,Small Business
C03713,Customer 3713,customer3713@example.com,Chennai,Tamil Nadu,2025-06-04,Corporate
C03714,Customer 3714,customer3714@example.com,Panipat,Haryana,2025-03-27,Corporate
C03715,Customer 3715,,Hyderabad,Telangana,2024-04-10,Consumer
C03716,Customer 3716,customer3716@example.com,Chennai,Tamil Nadu,2026-01-19,Corporate
C03717,Customer 3717,customer3717@example.com,Pune,Maharashtra,2024-10-28,Consumer
C03718,Customer 3718,customer3718@example.com,Chennai,Tamil Nadu,2024-06-29,Small Business
C03719,Customer 3719,customer3719@example.com,Bengaluru,Karnataka,2025-06-26,Small Business
C03720,Customer 3720,customer3720@example.com,Kolkata,West Bengal,2025-06-15,Corporate
C03721,Customer 3721,customer3721@example.com,Delhi,Delhi,2025-11-28,Consumer
C03722,Customer 3722,customer3722@example.com,Pune,Maharashtra,2024-04-23,Consumer
C03723,Customer 3723,customer3723@example.com,Delhi,Delhi,2024-02-24,Consumer
C03724,Customer 3724,customer3724@example.com,Ahmedabad,Gujarat,2024-09-29,Consumer
C03725,Customer 3725,customer3725@example.com,Delhi,Delhi,2025-06-28,Consumer
C03726,Customer 3726,customer3726@example.com,Bengaluru,Karnataka,2024-08-19,Small Business
C03727,Customer 3727,customer3727@example.com,Chennai,Tamil Nadu,2025-02-05,Corporate
C03728,Customer 3728,customer3728@example.com,Delhi,Delhi,2024-08-13,Small Business
C03729,Customer 3729,customer3729@example.com,Bengaluru,Karnataka,2025-05-22,Consumer
C03730,Customer 3730,customer3730@example.com,Mumbai,Maharashtra,2026-03-15,Consumer
C03731,Customer 3731,customer3731@example.com,Hyderabad,Telangana,2025-10-14,Corporate
C03732,Customer 3732,customer3732@example.com,Ahmedabad,Gujarat,2024-10-21,Small Business
C03733,Customer 3733,customer3733@example.com,Panipat,Haryana,2024-04-06,Consumer
C03734,Customer 3734,customer3734@example.com,Jaipur,Rajasthan,2025-12-18,Small Business
C03735,Customer 3735,customer3735@example.com,Kolkata,West Bengal,2026-01-26,Corporate
C03736,Customer 3736,customer3736@example.com,Pune,Maharashtra,2024-06-23,Corporate
C03737,Customer 3737,customer3737@example.com,Delhi,Delhi,2024-06-19,Consumer
C03738,Customer 3738,customer3738@example.com,Hyderabad,Telangana,2025-04-11,Consumer
C03739,Customer 3739,customer3739@example.com,Panipat,Haryana,2025-11-13,Corporate
C03740,Customer 3740,customer3740@example.com,Chennai,Tamil Nadu,2024-12-08,Consumer
C03741,Customer 3741,customer3741@example.com,Mumbai,Maharashtra,2024-09-27,Consumer
C03742,Customer 3742,customer3742@example.com,Mumbai,Maharashtra,2025-11-26,Consumer
C03743,Customer 3743,customer3743@example.com,Ahmedabad,Gujarat,2024-12-26,Corporate
C03744,Customer 3744,customer3744@example.com,Ahmedabad,Gujarat,2024-01-02,Corporate
C03745,Customer 3745,customer3745@example.com,Pune,Maharashtra,2025-04-28,Consumer
C03746,Customer 3746,customer3746@example.com,Panipat,Haryana,2026-04-18,Consumer
C03747,Customer 3747,customer3747@example.com,Ahmedabad,Gujarat,2025-11-27,Corporate
C03748,Customer 3748,customer3748@example.com,Pune,Maharashtra,2025-06-21,Small Business
C03749,Customer 3749,customer3749@example.com,Mumbai,Maharashtra,2026-02-12,Consumer
C03750,Customer 3750,customer3750@example.com,Delhi,Delhi,2024-04-12,Corporate
C03751,Customer 3751,customer3751@example.com,Hyderabad,Telangana,2025-04-08,Corporate
C03752,Customer 3752,customer3752@example.com,Hyderabad,Telangana,2025-07-12,Corporate
C03753,Customer 3753,customer3753@example.com,Kolkata,West Bengal,2024-09-16,Corporate
C03754,Customer 3754,customer3754@example.com,Kolkata,West Bengal,2024-01-14,Corporate
C03755,Customer 3755,customer3755@example.com,Bengaluru,Karnataka,2025-12-28,Corporate
C03756,Customer 3756,customer3756@example.com,Jaipur,Rajasthan,2026-03-04,Small Business
C03757,Customer 3757,customer3757@example.com,Ahmedabad,Gujarat,2025-05-10,Consumer
C03758,Customer 3758,customer3758@example.com,Bengaluru,Karnataka,2025-12-03,Small Business
C03759,Customer 3759,customer3759@example.com,Panipat,Haryana,2024-05-31,Corporate
C03760,Customer 3760,customer3760@example.com,Pune,Maharashtra,2025-11-06,Consumer
C03761,Customer 3761,customer3761@example.com,Hyderabad,Telangana,2025-05-24,Consumer
C03762,Customer 3762,customer3762@example.com,Pune,Maharashtra,2025-08-14,Small Business
C03763,Customer 3763,customer3763@example.com,Chennai,Tamil Nadu,2025-01-03,Consumer
C03764,Customer 3764,customer3764@example.com,Delhi,Delhi,2024-07-17,Corporate
C03765,Customer 3765,customer3765@example.com,Delhi,Delhi,2024-10-07,Small Business
C03766,Customer 3766,customer3766@example.com,Jaipur,Rajasthan,2025-04-05,Small Business
C03767,Customer 3767,customer3767@example.com,Mumbai,Maharashtra,2024-09-28,Small Business
C03768,Customer 3768,customer3768@example.com,Hyderabad,Telangana,2024-12-05,Corporate
C03769,Customer 3769,customer3769@example.com,Ahmedabad,Gujarat,2025-03-03,Corporate
C03770,Customer 3770,customer3770@example.com,Bengaluru,Karnataka,2024-07-14,Consumer
C03771,Customer 3771,customer3771@example.com,Ahmedabad,Gujarat,2025-06-16,
C03772,Customer 3772,,Hyderabad,Telangana,2026-05-04,Small Business
C03773,Customer 3773,customer3773@example.com,Delhi,Delhi,2025-03-19,Corporate
C03774,Customer 3774,customer3774@example.com,Ahmedabad,Gujarat,2026-03-22,Corporate
C03775,Customer 3775,customer3775@example.com,Bengaluru,Karnataka,2024-04-22,Consumer
C03776,Customer 3776,customer3776@example.com,Kolkata,West Bengal,2025-12-02,Consumer
C03777,Customer 3777,customer3777@example.com,Kolkata,West Bengal,2025-11-28,Consumer
C03778,Customer 3778,customer3778@example.com,Jaipur,Rajasthan,2024-10-23,Small Business
C03779,Customer 3779,customer3779@example.com,Jaipur,Rajasthan,2025-11-11,Consumer
C03780,Customer 3780,customer3780@example.com,Bengaluru,Karnataka,2025-05-13,Corporate
C03781,Customer 3781,customer3781@example.com,Delhi,Delhi,2026-03-29,Corporate
C03782,Customer 3782,customer3782@example.com,Panipat,Haryana,2025-04-09,Consumer
C03783,Customer 3783,customer3783@example.com,Pune,Maharashtra,2024-10-16,Small Business
C03784,Customer 3784,customer3784@example.com,Delhi,Delhi,2024-02-24,Corporate
C03785,Customer 3785,customer3785@example.com,Bengaluru,Karnataka,2024-01-06,Corporate
C03786,Customer 3786,customer3786@example.com,Hyderabad,Telangana,2025-11-07,Consumer
C03787,Customer 3787,customer3787@example.com,Panipat,Haryana,2024-09-14,Consumer
C03788,Customer 3788,customer3788@example.com,Hyderabad,Telangana,2026-06-18,Corporate
C03789,Customer 3789,customer3789@example.com,Jaipur,Rajasthan,2025-11-12,Small Business
C03790,Customer 3790,customer3790@example.com,Mumbai,Maharashtra,2024-03-29,Small Business
C03791,Customer 3791,customer3791@example.com,Bengaluru,Karnataka,2024-05-26,Small Business
C03792,Customer 3792,customer3792@example.com,Pune,Maharashtra,2025-03-18,Small Business
C03793,Customer 3793,customer3793@example.com,Delhi,Delhi,2024-10-24,Consumer
C03794,Customer 3794,customer3794@example.com,Panipat,Haryana,2025-04-29,Corporate
C03795,Customer 3795,customer3795@example.com,Pune,Maharashtra,2026-04-11,Small Business
C03796,Customer 3796,customer3796@example.com,Chennai,Tamil Nadu,2025-03-08,Corporate
C03797,Customer 3797,customer3797@example.com,Delhi,Delhi,2024-09-24,Corporate
C03798,Customer 3798,customer3798@example.com,Ahmedabad,Gujarat,2024-11-14,Consumer
C03799,Customer 3799,customer3799@example.com,Ahmedabad,Gujarat,2025-03-22,Small Business
C03800,Customer 3800,customer3800@example.com,Hyderabad,Telangana,2026-04-03,Small Business
C03801,Customer 3801,customer3801@example.com,Mumbai,Maharashtra,2025-11-30,Consumer
C03802,Customer 3802,customer3802@example.com,Bengaluru,Karnataka,2024-05-18,Corporate
C03803,Customer 3803,customer3803@example.com,Jaipur,Rajasthan,2024-07-23,Corporate
C03804,Customer 3804,customer3804@example.com,Bengaluru,Karnataka,2024-03-28,Corporate
C03805,Customer 3805,customer3805@example.com,Ahmedabad,Gujarat,2025-10-05,Corporate
C03806,Customer 3806,customer3806@example.com,Jaipur,Rajasthan,2024-07-06,Corporate
C03807,Customer 3807,customer3807@example.com,Chennai,Tamil Nadu,2024-04-08,Consumer
C03808,Customer 3808,customer3808@example.com,Jaipur,Rajasthan,2025-03-28,Small Business
C03809,Customer 3809,customer3809@example.com,Hyderabad,Telangana,2025-05-30,Small Business
C03810,Customer 3810,customer3810@example.com,Hyderabad,Telangana,2025-04-24,Corporate
C03811,Customer 3811,customer3811@example.com,Chennai,Tamil Nadu,2025-04-22,Corporate
C03812,Customer 3812,customer3812@example.com,Chennai,Tamil Nadu,2025-04-17,Consumer
C03813,Customer 3813,customer3813@example.com,Jaipur,Rajasthan,2024-01-28,Corporate
C03814,Customer 3814,customer3814@example.com,Delhi,Delhi,2026-02-12,Consumer
C03815,Customer 3815,customer3815@example.com,Ahmedabad,Gujarat,2024-11-05,Consumer
C03816,Customer 3816,customer3816@example.com,Ahmedabad,Gujarat,2025-06-08,Corporate
C03817,Customer 3817,customer3817@example.com,Mumbai,Maharashtra,2025-09-27,Small Business
C03818,Customer 3818,customer3818@example.com,Ahmedabad,Gujarat,2026-06-17,Corporate
C03819,Customer 3819,customer3819@example.com,Panipat,Haryana,2026-02-12,Corporate
C03820,Customer 3820,customer3820@example.com,Mumbai,Maharashtra,2025-02-16,Small Business
C03821,Customer 3821,customer3821@example.com,Panipat,Haryana,2025-04-18,Small Business
C03822,Customer 3822,customer3822@example.com,Kolkata,West Bengal,2026-05-09,Consumer
C03823,Customer 3823,customer3823@example.com,Delhi,Delhi,2024-02-26,Corporate
C03824,Customer 3824,customer3824@example.com,Delhi,Delhi,2024-12-07,Small Business
C03825,Customer 3825,customer3825@example.com,Delhi,Delhi,2026-04-21,Corporate
C03826,Customer 3826,customer3826@example.com,Ahmedabad,Gujarat,2025-05-08,Small Business
C03827,Customer 3827,customer3827@example.com,Hyderabad,Telangana,2026-06-04,Consumer
C03828,Customer 3828,customer3828@example.com,Delhi,Delhi,2026-01-28,Small Business
C03829,Customer 3829,customer3829@example.com,Jaipur,Rajasthan,2026-01-27,Small Business
C03830,Customer 3830,customer3830@example.com,Panipat,Haryana,2025-12-19,Consumer
C03831,Customer 3831,customer3831@example.com,Jaipur,Rajasthan,2024-05-27,Small Business
C03832,Customer 3832,customer3832@example.com,Kolkata,West Bengal,2024-05-19,Consumer
C03833,Customer 3833,customer3833@example.com,Mumbai,Maharashtra,2024-11-04,Small Business
C03834,Customer 3834,customer3834@example.com,Bengaluru,Karnataka,2026-01-06,Consumer
C03835,Customer 3835,customer3835@example.com,Kolkata,West Bengal,2025-09-30,Small Business
C03836,Customer 3836,customer3836@example.com,Pune,Maharashtra,2024-04-27,Consumer
C03837,Customer 3837,customer3837@example.com,Panipat,Haryana,2024-06-05,Small Business
C03838,Customer 3838,customer3838@example.com,Delhi,Delhi,2025-06-16,Consumer
C03839,Customer 3839,customer3839@example.com,Pune,Maharashtra,2024-07-28,Consumer
C03840,Customer 3840,customer3840@example.com,Kolkata,West Bengal,2024-01-26,Small Business
C03841,Customer 3841,customer3841@example.com,Kolkata,West Bengal,2025-02-04,Consumer
C03842,Customer 3842,customer3842@example.com,Delhi,Delhi,2024-11-03,Corporate
C03843,Customer 3843,customer3843@example.com,Kolkata,West Bengal,2024-07-07,Consumer
C03844,Customer 3844,customer3844@example.com,Jaipur,Rajasthan,2024-09-23,Small Business
C03845,Customer 3845,customer3845@example.com,Kolkata,West Bengal,2026-05-29,Small Business
C03846,Customer 3846,customer3846@example.com,Ahmedabad,Gujarat,2024-05-06,Corporate
C03847,Customer 3847,customer3847@example.com,Mumbai,Maharashtra,2025-10-13,Consumer
C03848,Customer 3848,customer3848@example.com,Mumbai,Maharashtra,2024-05-25,Small Business
C03849,Customer 3849,customer3849@example.com,Pune,Maharashtra,2024-06-23,Small Business
C03850,Customer 3850,customer3850@example.com,Jaipur,Rajasthan,2024-07-24,Corporate
C03851,Customer 3851,customer3851@example.com,KOLKATA,West Bengal,2024-10-23,Corporate
C03852,Customer 3852,customer3852@example.com,Delhi,Delhi,2025-08-25,Corporate
C03853,Customer 3853,customer3853@example.com,Hyderabad,Telangana,2025-11-14,Corporate
C03854,Customer 3854,customer3854@example.com,Chennai,Tamil Nadu,2025-01-30,Small Business
C03855,Customer 3855,customer3855@example.com,Delhi,Delhi,2025-04-20,Corporate
C03856,Customer 3856,customer3856@example.com,Chennai,Tamil Nadu,2024-05-31,Consumer
C03857,Customer 3857,customer3857@example.com,Bengaluru,Karnataka,2025-04-13,Consumer
C03858,Customer 3858,customer3858@example.com,Ahmedabad,Gujarat,2025-02-02,Consumer
C03859,Customer 3859,customer3859@example.com,Ahmedabad,Gujarat,2024-11-06,Consumer
C03860,Customer 3860,,Ahmedabad,Gujarat,2025-03-31,Consumer
C03861,Customer 3861,customer3861@example.com,Hyderabad,Telangana,2024-05-22,Corporate
C03862,Customer 3862,customer3862@example.com,Kolkata,West Bengal,2024-10-10,Consumer
C03863,Customer 3863,customer3863@example.com,Mumbai,Maharashtra,2025-01-01,Small Business
C03864,Customer 3864,customer3864@example.com,Jaipur,Rajasthan,2024-08-03,Corporate
C03865,Customer 3865,customer3865@example.com,JAIPUR,Rajasthan,2025-02-03,Small Business
C03866,Customer 3866,customer3866@example.com,Delhi,Delhi,2024-06-27,Small Business
C03867,Customer 3867,customer3867@example.com,Mumbai,Maharashtra,2024-12-26,Small Business
C03868,Customer 3868,customer3868@example.com,Ahmedabad,Gujarat,2024-12-13,Corporate
C03869,Customer 3869,customer3869@example.com,Mumbai,Maharashtra,2024-10-12,Small Business
C03870,Customer 3870,customer3870@example.com,Bengaluru,Karnataka,2025-02-07,Consumer
C03871,Customer 3871,customer3871@example.com,Kolkata,West Bengal,2025-01-20,Corporate
C03872,Customer 3872,customer3872@example.com,Ahmedabad,Gujarat,2025-11-05,Consumer
C03873,Customer 3873,customer3873@example.com,AHMEDABAD,Gujarat,2025-12-26,Small Business
C03874,Customer 3874,customer3874@example.com,Jaipur,Rajasthan,2024-09-22,Consumer
C03875,Customer 3875,customer3875@example.com,Hyderabad,Telangana,2025-08-25,Small Business
C03876,Customer 3876,customer3876@example.com,Hyderabad,Telangana,2025-08-21,Small Business
C03877,Customer 3877,customer3877@example.com,Chennai,Tamil Nadu,2024-03-10,Consumer
C03878,Customer 3878,customer3878@example.com,Panipat,Haryana,2026-05-22,Small Business
C03879,Customer 3879,customer3879@example.com,Mumbai,Maharashtra,2024-08-25,Consumer
C03880,Customer 3880,customer3880@example.com,Delhi,Delhi,2025-05-26,Small Business
C03881,Customer 3881,customer3881@example.com,Kolkata,West Bengal,2024-11-27,Consumer
C03882,Customer 3882,customer3882@example.com,Pune,Maharashtra,2024-04-17,Consumer
C03883,Customer 3883,customer3883@example.com,Chennai,Tamil Nadu,2026-02-12,Corporate
C03884,Customer 3884,customer3884@example.com,Delhi,Delhi,2024-03-04,Small Business
C03885,Customer 3885,customer3885@example.com,Bengaluru,Karnataka,2024-04-27,Consumer
C03886,Customer 3886,customer3886@example.com,Delhi,Delhi,2025-03-28,Corporate
C03887,Customer 3887,customer3887@example.com,Ahmedabad,Gujarat,2025-10-08,Consumer
C03888,Customer 3888,customer3888@example.com,Mumbai,Maharashtra,2024-11-24,Consumer
C03889,Customer 3889,customer3889@example.com,Kolkata,West Bengal,2025-01-21,Consumer
C03890,Customer 3890,customer3890@example.com,Ahmedabad,Gujarat,2025-07-23,Consumer
C03891,Customer 3891,customer3891@example.com,Pune,Maharashtra,2024-09-15,Corporate
C03892,Customer 3892,customer3892@example.com,Kolkata,West Bengal,2025-11-26,Corporate
C03893,Customer 3893,customer3893@example.com,Pune,Maharashtra,2024-07-25,Small Business
C03894,Customer 3894,customer3894@example.com,Mumbai,Maharashtra,2025-03-20,Small Business
C03895,Customer 3895,customer3895@example.com,Pune,Maharashtra,2024-03-29,Small Business
C03896,Customer 3896,customer3896@example.com,Panipat,Haryana,2025-10-06,Small Business
C03897,Customer 3897,customer3897@example.com,Delhi,Delhi,2024-07-27,Consumer
C03898,Customer 3898,customer3898@example.com,Mumbai,Maharashtra,2024-01-06,Corporate
C03899,Customer 3899,customer3899@example.com,Chennai,Tamil Nadu,2025-08-04,Small Business
C03900,Customer 3900,customer3900@example.com,Delhi,Delhi,2024-12-14,Consumer
C03901,Customer 3901,customer3901@example.com,Jaipur,Rajasthan,2025-05-23,Consumer
C03902,Customer 3902,customer3902@example.com,Pune,Maharashtra,2025-08-07,Corporate
C03903,Customer 3903,customer3903@example.com,Jaipur,Rajasthan,2024-12-26,Corporate
C03904,Customer 3904,customer3904@example.com,Ahmedabad,Gujarat,2025-07-26,Consumer
C03905,Customer 3905,customer3905@example.com,Delhi,Delhi,2025-03-25,Corporate
C03906,Customer 3906,customer3906@example.com,Chennai,Tamil Nadu,2026-06-13,Consumer
C03907,Customer 3907,customer3907@example.com,Ahmedabad,Gujarat,2024-03-21,Consumer
C03908,Customer 3908,customer3908@example.com,Jaipur,Rajasthan,2024-11-01,Consumer
C03909,Customer 3909,customer3909@example.com,Delhi,Delhi,2025-05-25,Consumer
C03910,Customer 3910,customer3910@example.com,Panipat,Haryana,2025-09-07,Small Business
C03911,Customer 3911,customer3911@example.com,Hyderabad,Telangana,2024-01-24,Consumer
C03912,Customer 3912,customer3912@example.com,Bengaluru,Karnataka,2026-04-28,Corporate
C03913,Customer 3913,customer3913@example.com,Chennai,Tamil Nadu,2025-12-21,Corporate
C03914,Customer 3914,customer3914@example.com,Delhi,Delhi,2026-06-12,Consumer
C03915,Customer 3915,customer3915@example.com,Bengaluru,Karnataka,2024-03-17,Small Business
C03916,Customer 3916,customer3916@example.com,Ahmedabad,Gujarat,2024-09-04,Small Business
C03917,Customer 3917,customer3917@example.com,Ahmedabad,Gujarat,2025-05-27,Corporate
C03918,Customer 3918,customer3918@example.com,Chennai,Tamil Nadu,2025-09-25,Consumer
C03919,Customer 3919,customer3919@example.com,Jaipur,Rajasthan,2025-12-15,Consumer
C03920,Customer 3920,customer3920@example.com,Ahmedabad,Gujarat,2025-04-27,Corporate
C03921,Customer 3921,customer3921@example.com,Panipat,Haryana,2024-02-03,Corporate
C03922,Customer 3922,customer3922@example.com,Chennai,Tamil Nadu,2024-09-24,Consumer
C03923,Customer 3923,customer3923@example.com,Hyderabad,Telangana,2026-02-22,Consumer
C03924,Customer 3924,customer3924@example.com,Mumbai,Maharashtra,2024-07-28,Small Business
C03925,Customer 3925,customer3925@example.com,Hyderabad,Telangana,2026-02-14,Small Business
C03926,Customer 3926,customer3926@example.com,Panipat,Haryana,2024-08-29,Corporate
C03927,Customer 3927,customer3927@example.com,Delhi,Delhi,2026-04-04,Small Business
C03928,Customer 3928,customer3928@example.com,Ahmedabad,Gujarat,2025-12-20,Consumer
C03929,Customer 3929,customer3929@example.com,Hyderabad,Telangana,2024-03-13,Corporate
C03930,Customer 3930,customer3930@example.com,Ahmedabad,Gujarat,2026-01-27,Small Business
C03931,Customer 3931,customer3931@example.com,Delhi,Delhi,2025-07-18,Corporate
C03932,Customer 3932,customer3932@example.com,Mumbai,Maharashtra,2024-10-04,Small Business
C03933,Customer 3933,customer3933@example.com,Panipat,Haryana,2024-04-16,Consumer
C03934,Customer 3934,customer3934@example.com,Kolkata,West Bengal,2025-06-03,Consumer
C03935,Customer 3935,customer3935@example.com,Hyderabad,Telangana,2025-03-17,Corporate
C03936,Customer 3936,customer3936@example.com,Bengaluru,Karnataka,2026-03-11,Consumer
C03937,Customer 3937,customer3937@example.com,Panipat,Haryana,2024-02-26,Consumer
C03938,Customer 3938,customer3938@example.com,Pune,Maharashtra,2025-07-01,Small Business
C03939,Customer 3939,customer3939@example.com,Chennai,Tamil Nadu,2025-11-29,Small Business
C03940,Customer 3940,customer3940@example.com,Panipat,Haryana,2025-07-19,Corporate
C03941,Customer 3941,customer3941@example.com,Panipat,Haryana,2025-01-31,Corporate
C03942,Customer 3942,customer3942@example.com,Mumbai,Maharashtra,2025-03-16,Small Business
C03943,Customer 3943,customer3943@example.com,Chennai,Tamil Nadu,2025-07-16,Consumer
C03944,Customer 3944,customer3944@example.com,Delhi,Delhi,2025-03-24,Consumer
C03945,Customer 3945,customer3945@example.com,Ahmedabad,Gujarat,2025-01-11,Corporate
C03946,Customer 3946,customer3946@example.com,Pune,Maharashtra,2024-12-17,Corporate
C03947,Customer 3947,customer3947@example.com,Panipat,Haryana,2024-08-31,Consumer
C03948,Customer 3948,customer3948@example.com,Delhi,Delhi,2025-08-25,Consumer
C03949,Customer 3949,customer3949@example.com,Pune,Maharashtra,2025-02-26,Small Business
C03950,Customer 3950,customer3950@example.com,Jaipur,Rajasthan,2025-08-04,Consumer
C03951,Customer 3951,customer3951@example.com,Panipat,Haryana,2026-06-13,Small Business
C03952,Customer 3952,customer3952@example.com,Pune,Maharashtra,2026-04-12,Consumer
C03953,Customer 3953,customer3953@example.com,Delhi,Delhi,2024-02-28,
C03954,Customer 3954,customer3954@example.com,Kolkata,West Bengal,2024-07-03,Corporate
C03955,Customer 3955,,Panipat,Haryana,2024-11-17,Corporate
C03956,Customer 3956,customer3956@example.com,Ahmedabad,Gujarat,2025-11-01,Consumer
C03957,Customer 3957,customer3957@example.com,Bengaluru,Karnataka,2024-05-12,Small Business
C03958,Customer 3958,customer3958@example.com,Chennai,Tamil Nadu,2025-05-05,Small Business
C03959,Customer 3959,customer3959@example.com,Delhi,Delhi,2025-11-03,Consumer
C03960,Customer 3960,customer3960@example.com,Delhi,Delhi,2024-09-13,Small Business
C03961,Customer 3961,customer3961@example.com,Pune,Maharashtra,2025-05-21,Small Business
C03962,Customer 3962,customer3962@example.com,Hyderabad,Telangana,2026-05-29,Consumer
C03963,Customer 3963,customer3963@example.com,Kolkata,West Bengal,2025-12-31,Corporate
C03964,Customer 3964,customer3964@example.com,Hyderabad,Telangana,2026-03-09,Small Business
C03965,Customer 3965,customer3965@example.com,Bengaluru,Karnataka,2026-06-08,Small Business
C03966,Customer 3966,customer3966@example.com,Pune,Maharashtra,2025-06-23,Corporate
C03967,Customer 3967,customer3967@example.com,Hyderabad,Telangana,2025-12-15,Small Business
C03968,Customer 3968,customer3968@example.com,Jaipur,Rajasthan,2024-04-16,Consumer
C03969,Customer 3969,customer3969@example.com,Hyderabad,Telangana,2025-02-24,Small Business
C03970,Customer 3970,customer3970@example.com,Ahmedabad,Gujarat,2025-05-12,Corporate
C03971,Customer 3971,customer3971@example.com,Delhi,Delhi,2024-07-27,Consumer
C03972,Customer 3972,customer3972@example.com,Jaipur,Rajasthan,2024-08-24,Corporate
C03973,Customer 3973,customer3973@example.com,Jaipur,Rajasthan,2024-08-03,Consumer
C03974,Customer 3974,customer3974@example.com,Hyderabad,Telangana,2026-01-12,Consumer
C03975,Customer 3975,,Panipat,Haryana,2024-08-28,Small Business
C03976,Customer 3976,customer3976@example.com,Kolkata,West Bengal,2025-10-27,Corporate
C03977,Customer 3977,customer3977@example.com,Delhi,Delhi,2024-01-22,Corporate
C03978,Customer 3978,customer3978@example.com,Panipat,Haryana,2024-10-03,Corporate
C03979,Customer 3979,customer3979@example.com,Ahmedabad,Gujarat,2025-01-28,Corporate
C03980,Customer 3980,customer3980@example.com,Delhi,Delhi,2024-03-02,Corporate
C03981,Customer 3981,customer3981@example.com,Ahmedabad,Gujarat,2025-01-28,Corporate
C03982,Customer 3982,customer3982@example.com,Panipat,Haryana,2026-06-02,Corporate
C03983,Customer 3983,customer3983@example.com,Chennai,Tamil Nadu,2025-03-30,Consumer
C03984,Customer 3984,customer3984@example.com,Pune,Maharashtra,2024-07-29,Corporate
C03985,Customer 3985,customer3985@example.com,Mumbai,Maharashtra,2025-11-06,Corporate
C03986,Customer 3986,customer3986@example.com,Jaipur,Rajasthan,2024-02-23,Small Business
C03987,Customer 3987,customer3987@example.com,Bengaluru,Karnataka,2024-02-02,Small Business
C03988,Customer 3988,customer3988@example.com,Hyderabad,Telangana,2024-01-27,Small Business
C03989,Customer 3989,customer3989@example.com,Hyderabad,Telangana,2026-04-28,Corporate
C03990,Customer 3990,customer3990@example.com,Ahmedabad,Gujarat,2024-08-09,Consumer
C03991,Customer 3991,customer3991@example.com,Hyderabad,Telangana,2026-01-13,Small Business
C03992,Customer 3992,customer3992@example.com,Chennai,Tamil Nadu,2026-06-05,Corporate
C03993,Customer 3993,customer3993@example.com,Panipat,Haryana,2026-04-06,Consumer
C03994,Customer 3994,customer3994@example.com,Jaipur,Rajasthan,2025-02-01,Small Business
C03995,Customer 3995,customer3995@example.com,Bengaluru,Karnataka,2026-05-29,Small Business
C03996,Customer 3996,customer3996@example.com,Kolkata,West Bengal,2025-03-10,Small Business
C03997,Customer 3997,customer3997@example.com,Ahmedabad,Gujarat,2026-02-26,Small Business
C03998,Customer 3998,customer3998@example.com,Bengaluru,Karnataka,2024-06-15,Corporate
C03999,Customer 3999,customer3999@example.com,Kolkata,West Bengal,2026-02-02,Consumer
C04000,Customer 4000,customer4000@example.com,Mumbai,Maharashtra,2024-01-16,Corporate
C04001,Customer 4001,customer4001@example.com,Bengaluru,Karnataka,2024-03-28,Consumer
C04002,Customer 4002,customer4002@example.com,Jaipur,Rajasthan,2024-10-29,Corporate
C04003,Customer 4003,customer4003@example.com,Ahmedabad,Gujarat,2025-02-08,Consumer
C04004,Customer 4004,,Ahmedabad,Gujarat,2024-10-07,Corporate
C04005,Customer 4005,customer4005@example.com,Bengaluru,Karnataka,2025-11-06,Corporate
C04006,Customer 4006,customer4006@example.com,Ahmedabad,Gujarat,2024-01-13,Consumer
C04007,Customer 4007,customer4007@example.com,Bengaluru,Karnataka,2025-08-05,Small Business
C04008,Customer 4008,customer4008@example.com,Hyderabad,Telangana,2026-05-06,Corporate
C04009,Customer 4009,customer4009@example.com,Mumbai,Maharashtra,2025-03-30,Corporate
C04010,Customer 4010,customer4010@example.com,Panipat,Haryana,2025-03-26,Consumer
C04011,Customer 4011,customer4011@example.com,Kolkata,West Bengal,2024-02-07,Corporate
C04012,Customer 4012,customer4012@example.com,Kolkata,West Bengal,2025-10-15,Small Business
C04013,Customer 4013,customer4013@example.com,Pune,Maharashtra,2025-02-22,Consumer
C04014,Customer 4014,customer4014@example.com,Ahmedabad,Gujarat,2024-03-22,Corporate
C04015,Customer 4015,customer4015@example.com,Ahmedabad,Gujarat,2025-07-18,Corporate
C04016,Customer 4016,customer4016@example.com,Delhi,Delhi,2025-03-27,Consumer
C04017,Customer 4017,customer4017@example.com,Bengaluru,Karnataka,2026-02-23,Corporate
C04018,Customer 4018,customer4018@example.com,Bengaluru,Karnataka,2026-06-08,Corporate
C04019,Customer 4019,customer4019@example.com,Mumbai,Maharashtra,2024-08-20,Small Business
C04020,Customer 4020,customer4020@example.com,Mumbai,Maharashtra,2024-05-30,Small Business
C04021,Customer 4021,customer4021@example.com,Panipat,Haryana,2024-08-26,Consumer
C04022,Customer 4022,customer4022@example.com,Panipat,Haryana,2024-07-07,Small Business
C04023,Customer 4023,customer4023@example.com,Jaipur,Rajasthan,2026-05-31,Corporate
C04024,Customer 4024,customer4024@example.com,Ahmedabad,Gujarat,2024-11-20,Consumer
C04025,Customer 4025,customer4025@example.com,Jaipur,Rajasthan,2026-01-04,Consumer
C04026,Customer 4026,customer4026@example.com,Panipat,Haryana,2026-01-01,Corporate
C04027,Customer 4027,customer4027@example.com,Bengaluru,Karnataka,2024-01-17,Small Business
C04028,Customer 4028,customer4028@example.com,Hyderabad,Telangana,2025-07-07,Small Business
C04029,Customer 4029,,Panipat,Haryana,2025-09-06,Consumer
C04030,Customer 4030,customer4030@example.com,Hyderabad,Telangana,2024-04-21,Consumer
C04031,Customer 4031,,Jaipur,Rajasthan,2025-03-30,Consumer
C04032,Customer 4032,customer4032@example.com,Jaipur,Rajasthan,2024-03-20,Consumer
C04033,Customer 4033,customer4033@example.com,Pune,Maharashtra,2024-11-29,Small Business
C04034,Customer 4034,customer4034@example.com,Hyderabad,Telangana,2026-04-29,Small Business
C04035,Customer 4035,customer4035@example.com,Chennai,Tamil Nadu,2024-03-14,Small Business
C04036,Customer 4036,customer4036@example.com,Chennai,Tamil Nadu,2026-06-15,
C04037,Customer 4037,customer4037@example.com,Mumbai,Maharashtra,2024-01-26,Corporate
C04038,Customer 4038,customer4038@example.com,Ahmedabad,Gujarat,2026-03-18,Corporate
C04039,Customer 4039,customer4039@example.com,Hyderabad,Telangana,2025-02-21,Small Business
C04040,Customer 4040,customer4040@example.com,Hyderabad,Telangana,2025-04-26,Corporate
C04041,Customer 4041,customer4041@example.com,Ahmedabad,Gujarat,2024-02-01,Consumer
C04042,Customer 4042,customer4042@example.com,Hyderabad,Telangana,2024-02-15,Corporate
C04043,Customer 4043,customer4043@example.com,Mumbai,Maharashtra,2025-08-28,Consumer
C04044,Customer 4044,customer4044@example.com,Delhi,Delhi,2025-09-15,Consumer
C04045,Customer 4045,customer4045@example.com,Hyderabad,Telangana,2025-06-07,Small Business
C04046,Customer 4046,customer4046@example.com,Jaipur,Rajasthan,2026-03-13,Small Business
C04047,Customer 4047,customer4047@example.com,Hyderabad,Telangana,2024-08-08,Corporate
C04048,Customer 4048,customer4048@example.com,Ahmedabad,Gujarat,2024-02-03,Small Business
C04049,Customer 4049,customer4049@example.com,Mumbai,Maharashtra,2025-01-25,Small Business
C04050,Customer 4050,customer4050@example.com,Delhi,Delhi,2024-03-20,Consumer
C04051,Customer 4051,invalid-email-4050,Ahmedabad,Gujarat,2025-05-30,Small Business
C04052,Customer 4052,customer4052@example.com,Jaipur,Rajasthan,2026-01-21,Corporate
C04053,Customer 4053,customer4053@example.com,Jaipur,Rajasthan,2026-01-20,Consumer
C04054,Customer 4054,,Jaipur,Rajasthan,2026-03-28,Consumer
C04055,Customer 4055,customer4055@example.com,Ahmedabad,Gujarat,2025-04-28,Small Business
C04056,Customer 4056,customer4056@example.com,Jaipur,Rajasthan,2025-06-16,Corporate
C04057,Customer 4057,customer4057@example.com,Hyderabad,Telangana,2024-10-02,Consumer
C04058,Customer 4058,customer4058@example.com,Ahmedabad,Gujarat,2024-10-27,Consumer
C04059,Customer 4059,customer4059@example.com,Hyderabad,Telangana,2024-09-05,Corporate
C04060,Customer 4060,customer4060@example.com,Pune,Maharashtra,2025-04-11,Corporate
C04061,Customer 4061,customer4061@example.com,Delhi,Delhi,2025-12-10,Consumer
C04062,Customer 4062,customer4062@example.com,Kolkata,West Bengal,2026-01-20,Corporate
C04063,Customer 4063,customer4063@example.com,Hyderabad,Telangana,2024-03-22,Corporate
C04064,Customer 4064,customer4064@example.com,Jaipur,Rajasthan,2025-06-01,Consumer
C04065,Customer 4065,customer4065@example.com,Hyderabad,Telangana,2025-10-31,Corporate
C04066,Customer 4066,customer4066@example.com,Ahmedabad,Gujarat,2024-08-23,Corporate
C04067,Customer 4067,customer4067@example.com,Chennai,Tamil Nadu,2024-08-23,Small Business
C04068,Customer 4068,customer4068@example.com,Mumbai,Maharashtra,2025-07-04,Consumer
C04069,Customer 4069,customer4069@example.com,Chennai,Tamil Nadu,2025-11-21,Small Business
C04070,Customer 4070,customer4070@example.com,Mumbai,Maharashtra,2025-09-12,Corporate
C04071,Customer 4071,customer4071@example.com,Bengaluru,Karnataka,2024-12-15,Corporate
C04072,Customer 4072,customer4072@example.com,Delhi,Delhi,2024-03-24,Corporate
C04073,Customer 4073,customer4073@example.com,Chennai,Tamil Nadu,2025-06-01,Consumer
C04074,Customer 4074,customer4074@example.com,Ahmedabad,Gujarat,2025-05-21,Small Business
C04075,Customer 4075,customer4075@example.com,Pune,Maharashtra,2024-07-03,Corporate
C04076,Customer 4076,customer4076@example.com,Panipat,Haryana,2024-06-19,Consumer
C04077,Customer 4077,customer4077@example.com,Chennai,Tamil Nadu,2024-09-26,Small Business
C04078,Customer 4078,customer4078@example.com,Kolkata,West Bengal,2026-01-30,Consumer
C04079,Customer 4079,customer4079@example.com,Mumbai,Maharashtra,2026-06-09,Consumer
C04080,Customer 4080,customer4080@example.com,Chennai,Tamil Nadu,2024-01-25,Small Business
C04081,Customer 4081,customer4081@example.com,Mumbai,Maharashtra,2024-03-15,Consumer
C04082,Customer 4082,customer4082@example.com,Jaipur,Rajasthan,2026-06-06,Small Business
C04083,Customer 4083,invalid-email-4082,Chennai,Tamil Nadu,2025-03-08,Corporate
C04084,Customer 4084,customer4084@example.com,Mumbai,Maharashtra,2025-02-15,Small Business
C04085,Customer 4085,customer4085@example.com,Jaipur,Rajasthan,2024-09-04,Small Business
C04086,Customer 4086,customer4086@example.com,Bengaluru,Karnataka,2024-05-01,Corporate
C04087,Customer 4087,customer4087@example.com,Hyderabad,Telangana,2025-08-28,Small Business
C04088,Customer 4088,customer4088@example.com,Ahmedabad,Gujarat,2024-04-20,Small Business
C04089,Customer 4089,customer4089@example.com,Panipat,Haryana,2024-03-16,Small Business
C04090,Customer 4090,customer4090@example.com,Hyderabad,Telangana,2025-04-04,Corporate
C04091,Customer 4091,customer4091@example.com,Kolkata,West Bengal,2026-01-28,Corporate
C04092,Customer 4092,customer4092@example.com,Bengaluru,Karnataka,2026-02-14,Corporate
C04093,Customer 4093,customer4093@example.com,Mumbai,Maharashtra,2026-01-21,Consumer
C04094,Customer 4094,customer4094@example.com,Ahmedabad,Gujarat,2026-04-19,Small Business
C04095,Customer 4095,customer4095@example.com,Delhi,Delhi,2024-06-04,Consumer
C04096,Customer 4096,customer4096@example.com,Ahmedabad,Gujarat,2025-08-30,Corporate
C04097,Customer 4097,customer4097@example.com,Kolkata,West Bengal,2025-01-23,Corporate
C04098,Customer 4098,customer4098@example.com,Kolkata,West Bengal,2024-06-29,Small Business
C04099,Customer 4099,customer4099@example.com,Ahmedabad,Gujarat,2024-10-13,Consumer
C04100,Customer 4100,customer4100@example.com,Pune,Maharashtra,2024-10-31,Corporate
C04101,Customer 4101,customer4101@example.com,Hyderabad,Telangana,2024-02-19,Small Business
C04102,Customer 4102,customer4102@example.com,Jaipur,Rajasthan,2025-06-21,Small Business
C04103,Customer 4103,customer4103@example.com,Jaipur,Rajasthan,2026-05-14,Corporate
C04104,Customer 4104,customer4104@example.com,Bengaluru,Karnataka,2024-11-26,Corporate
C04105,Customer 4105,customer4105@example.com,Hyderabad,Telangana,2026-02-14,Consumer
C04106,Customer 4106,customer4106@example.com,Mumbai,Maharashtra,2024-02-12,Small Business
C04107,Customer 4107,customer4107@example.com,Pune,Maharashtra,2025-03-16,Small Business
C04108,Customer 4108,customer4108@example.com,Bengaluru,Karnataka,2025-08-11,Small Business
C04109,Customer 4109,customer4109@example.com,Hyderabad,Telangana,2024-04-11,Corporate
C04110,Customer 4110,customer4110@example.com,Bengaluru,Karnataka,2024-06-18,Consumer
C04111,Customer 4111,customer4111@example.com,Bengaluru,Karnataka,2024-10-07,Corporate
C04112,Customer 4112,customer4112@example.com,Kolkata,West Bengal,2024-08-17,Consumer
C04113,Customer 4113,customer4113@example.com,Bengaluru,Karnataka,2024-09-22,Small Business
C04114,Customer 4114,customer4114@example.com,Delhi,Delhi,2024-08-25,Small Business
C04115,Customer 4115,customer4115@example.com,Bengaluru,Karnataka,2024-05-24,Consumer
C04116,Customer 4116,customer4116@example.com,Pune,Maharashtra,2025-07-19,Small Business
C04117,Customer 4117,customer4117@example.com,Mumbai,Maharashtra,2024-01-29,Small Business
C04118,Customer 4118,customer4118@example.com,Panipat,Haryana,2025-07-06,Small Business
C04119,Customer 4119,customer4119@example.com,Pune,Maharashtra,2024-01-07,Corporate
C04120,Customer 4120,customer4120@example.com,Panipat,Haryana,2025-01-13,Consumer
C04121,Customer 4121,customer4121@example.com,Bengaluru,Karnataka,2025-08-07,Corporate
C04122,Customer 4122,customer4122@example.com,Kolkata,West Bengal,2025-06-17,Consumer
C04123,Customer 4123,customer4123@example.com,Kolkata,West Bengal,2024-10-29,Consumer
C04124,Customer 4124,customer4124@example.com,Delhi,Delhi,2025-03-31,Corporate
C04125,Customer 4125,customer4125@example.com,Kolkata,West Bengal,2024-09-26,Consumer
C04126,Customer 4126,customer4126@example.com,Mumbai,Maharashtra,2024-10-12,Small Business
C04127,Customer 4127,customer4127@example.com,Delhi,Delhi,2024-12-28,Consumer
C04128,Customer 4128,customer4128@example.com,Pune,Maharashtra,2026-01-14,Consumer
C04129,Customer 4129,customer4129@example.com,Hyderabad,Telangana,2024-06-09,Small Business
C04130,Customer 4130,customer4130@example.com,Hyderabad,Telangana,2024-10-09,Corporate
C04131,Customer 4131,customer4131@example.com,Jaipur,Rajasthan,2025-11-19,Consumer
C04132,Customer 4132,customer4132@example.com,Hyderabad,Telangana,2024-02-09,Corporate
C04133,Customer 4133,customer4133@example.com,Delhi,Delhi,2025-12-23,Small Business
C04134,Customer 4134,customer4134@example.com,Hyderabad,Telangana,2024-07-13,Small Business
C04135,Customer 4135,customer4135@example.com,Panipat,Haryana,2025-10-11,Small Business
C04136,Customer 4136,customer4136@example.com,Panipat,Haryana,2024-09-08,
C04137,Customer 4137,customer4137@example.com,Ahmedabad,Gujarat,2025-01-20,Consumer
C04138,Customer 4138,customer4138@example.com,Pune,Maharashtra,2024-09-28,Corporate
C04139,Customer 4139,customer4139@example.com,Mumbai,Maharashtra,2025-05-11,Consumer
C04140,Customer 4140,customer4140@example.com,Kolkata,West Bengal,2024-10-16,Consumer
C04141,Customer 4141,customer4141@example.com,Pune,Maharashtra,2025-10-12,Consumer
C04142,Customer 4142,customer4142@example.com,Jaipur,Rajasthan,2026-05-27,Small Business
C04143,Customer 4143,customer4143@example.com,Pune,Maharashtra,2024-01-04,Corporate
C04144,Customer 4144,customer4144@example.com,Delhi,Delhi,2025-05-17,Small Business
C04145,Customer 4145,customer4145@example.com,Ahmedabad,Gujarat,2024-08-01,Small Business
C04146,Customer 4146,customer4146@example.com,Mumbai,Maharashtra,2024-02-09,Corporate
C04147,Customer 4147,customer4147@example.com,Bengaluru,Karnataka,2025-09-20,Corporate
C04148,Customer 4148,customer4148@example.com,Ahmedabad,Gujarat,2024-08-28,Small Business
C04149,Customer 4149,customer4149@example.com,Hyderabad,Telangana,2025-05-10,Small Business
C04150,Customer 4150,customer4150@example.com,MUMBAI,Maharashtra,2026-06-17,Corporate
C04151,Customer 4151,customer4151@example.com,Pune,Maharashtra,2026-06-15,Corporate
C04152,Customer 4152,customer4152@example.com,Kolkata,West Bengal,2025-05-16,Small Business
C04153,Customer 4153,customer4153@example.com,Chennai,Tamil Nadu,2025-09-04,Corporate
C04154,Customer 4154,customer4154@example.com,Jaipur,Rajasthan,2025-05-07,Corporate
C04155,Customer 4155,customer4155@example.com,Delhi,Delhi,2024-08-12,Consumer
C04156,Customer 4156,customer4156@example.com,Bengaluru,Karnataka,2025-03-05,Corporate
C04157,Customer 4157,customer4157@example.com,Hyderabad,Telangana,2024-09-10,Small Business
C04158,Customer 4158,customer4158@example.com,Chennai,Tamil Nadu,2024-04-28,Consumer
C04159,Customer 4159,customer4159@example.com,Kolkata,West Bengal,2024-11-22,Small Business
C04160,Customer 4160,customer4160@example.com,Delhi,Delhi,2024-12-21,Small Business
C04161,Customer 4161,customer4161@example.com,Chennai,Tamil Nadu,2025-12-22,Consumer
C04162,Customer 4162,customer4162@example.com,Kolkata,West Bengal,2026-05-10,Corporate
C04163,Customer 4163,customer4163@example.com,Ahmedabad,Gujarat,2025-02-25,Small Business
C04164,Customer 4164,customer4164@example.com,Pune,Maharashtra,2024-01-30,
C04165,Customer 4165,customer4165@example.com,Bengaluru,Karnataka,2025-06-03,Consumer
C04166,Customer 4166,customer4166@example.com,Chennai,Tamil Nadu,2024-03-03,Small Business
C04167,Customer 4167,customer4167@example.com,Hyderabad,Telangana,2024-09-24,Small Business
C04168,Customer 4168,,Hyderabad,Telangana,2025-02-25,Corporate
C04169,Customer 4169,customer4169@example.com,Kolkata,West Bengal,2025-03-11,Corporate
C04170,Customer 4170,customer4170@example.com,Bengaluru,Karnataka,2024-02-25,Corporate
C04171,Customer 4171,customer4171@example.com,Kolkata,West Bengal,2026-01-15,Consumer
C04172,Customer 4172,customer4172@example.com,Hyderabad,Telangana,2025-10-13,Consumer
C04173,Customer 4173,customer4173@example.com,Bengaluru,Karnataka,2025-04-03,Corporate
C04174,Customer 4174,customer4174@example.com,Pune,Maharashtra,2025-08-09,Consumer
C04175,Customer 4175,customer4175@example.com,Jaipur,Rajasthan,2024-07-30,Small Business
C04176,Customer 4176,customer4176@example.com,Delhi,Delhi,2025-09-20,Small Business
C04177,Customer 4177,customer4177@example.com,Hyderabad,Telangana,2024-05-12,Small Business
C04178,Customer 4178,customer4178@example.com,Jaipur,Rajasthan,2024-01-21,Small Business
C04179,Customer 4179,customer4179@example.com,Panipat,Haryana,2026-04-01,Corporate
C04180,Customer 4180,,Delhi,Delhi,2026-03-10,Small Business
C04181,Customer 4181,customer4181@example.com,Hyderabad,Telangana,2024-12-27,Small Business
C04182,Customer 4182,customer4182@example.com,Delhi,Delhi,2025-11-01,Consumer
C04183,Customer 4183,customer4183@example.com,Jaipur,Rajasthan,2024-08-03,Corporate
C04184,Customer 4184,customer4184@example.com,Jaipur,Rajasthan,2024-07-22,Consumer
C04185,Customer 4185,customer4185@example.com,Jaipur,Rajasthan,2025-02-09,Small Business
C04186,Customer 4186,customer4186@example.com,Pune,Maharashtra,2024-10-24,Consumer
C04187,Customer 4187,customer4187@example.com,Hyderabad,Telangana,2024-12-05,Corporate
C04188,Customer 4188,customer4188@example.com,Pune,Maharashtra,2025-07-20,Small Business
C04189,Customer 4189,customer4189@example.com,Pune,Maharashtra,2024-01-14,Consumer
C04190,Customer 4190,customer4190@example.com,PANIPAT,Haryana,2026-02-12,Small Business
C04191,Customer 4191,customer4191@example.com,Delhi,Delhi,2025-05-28,Corporate
C04192,Customer 4192,customer4192@example.com,Kolkata,West Bengal,2024-02-13,Consumer
C04193,Customer 4193,customer4193@example.com,Bengaluru,Karnataka,2024-11-04,Consumer
C04194,Customer 4194,customer4194@example.com,Pune,Maharashtra,2025-10-08,Small Business
C04195,Customer 4195,customer4195@example.com,Pune,Maharashtra,2024-02-04,Corporate
C04196,Customer 4196,customer4196@example.com,Delhi,Delhi,2026-04-12,Corporate
C04197,Customer 4197,customer4197@example.com,Chennai,Tamil Nadu,2024-05-14,Small Business
C04198,Customer 4198,customer4198@example.com,Bengaluru,Karnataka,2026-06-01,Consumer
C04199,Customer 4199,customer4199@example.com,Delhi,Delhi,2024-03-16,Small Business
C04200,Customer 4200,customer4200@example.com,Chennai,Tamil Nadu,2024-01-21,Consumer
C04201,Customer 4201,customer4201@example.com,Jaipur,Rajasthan,2025-09-11,Consumer
C04202,Customer 4202,customer4202@example.com,Delhi,Delhi,2026-01-23,Small Business
C04203,Customer 4203,customer4203@example.com,Chennai,Tamil Nadu,2024-07-17,Small Business
C04204,Customer 4204,customer4204@example.com,Bengaluru,Karnataka,2026-03-14,Corporate
C04205,Customer 4205,customer4205@example.com,Chennai,Tamil Nadu,2025-06-08,Small Business
C04206,Customer 4206,customer4206@example.com,Panipat,Haryana,2024-11-05,Corporate
C04207,Customer 4207,customer4207@example.com,Kolkata,West Bengal,2024-07-26,Consumer
C04208,Customer 4208,customer4208@example.com,Bengaluru,Karnataka,2025-11-02,Small Business
C04209,Customer 4209,customer4209@example.com,Kolkata,West Bengal,2025-01-20,Corporate
C04210,Customer 4210,customer4210@example.com,Chennai,Tamil Nadu,2024-04-05,Consumer
C04211,Customer 4211,customer4211@example.com,Chennai,Tamil Nadu,2025-07-28,Corporate
C04212,Customer 4212,customer4212@example.com,Kolkata,West Bengal,2024-10-18,Small Business
C04213,Customer 4213,customer4213@example.com,Jaipur,Rajasthan,2025-06-02,Consumer
C04214,Customer 4214,customer4214@example.com,Chennai,Tamil Nadu,2024-01-18,Corporate
C04215,Customer 4215,customer4215@example.com,Chennai,Tamil Nadu,2025-01-16,Small Business
C04216,Customer 4216,customer4216@example.com,Delhi,Delhi,2025-04-08,Consumer
C04217,Customer 4217,customer4217@example.com,Ahmedabad,Gujarat,2024-01-26,Corporate
C04218,Customer 4218,customer4218@example.com,Pune,Maharashtra,2025-04-02,Corporate
C04219,Customer 4219,customer4219@example.com,Kolkata,West Bengal,2025-07-30,Consumer
C04220,Customer 4220,customer4220@example.com,Bengaluru,Karnataka,2024-12-06,Consumer
C04221,Customer 4221,customer4221@example.com,Delhi,Delhi,2024-04-07,Small Business
C04222,Customer 4222,customer4222@example.com,Mumbai,Maharashtra,2024-07-31,Corporate
C04223,Customer 4223,customer4223@example.com,Ahmedabad,Gujarat,2024-09-12,Consumer
C04224,Customer 4224,customer4224@example.com,Mumbai,Maharashtra,2025-02-16,Small Business
C04225,Customer 4225,customer4225@example.com,Kolkata,West Bengal,2025-06-19,Small Business
C04226,Customer 4226,customer4226@example.com,Ahmedabad,Gujarat,2026-02-17,Consumer
C04227,Customer 4227,customer4227@example.com,Panipat,Haryana,2026-02-24,Corporate
C04228,Customer 4228,customer4228@example.com,Bengaluru,Karnataka,2025-02-25,Corporate
C04229,Customer 4229,customer4229@example.com,Hyderabad,Telangana,2026-05-04,Consumer
C04230,Customer 4230,customer4230@example.com,Panipat,Haryana,2024-11-25,Small Business
C04231,Customer 4231,customer4231@example.com,Ahmedabad,Gujarat,2025-09-05,Corporate
C04232,Customer 4232,customer4232@example.com,Panipat,Haryana,2024-10-01,Small Business
C04233,Customer 4233,customer4233@example.com,Pune,Maharashtra,2026-02-12,Small Business
C04234,Customer 4234,customer4234@example.com,Kolkata,West Bengal,2025-07-12,Corporate
C04235,Customer 4235,customer4235@example.com,Hyderabad,Telangana,2025-10-29,Consumer
C04236,Customer 4236,customer4236@example.com,Hyderabad,Telangana,2025-04-17,Small Business
C04237,Customer 4237,customer4237@example.com,Kolkata,West Bengal,2025-06-10,Small Business
C04238,Customer 4238,customer4238@example.com,Delhi,Delhi,2024-04-17,Corporate
C04239,Customer 4239,customer4239@example.com,Delhi,Delhi,2025-01-19,Consumer
C04240,Customer 4240,customer4240@example.com,Panipat,Haryana,2024-06-14,Small Business
C04241,Customer 4241,customer4241@example.com,Delhi,Delhi,2024-06-19,Consumer
C04242,Customer 4242,customer4242@example.com,Kolkata,West Bengal,2026-06-09,Consumer
C04243,Customer 4243,customer4243@example.com,Panipat,Haryana,2025-03-10,Corporate
C04244,Customer 4244,customer4244@example.com,Mumbai,Maharashtra,2025-10-03,Small Business
C04245,Customer 4245,customer4245@example.com,Kolkata,West Bengal,2024-05-23,Small Business
C04246,Customer 4246,customer4246@example.com,Jaipur,Rajasthan,2025-03-04,Corporate
C04247,Customer 4247,customer4247@example.com,Panipat,Haryana,2024-10-30,Consumer
C04248,Customer 4248,customer4248@example.com,Chennai,Tamil Nadu,2024-10-28,Small Business
C04249,Customer 4249,customer4249@example.com,Bengaluru,Karnataka,2025-06-19,Corporate
C04250,Customer 4250,customer4250@example.com,Ahmedabad,Gujarat,2025-01-15,Small Business
C04251,Customer 4251,customer4251@example.com,Mumbai,Maharashtra,2024-05-24,
C04252,Customer 4252,customer4252@example.com,Jaipur,Rajasthan,2025-12-02,Consumer
C04253,Customer 4253,customer4253@example.com,Ahmedabad,Gujarat,2026-01-01,Corporate
C04254,Customer 4254,customer4254@example.com,Jaipur,Rajasthan,2025-09-11,Corporate
C04255,Customer 4255,customer4255@example.com,Kolkata,West Bengal,2025-04-18,Consumer
C04256,Customer 4256,customer4256@example.com,Hyderabad,Telangana,2026-02-03,Small Business
C04257,Customer 4257,customer4257@example.com,Mumbai,Maharashtra,2024-06-17,Small Business
C04258,Customer 4258,customer4258@example.com,Kolkata,West Bengal,2024-01-11,Corporate
C04259,Customer 4259,customer4259@example.com,Chennai,Tamil Nadu,2024-07-02,Consumer
C04260,Customer 4260,customer4260@example.com,KOLKATA,West Bengal,2024-03-09,Consumer
C04261,Customer 4261,customer4261@example.com,Bengaluru,Karnataka,2025-12-19,Consumer
C04262,Customer 4262,customer4262@example.com,Pune,Maharashtra,2025-12-11,Consumer
C04263,Customer 4263,customer4263@example.com,Jaipur,Rajasthan,2025-04-14,Corporate
C04264,Customer 4264,customer4264@example.com,Delhi,Delhi,2024-03-03,Small Business
C04265,Customer 4265,customer4265@example.com,Kolkata,West Bengal,2025-08-31,Consumer
C04266,Customer 4266,customer4266@example.com,Delhi,Delhi,2024-12-24,Small Business
C04267,Customer 4267,customer4267@example.com,Jaipur,Rajasthan,2024-08-19,Corporate
C04268,Customer 4268,customer4268@example.com,Panipat,Haryana,2024-07-16,Corporate
C04269,Customer 4269,customer4269@example.com,Bengaluru,Karnataka,2026-04-20,Corporate
C04270,Customer 4270,customer4270@example.com,Ahmedabad,Gujarat,2026-01-16,Corporate
C04271,Customer 4271,customer4271@example.com,Hyderabad,Telangana,2025-10-01,Corporate
C04272,Customer 4272,,Bengaluru,Karnataka,2025-07-28,Small Business
C04273,Customer 4273,customer4273@example.com,Pune,Maharashtra,2024-03-20,Small Business
C04274,Customer 4274,customer4274@example.com,Mumbai,Maharashtra,2024-04-15,Small Business
C04275,Customer 4275,customer4275@example.com,Pune,Maharashtra,2024-10-13,Consumer
C04276,Customer 4276,customer4276@example.com,Bengaluru,Karnataka,2025-07-31,Consumer
C04277,Customer 4277,customer4277@example.com,Mumbai,Maharashtra,2026-03-27,Small Business
C04278,Customer 4278,customer4278@example.com,AHMEDABAD,Gujarat,2025-10-22,Corporate
C04279,Customer 4279,customer4279@example.com,Hyderabad,Telangana,2025-08-12,Small Business
C04280,Customer 4280,customer4280@example.com,Ahmedabad,Gujarat,2024-10-10,Small Business
C04281,Customer 4281,customer4281@example.com,Ahmedabad,Gujarat,2025-11-15,Corporate
C04282,Customer 4282,customer4282@example.com,Pune,Maharashtra,2024-06-21,Consumer
C04283,Customer 4283,customer4283@example.com,PUNE,Maharashtra,2024-08-09,Consumer
C04284,Customer 4284,customer4284@example.com,Ahmedabad,Gujarat,2024-05-30,Consumer
C04285,Customer 4285,customer4285@example.com,Mumbai,Maharashtra,2025-05-01,Consumer
C04286,Customer 4286,customer4286@example.com,Hyderabad,Telangana,2024-03-20,Consumer
C04287,Customer 4287,customer4287@example.com,Mumbai,Maharashtra,2025-06-07,Corporate
C04288,Customer 4288,customer4288@example.com,Chennai,Tamil Nadu,2025-11-11,Corporate
C04289,Customer 4289,customer4289@example.com,Hyderabad,Telangana,2024-11-05,Small Business
C04290,Customer 4290,customer4290@example.com,Delhi,Delhi,2024-09-03,Small Business
C04291,Customer 4291,customer4291@example.com,Chennai,Tamil Nadu,2025-01-21,Corporate
C04292,Customer 4292,customer4292@example.com,Kolkata,West Bengal,2024-12-29,Corporate
C04293,Customer 4293,customer4293@example.com,Jaipur,Rajasthan,2024-11-20,Small Business
C04294,Customer 4294,customer4294@example.com,Delhi,Delhi,2025-09-11,Consumer
C04295,Customer 4295,customer4295@example.com,Mumbai,Maharashtra,2025-10-10,Corporate
C04296,Customer 4296,customer4296@example.com,Mumbai,Maharashtra,2026-05-10,Corporate
C04297,Customer 4297,customer4297@example.com,Jaipur,Rajasthan,2025-03-28,Corporate
C04298,Customer 4298,customer4298@example.com,Bengaluru,Karnataka,2025-12-02,Consumer
C04299,Customer 4299,customer4299@example.com,Jaipur,Rajasthan,2025-03-21,Small Business
C04300,Customer 4300,customer4300@example.com,Hyderabad,Telangana,2024-07-01,Consumer
C04301,Customer 4301,customer4301@example.com,Hyderabad,Telangana,2026-05-25,Corporate
C04302,Customer 4302,customer4302@example.com,Hyderabad,Telangana,2026-01-15,Corporate
C04303,Customer 4303,customer4303@example.com,Pune,Maharashtra,2025-09-23,Small Business
C04304,Customer 4304,customer4304@example.com,Pune,Maharashtra,2025-01-26,Corporate
C04305,Customer 4305,customer4305@example.com,Mumbai,Maharashtra,2026-02-04,Consumer
C04306,Customer 4306,customer4306@example.com,Pune,Maharashtra,2025-03-28,Corporate
C04307,Customer 4307,customer4307@example.com,Jaipur,Rajasthan,2024-07-18,Consumer
C04308,Customer 4308,customer4308@example.com,Ahmedabad,Gujarat,2024-11-13,Corporate
C04309,Customer 4309,customer4309@example.com,Delhi,Delhi,2025-01-12,Corporate
C04310,Customer 4310,customer4310@example.com,Jaipur,Rajasthan,2024-01-14,Small Business
C04311,Customer 4311,customer4311@example.com,Bengaluru,Karnataka,2024-02-04,Small Business
C04312,Customer 4312,customer4312@example.com,Bengaluru,Karnataka,2025-10-19,Corporate
C04313,Customer 4313,customer4313@example.com,Chennai,Tamil Nadu,2024-02-14,Small Business
C04314,Customer 4314,customer4314@example.com,Bengaluru,Karnataka,2024-10-07,Small Business
C04315,Customer 4315,customer4315@example.com,Panipat,Haryana,2025-08-08,Consumer
C04316,Customer 4316,customer4316@example.com,Kolkata,West Bengal,2025-09-14,Small Business
C04317,Customer 4317,customer4317@example.com,Kolkata,West Bengal,2025-05-17,Consumer
C04318,Customer 4318,customer4318@example.com,Kolkata,West Bengal,2026-02-06,Small Business
C04319,Customer 4319,customer4319@example.com,Jaipur,Rajasthan,2026-04-06,Consumer
C04320,Customer 4320,customer4320@example.com,Panipat,Haryana,2025-01-13,Consumer
C04321,Customer 4321,customer4321@example.com,AHMEDABAD,Gujarat,2025-12-31,Consumer
C04322,Customer 4322,customer4322@example.com,Mumbai,Maharashtra,2026-06-10,Consumer
C04323,Customer 4323,customer4323@example.com,Delhi,Delhi,2025-03-05,Consumer
C04324,Customer 4324,customer4324@example.com,Panipat,Haryana,2025-03-30,Small Business
C04325,Customer 4325,customer4325@example.com,Panipat,Haryana,2024-11-17,Consumer
C04326,Customer 4326,customer4326@example.com,Jaipur,Rajasthan,2024-10-11,Consumer
C04327,Customer 4327,customer4327@example.com,Ahmedabad,Gujarat,2026-01-25,Consumer
C04328,Customer 4328,customer4328@example.com,Hyderabad,Telangana,2026-05-07,Small Business
C04329,Customer 4329,customer4329@example.com,Hyderabad,Telangana,2025-12-27,Consumer
C04330,Customer 4330,customer4330@example.com,Ahmedabad,Gujarat,2026-01-09,Corporate
C04331,Customer 4331,customer4331@example.com,Jaipur,Rajasthan,2024-01-15,Small Business
C04332,Customer 4332,customer4332@example.com,Chennai,Tamil Nadu,2025-03-02,Small Business
C04333,Customer 4333,customer4333@example.com,Panipat,Haryana,2024-03-07,Consumer
C04334,Customer 4334,customer4334@example.com,Jaipur,Rajasthan,2024-05-31,Small Business
C04335,Customer 4335,customer4335@example.com,Bengaluru,Karnataka,2024-03-26,Consumer
C04336,Customer 4336,customer4336@example.com,Kolkata,West Bengal,2024-02-15,Corporate
C04337,Customer 4337,customer4337@example.com,Ahmedabad,Gujarat,2024-07-22,Small Business
C04338,Customer 4338,customer4338@example.com,Jaipur,Rajasthan,2025-02-23,Consumer
C04339,Customer 4339,customer4339@example.com,Panipat,Haryana,2024-11-14,Corporate
C04340,Customer 4340,customer4340@example.com,Jaipur,Rajasthan,2024-12-25,Consumer
C04341,Customer 4341,customer4341@example.com,Hyderabad,Telangana,2025-04-22,Small Business
C04342,Customer 4342,customer4342@example.com,Delhi,Delhi,2025-08-02,Corporate
C04343,Customer 4343,customer4343@example.com,Delhi,Delhi,2024-04-29,Consumer
C04344,Customer 4344,customer4344@example.com,Mumbai,Maharashtra,2026-01-17,Consumer
C04345,Customer 4345,customer4345@example.com,Mumbai,Maharashtra,2024-11-21,Small Business
C04346,Customer 4346,customer4346@example.com,Panipat,Haryana,2026-02-24,Consumer
C04347,Customer 4347,customer4347@example.com,Panipat,Haryana,2024-08-10,Small Business
C04348,Customer 4348,customer4348@example.com,Hyderabad,Telangana,2025-04-16,Consumer
C04349,Customer 4349,customer4349@example.com,Pune,Maharashtra,2024-11-11,Small Business
C04350,Customer 4350,customer4350@example.com,Pune,Maharashtra,2026-02-04,Small Business
C04351,Customer 4351,customer4351@example.com,Mumbai,Maharashtra,2024-11-13,Consumer
C04352,Customer 4352,customer4352@example.com,Chennai,Tamil Nadu,2025-12-23,Corporate
C04353,Customer 4353,customer4353@example.com,Mumbai,Maharashtra,2024-10-12,Consumer
C04354,Customer 4354,customer4354@example.com,Ahmedabad,Gujarat,2024-11-19,Corporate
C04355,Customer 4355,customer4355@example.com,Pune,Maharashtra,2026-05-05,Consumer
C04356,Customer 4356,customer4356@example.com,Bengaluru,Karnataka,2024-07-23,Consumer
C04357,Customer 4357,customer4357@example.com,Bengaluru,Karnataka,2024-09-22,Small Business
C04358,Customer 4358,customer4358@example.com,Kolkata,West Bengal,2024-09-27,Consumer
C04359,Customer 4359,customer4359@example.com,Kolkata,West Bengal,2024-12-29,Small Business
C04360,Customer 4360,customer4360@example.com,Hyderabad,Telangana,2024-12-23,Small Business
C04361,Customer 4361,customer4361@example.com,Jaipur,Rajasthan,2025-04-05,Small Business
C04362,Customer 4362,customer4362@example.com,Mumbai,Maharashtra,2024-02-07,Small Business
C04363,Customer 4363,customer4363@example.com,Chennai,Tamil Nadu,2024-06-08,Small Business
C04364,Customer 4364,customer4364@example.com,Ahmedabad,Gujarat,2024-08-03,Small Business
C04365,Customer 4365,customer4365@example.com,Chennai,Tamil Nadu,2024-12-21,Small Business
C04366,Customer 4366,customer4366@example.com,Bengaluru,Karnataka,2024-07-31,Corporate
C04367,Customer 4367,customer4367@example.com,Jaipur,Rajasthan,2025-07-18,Small Business
C04368,Customer 4368,customer4368@example.com,Bengaluru,Karnataka,2024-04-02,Small Business
C04369,Customer 4369,customer4369@example.com,Pune,Maharashtra,2024-09-21,Consumer
C04370,Customer 4370,customer4370@example.com,Kolkata,West Bengal,2024-09-24,Consumer
C04371,Customer 4371,customer4371@example.com,Delhi,Delhi,2025-06-13,Small Business
C04372,Customer 4372,customer4372@example.com,Mumbai,Maharashtra,2025-05-01,Consumer
C04373,Customer 4373,customer4373@example.com,Kolkata,West Bengal,2025-08-23,Corporate
C04374,Customer 4374,customer4374@example.com,Hyderabad,Telangana,2025-07-31,Corporate
C04375,Customer 4375,customer4375@example.com,Ahmedabad,Gujarat,2024-02-04,Corporate
C04376,Customer 4376,customer4376@example.com,Delhi,Delhi,2025-10-06,Corporate
C04377,Customer 4377,customer4377@example.com,Panipat,Haryana,2024-06-11,Corporate
C04378,Customer 4378,customer4378@example.com,Kolkata,West Bengal,2024-12-08,Corporate
C04379,Customer 4379,customer4379@example.com,Delhi,Delhi,2024-07-10,Corporate
C04380,Customer 4380,customer4380@example.com,Bengaluru,Karnataka,2024-06-15,Corporate
C04381,Customer 4381,customer4381@example.com,Jaipur,Rajasthan,2024-07-09,Consumer
C04382,Customer 4382,customer4382@example.com,Kolkata,West Bengal,2026-04-08,Small Business
C04383,Customer 4383,customer4383@example.com,Kolkata,West Bengal,2025-08-30,Small Business
C04384,Customer 4384,customer4384@example.com,Chennai,Tamil Nadu,2026-01-18,Corporate
C04385,Customer 4385,customer4385@example.com,Kolkata,West Bengal,2026-05-04,Consumer
C04386,Customer 4386,customer4386@example.com,Bengaluru,Karnataka,2026-01-10,Corporate
C04387,Customer 4387,customer4387@example.com,Ahmedabad,Gujarat,2024-12-11,Corporate
C04388,Customer 4388,customer4388@example.com,Chennai,Tamil Nadu,2024-11-03,Consumer
C04389,Customer 4389,customer4389@example.com,Pune,Maharashtra,2026-02-20,Small Business
C04390,Customer 4390,customer4390@example.com,Delhi,Delhi,2025-03-07,Corporate
C04391,Customer 4391,customer4391@example.com,Bengaluru,Karnataka,2025-08-14,Corporate
C04392,Customer 4392,customer4392@example.com,Ahmedabad,Gujarat,2024-01-30,Consumer
C04393,Customer 4393,customer4393@example.com,Jaipur,Rajasthan,2024-06-19,Corporate
C04394,Customer 4394,customer4394@example.com,Ahmedabad,Gujarat,2025-12-15,Small Business
C04395,Customer 4395,customer4395@example.com,Pune,Maharashtra,2025-08-04,Consumer
C04396,Customer 4396,customer4396@example.com,Mumbai,Maharashtra,2025-11-10,Corporate
C04397,Customer 4397,customer4397@example.com,Panipat,Haryana,2024-04-02,Corporate
C04398,Customer 4398,customer4398@example.com,Mumbai,Maharashtra,2026-03-31,
C04399,Customer 4399,customer4399@example.com,Kolkata,West Bengal,2025-02-09,Consumer
C04400,Customer 4400,customer4400@example.com,Kolkata,West Bengal,2024-01-01,Small Business
C04401,Customer 4401,customer4401@example.com,Mumbai,Maharashtra,2024-07-24,Consumer
C04402,Customer 4402,customer4402@example.com,Bengaluru,Karnataka,2024-11-10,Consumer
C04403,Customer 4403,customer4403@example.com,Mumbai,Maharashtra,2024-08-29,Consumer
C04404,Customer 4404,customer4404@example.com,Chennai,Tamil Nadu,2024-04-02,Small Business
C04405,Customer 4405,customer4405@example.com,PUNE,Maharashtra,2024-06-06,Small Business
C04406,Customer 4406,customer4406@example.com,Jaipur,Rajasthan,2026-05-15,Corporate
C04407,Customer 4407,customer4407@example.com,Panipat,Haryana,2025-05-03,Consumer
C04408,Customer 4408,customer4408@example.com,Hyderabad,Telangana,2024-04-12,Corporate
C04409,Customer 4409,customer4409@example.com,Jaipur,Rajasthan,2025-12-04,Corporate
C04410,Customer 4410,customer4410@example.com,Pune,Maharashtra,2025-04-28,Small Business
C04411,Customer 4411,customer4411@example.com,Chennai,Tamil Nadu,2026-05-01,Corporate
C04412,Customer 4412,customer4412@example.com,Pune,Maharashtra,2026-02-20,Consumer
C04413,Customer 4413,customer4413@example.com,Chennai,Tamil Nadu,2024-05-11,Corporate
C04414,Customer 4414,customer4414@example.com,Mumbai,Maharashtra,2025-02-13,Corporate
C04415,Customer 4415,customer4415@example.com,Bengaluru,Karnataka,2026-04-19,Small Business
C04416,Customer 4416,customer4416@example.com,Chennai,Tamil Nadu,2025-09-03,Corporate
C04417,Customer 4417,customer4417@example.com,Jaipur,Rajasthan,2024-03-14,Corporate
C04418,Customer 4418,customer4418@example.com,Kolkata,West Bengal,2025-11-16,Small Business
C04419,Customer 4419,customer4419@example.com,Ahmedabad,Gujarat,2024-01-28,Consumer
C04420,Customer 4420,customer4420@example.com,Ahmedabad,Gujarat,2024-07-01,Consumer
C04421,Customer 4421,customer4421@example.com,Hyderabad,Telangana,2025-01-05,Corporate
C04422,Customer 4422,customer4422@example.com,Jaipur,Rajasthan,2026-04-22,Consumer
C04423,Customer 4423,customer4423@example.com,Ahmedabad,Gujarat,2025-09-05,Corporate
C04424,Customer 4424,customer4424@example.com,Delhi,Delhi,2025-10-23,Consumer
C04425,Customer 4425,customer4425@example.com,Mumbai,Maharashtra,2025-05-26,Consumer
C04426,Customer 4426,customer4426@example.com,Panipat,Haryana,2024-08-04,Corporate
C04427,Customer 4427,customer4427@example.com,Chennai,Tamil Nadu,2024-04-05,Corporate
C04428,Customer 4428,customer4428@example.com,Chennai,Tamil Nadu,2025-10-31,Consumer
C04429,Customer 4429,customer4429@example.com,Chennai,Tamil Nadu,2024-06-03,Corporate
C04430,Customer 4430,customer4430@example.com,Bengaluru,Karnataka,2025-01-31,Small Business
C04431,Customer 4431,customer4431@example.com,Kolkata,West Bengal,2024-02-05,Corporate
C04432,Customer 4432,customer4432@example.com,Chennai,Tamil Nadu,2024-07-02,Consumer
C04433,Customer 4433,customer4433@example.com,Chennai,Tamil Nadu,2025-11-29,Small Business
C04434,Customer 4434,customer4434@example.com,Delhi,Delhi,2025-04-21,Consumer
C04435,Customer 4435,customer4435@example.com,Hyderabad,Telangana,2025-12-03,Small Business
C04436,Customer 4436,customer4436@example.com,Delhi,Delhi,2025-11-02,Corporate
C04437,Customer 4437,customer4437@example.com,Panipat,Haryana,2024-06-13,Corporate
C04438,Customer 4438,customer4438@example.com,Mumbai,Maharashtra,2025-08-11,Small Business
C04439,Customer 4439,customer4439@example.com,Chennai,Tamil Nadu,2025-12-03,Corporate
C04440,Customer 4440,customer4440@example.com,Panipat,Haryana,2025-05-12,Small Business
C04441,Customer 4441,customer4441@example.com,Chennai,Tamil Nadu,2025-03-08,Consumer
C04442,Customer 4442,customer4442@example.com,Bengaluru,Karnataka,2025-03-11,Corporate
C04443,Customer 4443,,Delhi,Delhi,2025-09-10,Corporate
C04444,Customer 4444,customer4444@example.com,Jaipur,Rajasthan,2025-01-16,Corporate
C04445,Customer 4445,customer4445@example.com,Hyderabad,Telangana,2026-05-14,Small Business
C04446,Customer 4446,customer4446@example.com,Hyderabad,Telangana,2024-04-24,Consumer
C04447,Customer 4447,customer4447@example.com,Chennai,Tamil Nadu,2025-06-28,Corporate
C04448,Customer 4448,customer4448@example.com,Delhi,Delhi,2024-06-02,Consumer
C04449,Customer 4449,customer4449@example.com,Hyderabad,Telangana,2025-12-25,Small Business
C04450,Customer 4450,customer4450@example.com,Bengaluru,Karnataka,2024-07-21,Small Business
C04451,Customer 4451,customer4451@example.com,Ahmedabad,Gujarat,2026-01-15,Corporate
C04452,Customer 4452,customer4452@example.com,Chennai,Tamil Nadu,2024-02-19,Corporate
C04453,Customer 4453,customer4453@example.com,Bengaluru,Karnataka,2024-02-10,Consumer
C04454,Customer 4454,customer4454@example.com,Kolkata,West Bengal,2025-04-16,Corporate
C04455,Customer 4455,customer4455@example.com,Panipat,Haryana,2025-09-05,Small Business
C04456,Customer 4456,customer4456@example.com,Hyderabad,Telangana,2024-09-15,Corporate
C04457,Customer 4457,customer4457@example.com,Hyderabad,Telangana,2025-11-22,Corporate
C04458,Customer 4458,customer4458@example.com,Panipat,Haryana,2025-07-09,Corporate
C04459,Customer 4459,customer4459@example.com,Mumbai,Maharashtra,2024-10-27,Corporate
C04460,Customer 4460,customer4460@example.com,Chennai,Tamil Nadu,2024-01-18,Corporate
C04461,Customer 4461,customer4461@example.com,Hyderabad,Telangana,2024-10-31,Small Business
C04462,Customer 4462,customer4462@example.com,Panipat,Haryana,2025-09-02,Consumer
C04463,Customer 4463,customer4463@example.com,Hyderabad,Telangana,2026-01-19,Consumer
C04464,Customer 4464,customer4464@example.com,Jaipur,Rajasthan,2026-01-26,Corporate
C04465,Customer 4465,customer4465@example.com,Pune,Maharashtra,2024-06-28,Consumer
C04466,Customer 4466,customer4466@example.com,Jaipur,Rajasthan,2024-04-06,Consumer
C04467,Customer 4467,customer4467@example.com,Mumbai,Maharashtra,2025-10-10,Corporate
C04468,Customer 4468,customer4468@example.com,Chennai,Tamil Nadu,2024-10-08,Corporate
C04469,Customer 4469,customer4469@example.com,Kolkata,West Bengal,2025-12-06,Small Business
C04470,Customer 4470,customer4470@example.com,Pune,Maharashtra,2026-04-25,Small Business
C04471,Customer 4471,customer4471@example.com,Jaipur,Rajasthan,2025-08-05,Corporate
C04472,Customer 4472,customer4472@example.com,Panipat,Haryana,2024-03-19,Corporate
C04473,Customer 4473,customer4473@example.com,Hyderabad,Telangana,2024-02-09,Consumer
C04474,Customer 4474,customer4474@example.com,Ahmedabad,Gujarat,2026-01-11,Small Business
C04475,Customer 4475,customer4475@example.com,Delhi,Delhi,2025-01-26,Small Business
C04476,Customer 4476,customer4476@example.com,Delhi,Delhi,2024-12-11,Small Business
C04477,Customer 4477,customer4477@example.com,Bengaluru,Karnataka,2025-03-08,Corporate
C04478,Customer 4478,,Panipat,Haryana,2024-07-07,Small Business
C04479,Customer 4479,customer4479@example.com,Bengaluru,Karnataka,2026-01-08,Small Business
C04480,Customer 4480,customer4480@example.com,Delhi,Delhi,2026-05-06,Corporate
C04481,Customer 4481,customer4481@example.com,Delhi,Delhi,2026-03-23,Consumer
C04482,Customer 4482,customer4482@example.com,Ahmedabad,Gujarat,2024-09-24,Corporate
C04483,Customer 4483,customer4483@example.com,Ahmedabad,Gujarat,2025-06-10,Small Business
C04484,Customer 4484,customer4484@example.com,Pune,Maharashtra,2025-12-11,Consumer
C04485,Customer 4485,customer4485@example.com,Hyderabad,Telangana,2025-08-10,Corporate
C04486,Customer 4486,customer4486@example.com,Pune,Maharashtra,2026-02-17,Corporate
C04487,Customer 4487,customer4487@example.com,Bengaluru,Karnataka,2026-02-03,Small Business
C04488,Customer 4488,customer4488@example.com,Mumbai,Maharashtra,2024-10-10,Small Business
C04489,Customer 4489,,Panipat,Haryana,2025-09-11,Corporate
C04490,Customer 4490,customer4490@example.com,Mumbai,Maharashtra,2025-11-25,Corporate
C04491,Customer 4491,customer4491@example.com,Bengaluru,Karnataka,2024-01-06,Corporate
C04492,Customer 4492,customer4492@example.com,Pune,Maharashtra,2024-01-20,Corporate
C04493,Customer 4493,customer4493@example.com,Mumbai,Maharashtra,2024-10-08,Corporate
C04494,Customer 4494,customer4494@example.com,Kolkata,West Bengal,2025-09-05,Small Business
C04495,Customer 4495,customer4495@example.com,Hyderabad,Telangana,2024-04-09,Consumer
C04496,Customer 4496,customer4496@example.com,Pune,Maharashtra,2024-01-19,Small Business
C04497,Customer 4497,customer4497@example.com,Hyderabad,Telangana,2024-08-14,Consumer
C04498,Customer 4498,customer4498@example.com,Ahmedabad,Gujarat,2024-10-21,Small Business
C04499,Customer 4499,customer4499@example.com,Ahmedabad,Gujarat,2026-04-26,Corporate
C04500,Customer 4500,customer4500@example.com,Ahmedabad,Gujarat,2025-03-06,Small Business
C04501,Customer 4501,customer4501@example.com,Ahmedabad,Gujarat,2024-12-02,Small Business
C04502,Customer 4502,customer4502@example.com,Chennai,Tamil Nadu,2025-05-02,Small Business
C04503,Customer 4503,customer4503@example.com,Panipat,Haryana,2024-12-17,Corporate
C04504,Customer 4504,customer4504@example.com,Hyderabad,Telangana,2024-12-20,Corporate
C04505,Customer 4505,customer4505@example.com,Mumbai,Maharashtra,2025-04-18,Small Business
C04506,Customer 4506,customer4506@example.com,Kolkata,West Bengal,2024-08-03,Small Business
C04507,Customer 4507,customer4507@example.com,Mumbai,Maharashtra,2025-11-20,Corporate
C04508,Customer 4508,customer4508@example.com,Bengaluru,Karnataka,2025-02-16,Consumer
C04509,Customer 4509,customer4509@example.com,Ahmedabad,Gujarat,2024-03-21,Small Business
C04510,Customer 4510,customer4510@example.com,Kolkata,West Bengal,2025-07-28,Corporate
C04511,Customer 4511,customer4511@example.com,Delhi,Delhi,2024-07-31,Small Business
C04512,Customer 4512,customer4512@example.com,Jaipur,Rajasthan,2025-01-13,Corporate
C04513,Customer 4513,customer4513@example.com,Bengaluru,Karnataka,2026-02-07,Corporate
C04514,Customer 4514,customer4514@example.com,Kolkata,West Bengal,2025-11-21,Corporate
C04515,Customer 4515,customer4515@example.com,Panipat,Haryana,2024-06-08,Small Business
C04516,Customer 4516,customer4516@example.com,Ahmedabad,Gujarat,2024-06-19,Small Business
C04517,Customer 4517,customer4517@example.com,Hyderabad,Telangana,2025-08-01,Corporate
C04518,Customer 4518,customer4518@example.com,Chennai,Tamil Nadu,2026-02-22,Consumer
C04519,Customer 4519,customer4519@example.com,Bengaluru,Karnataka,2025-07-23,
C04520,Customer 4520,customer4520@example.com,Kolkata,West Bengal,2024-08-28,Corporate
C04521,Customer 4521,customer4521@example.com,Jaipur,Rajasthan,2024-05-14,Corporate
C04522,Customer 4522,customer4522@example.com,Ahmedabad,Gujarat,2026-05-20,Consumer
C04523,Customer 4523,customer4523@example.com,Delhi,Delhi,2025-02-09,Consumer
C04524,Customer 4524,customer4524@example.com,Pune,Maharashtra,2024-04-23,Small Business
C04525,Customer 4525,customer4525@example.com,Bengaluru,Karnataka,2024-07-01,Consumer
C04526,Customer 4526,customer4526@example.com,Chennai,Tamil Nadu,2025-07-17,Corporate
C04527,Customer 4527,customer4527@example.com,Hyderabad,Telangana,2026-02-08,Consumer
C04528,Customer 4528,customer4528@example.com,Chennai,Tamil Nadu,2025-09-05,Corporate
C04529,Customer 4529,customer4529@example.com,Hyderabad,Telangana,2026-02-27,Corporate
C04530,Customer 4530,customer4530@example.com,Delhi,Delhi,2025-11-11,Small Business
C04531,Customer 4531,customer4531@example.com,Hyderabad,Telangana,2025-05-29,Small Business
C04532,Customer 4532,customer4532@example.com,Jaipur,Rajasthan,2025-02-05,Consumer
C04533,Customer 4533,customer4533@example.com,Chennai,Tamil Nadu,2025-05-21,Corporate
C04534,Customer 4534,customer4534@example.com,Bengaluru,Karnataka,2026-04-25,Corporate
C04535,Customer 4535,customer4535@example.com,Mumbai,Maharashtra,2026-06-13,Consumer
C04536,Customer 4536,customer4536@example.com,Chennai,Tamil Nadu,2024-10-22,Consumer
C04537,Customer 4537,customer4537@example.com,Jaipur,Rajasthan,2026-04-29,Corporate
C04538,Customer 4538,customer4538@example.com,Kolkata,West Bengal,2025-11-02,Consumer
C04539,Customer 4539,customer4539@example.com,Delhi,Delhi,2025-01-27,Small Business
C04540,Customer 4540,customer4540@example.com,CHENNAI,Tamil Nadu,2025-03-04,Corporate
C04541,Customer 4541,customer4541@example.com,Pune,Maharashtra,2025-10-13,Consumer
C04542,Customer 4542,customer4542@example.com,Ahmedabad,Gujarat,2024-08-17,Consumer
C04543,Customer 4543,customer4543@example.com,Ahmedabad,Gujarat,2025-09-26,Small Business
C04544,Customer 4544,customer4544@example.com,Delhi,Delhi,2025-09-05,Small Business
C04545,Customer 4545,customer4545@example.com,Chennai,Tamil Nadu,2024-01-24,Corporate
C04546,Customer 4546,customer4546@example.com,Ahmedabad,Gujarat,2024-09-12,Consumer
C04547,Customer 4547,customer4547@example.com,Ahmedabad,Gujarat,2025-10-02,Corporate
C04548,Customer 4548,customer4548@example.com,Delhi,Delhi,2025-01-14,Consumer
C04549,Customer 4549,customer4549@example.com,Ahmedabad,Gujarat,2026-03-19,Small Business
C04550,Customer 4550,customer4550@example.com,Chennai,Tamil Nadu,2025-07-19,Small Business
C04551,Customer 4551,customer4551@example.com,Pune,Maharashtra,2026-05-20,Consumer
C04552,Customer 4552,customer4552@example.com,Kolkata,West Bengal,2025-01-12,Small Business
C04553,Customer 4553,customer4553@example.com,Pune,Maharashtra,2024-06-28,Corporate
C04554,Customer 4554,customer4554@example.com,Pune,Maharashtra,2024-11-26,Consumer
C04555,Customer 4555,customer4555@example.com,Bengaluru,Karnataka,2024-03-07,Consumer
C04556,Customer 4556,customer4556@example.com,Pune,Maharashtra,2025-08-14,Corporate
C04557,Customer 4557,customer4557@example.com,Kolkata,West Bengal,2024-09-07,Small Business
C04558,Customer 4558,customer4558@example.com,Ahmedabad,Gujarat,2025-03-30,Consumer
C04559,Customer 4559,customer4559@example.com,Mumbai,Maharashtra,2025-04-17,Small Business
C04560,Customer 4560,customer4560@example.com,Delhi,Delhi,2026-04-02,Small Business
C04561,Customer 4561,customer4561@example.com,Hyderabad,Telangana,2026-06-12,Consumer
C04562,Customer 4562,customer4562@example.com,Pune,Maharashtra,2025-04-18,Small Business
C04563,Customer 4563,customer4563@example.com,Delhi,Delhi,2024-01-08,Small Business
C04564,Customer 4564,customer4564@example.com,Panipat,Haryana,2025-11-29,Small Business
C04565,Customer 4565,customer4565@example.com,Chennai,Tamil Nadu,2026-06-06,Small Business
C04566,Customer 4566,customer4566@example.com,Kolkata,West Bengal,2026-06-01,Corporate
C04567,Customer 4567,customer4567@example.com,Delhi,Delhi,2026-03-12,Corporate
C04568,Customer 4568,customer4568@example.com,Bengaluru,Karnataka,2026-01-03,Small Business
C04569,Customer 4569,customer4569@example.com,Delhi,Delhi,2026-01-02,Small Business
C04570,Customer 4570,customer4570@example.com,Jaipur,Rajasthan,2026-01-01,Consumer
C04571,Customer 4571,customer4571@example.com,Kolkata,West Bengal,2025-05-07,Small Business
C04572,Customer 4572,customer4572@example.com,Panipat,Haryana,2024-10-26,Corporate
C04573,Customer 4573,customer4573@example.com,Panipat,Haryana,2025-01-07,Corporate
C04574,Customer 4574,customer4574@example.com,Jaipur,Rajasthan,2025-10-06,Small Business
C04575,Customer 4575,customer4575@example.com,Kolkata,West Bengal,2025-03-14,Consumer
C04576,Customer 4576,customer4576@example.com,Delhi,Delhi,2024-05-29,Corporate
C04577,Customer 4577,customer4577@example.com,Ahmedabad,Gujarat,2026-02-10,Consumer
C04578,Customer 4578,customer4578@example.com,Mumbai,Maharashtra,2025-01-10,Corporate
C04579,Customer 4579,customer4579@example.com,Hyderabad,Telangana,2024-05-25,Consumer
C04580,Customer 4580,customer4580@example.com,Kolkata,West Bengal,2024-08-03,Corporate
C04581,Customer 4581,customer4581@example.com,Delhi,Delhi,2024-12-03,Small Business
C04582,Customer 4582,customer4582@example.com,Delhi,Delhi,2025-04-14,Small Business
C04583,Customer 4583,customer4583@example.com,Kolkata,West Bengal,2026-02-09,Consumer
C04584,Customer 4584,customer4584@example.com,Bengaluru,Karnataka,2024-12-16,Corporate
C04585,Customer 4585,customer4585@example.com,Kolkata,West Bengal,2024-12-04,Corporate
C04586,Customer 4586,customer4586@example.com,Bengaluru,Karnataka,2025-08-04,Corporate
C04587,Customer 4587,customer4587@example.com,Ahmedabad,Gujarat,2024-02-06,Consumer
C04588,Customer 4588,customer4588@example.com,Mumbai,Maharashtra,2025-06-18,Corporate
C04589,Customer 4589,customer4589@example.com,Panipat,Haryana,2024-08-14,Corporate
C04590,Customer 4590,customer4590@example.com,Ahmedabad,Gujarat,2025-01-06,Small Business
C04591,Customer 4591,customer4591@example.com,Bengaluru,Karnataka,2024-11-10,Small Business
C04592,Customer 4592,customer4592@example.com,Mumbai,Maharashtra,2025-08-04,Small Business
C04593,Customer 4593,customer4593@example.com,Bengaluru,Karnataka,2025-05-01,Small Business
C04594,Customer 4594,customer4594@example.com,Kolkata,West Bengal,2025-11-20,Corporate
C04595,Customer 4595,customer4595@example.com,Mumbai,Maharashtra,2026-01-31,Small Business
C04596,Customer 4596,customer4596@example.com,Mumbai,Maharashtra,2024-05-30,Small Business
C04597,Customer 4597,customer4597@example.com,Bengaluru,Karnataka,2026-05-29,Corporate
C04598,Customer 4598,customer4598@example.com,Bengaluru,Karnataka,2025-10-14,Consumer
C04599,Customer 4599,customer4599@example.com,Panipat,Haryana,2026-05-21,Consumer
C04600,Customer 4600,customer4600@example.com,Ahmedabad,Gujarat,2024-11-06,Consumer
C04601,Customer 4601,customer4601@example.com,Ahmedabad,Gujarat,2024-01-13,Corporate
C04602,Customer 4602,customer4602@example.com,Hyderabad,Telangana,2026-01-08,Small Business
C04603,Customer 4603,customer4603@example.com,Jaipur,Rajasthan,2025-02-19,Corporate
C04604,Customer 4604,customer4604@example.com,Ahmedabad,Gujarat,2024-06-23,Corporate
C04605,Customer 4605,customer4605@example.com,Mumbai,Maharashtra,2025-08-24,Small Business
C04606,Customer 4606,customer4606@example.com,Hyderabad,Telangana,2025-06-19,Corporate
C04607,Customer 4607,customer4607@example.com,Chennai,Tamil Nadu,2026-06-05,Corporate
C04608,Customer 4608,customer4608@example.com,Mumbai,Maharashtra,2026-06-10,Small Business
C04609,Customer 4609,customer4609@example.com,Kolkata,West Bengal,2024-06-28,Corporate
C04610,Customer 4610,customer4610@example.com,Chennai,Tamil Nadu,2024-01-15,Small Business
C04611,Customer 4611,customer4611@example.com,Delhi,Delhi,2024-12-16,Consumer
C04612,Customer 4612,customer4612@example.com,Bengaluru,Karnataka,2024-07-30,Consumer
C04613,Customer 4613,customer4613@example.com,Mumbai,Maharashtra,2024-10-11,Small Business
C04614,Customer 4614,customer4614@example.com,Delhi,Delhi,2025-10-27,
C04615,Customer 4615,customer4615@example.com,Hyderabad,Telangana,2025-05-25,Corporate
C04616,Customer 4616,customer4616@example.com,Ahmedabad,Gujarat,2025-10-15,Consumer
C04617,Customer 4617,customer4617@example.com,Jaipur,Rajasthan,2024-08-21,Small Business
C04618,Customer 4618,customer4618@example.com,Pune,Maharashtra,2025-01-07,Small Business
C04619,Customer 4619,customer4619@example.com,Panipat,Haryana,2025-02-12,Small Business
C04620,Customer 4620,,Delhi,Delhi,2024-12-03,Small Business
C04621,Customer 4621,customer4621@example.com,Delhi,Delhi,2024-10-04,Small Business
C04622,Customer 4622,customer4622@example.com,Jaipur,Rajasthan,2026-05-16,Small Business
C04623,Customer 4623,customer4623@example.com,Jaipur,Rajasthan,2026-06-12,Consumer
C04624,Customer 4624,customer4624@example.com,Panipat,Haryana,2025-04-02,Small Business
C04625,Customer 4625,customer4625@example.com,Jaipur,Rajasthan,2024-09-10,Consumer
C04626,Customer 4626,customer4626@example.com,Bengaluru,Karnataka,2026-03-27,Small Business
C04627,Customer 4627,customer4627@example.com,Mumbai,Maharashtra,2025-12-07,Small Business
C04628,Customer 4628,customer4628@example.com,Pune,Maharashtra,2024-08-21,Small Business
C04629,Customer 4629,customer4629@example.com,Kolkata,West Bengal,2024-06-30,Consumer
C04630,Customer 4630,customer4630@example.com,Ahmedabad,Gujarat,2024-09-29,Small Business
C04631,Customer 4631,customer4631@example.com,Bengaluru,Karnataka,2024-04-03,Small Business
C04632,Customer 4632,customer4632@example.com,Pune,Maharashtra,2026-01-20,Consumer
C04633,Customer 4633,customer4633@example.com,Mumbai,Maharashtra,2025-06-19,Corporate
C04634,Customer 4634,customer4634@example.com,Panipat,Haryana,2024-07-31,Consumer
C04635,Customer 4635,customer4635@example.com,Pune,Maharashtra,2025-08-22,Small Business
C04636,Customer 4636,customer4636@example.com,Kolkata,West Bengal,2025-04-20,Consumer
C04637,Customer 4637,customer4637@example.com,Jaipur,Rajasthan,2026-03-11,Consumer
C04638,Customer 4638,customer4638@example.com,Hyderabad,Telangana,2026-03-19,Small Business
C04639,Customer 4639,customer4639@example.com,Delhi,Delhi,2024-07-20,Corporate
C04640,Customer 4640,customer4640@example.com,Delhi,Delhi,2025-03-28,Consumer
C04641,Customer 4641,customer4641@example.com,Kolkata,West Bengal,2024-07-21,Consumer
C04642,Customer 4642,customer4642@example.com,Jaipur,Rajasthan,2025-08-26,Consumer
C04643,Customer 4643,customer4643@example.com,Ahmedabad,Gujarat,2025-05-13,Corporate
C04644,Customer 4644,customer4644@example.com,Ahmedabad,Gujarat,2024-01-10,Small Business
C04645,Customer 4645,customer4645@example.com,Chennai,Tamil Nadu,2026-05-31,Consumer
C04646,Customer 4646,customer4646@example.com,Kolkata,West Bengal,2026-03-07,Small Business
C04647,Customer 4647,customer4647@example.com,Pune,Maharashtra,2025-08-26,Small Business
C04648,Customer 4648,customer4648@example.com,Ahmedabad,Gujarat,2026-02-12,Corporate
C04649,Customer 4649,customer4649@example.com,Panipat,Haryana,2024-09-14,Corporate
C04650,Customer 4650,customer4650@example.com,Ahmedabad,Gujarat,2024-10-04,Corporate
C04651,Customer 4651,customer4651@example.com,Mumbai,Maharashtra,2024-12-02,Small Business
C04652,Customer 4652,customer4652@example.com,Kolkata,West Bengal,2025-06-10,Corporate
C04653,Customer 4653,customer4653@example.com,Bengaluru,Karnataka,2024-09-27,Small Business
C04654,Customer 4654,customer4654@example.com,Pune,Maharashtra,2024-12-15,Corporate
C04655,Customer 4655,customer4655@example.com,Jaipur,Rajasthan,2025-05-30,Corporate
C04656,Customer 4656,customer4656@example.com,Kolkata,West Bengal,2024-04-24,Consumer
C04657,Customer 4657,customer4657@example.com,Kolkata,West Bengal,2024-01-07,Corporate
C04658,Customer 4658,customer4658@example.com,Jaipur,Rajasthan,2025-04-26,Corporate
C04659,Customer 4659,customer4659@example.com,Mumbai,Maharashtra,2024-07-02,Consumer
C04660,Customer 4660,customer4660@example.com,Chennai,Tamil Nadu,2025-11-20,Corporate
C04661,Customer 4661,customer4661@example.com,Delhi,Delhi,2026-06-01,Corporate
C04662,Customer 4662,customer4662@example.com,Hyderabad,Telangana,2025-10-15,Small Business
C04663,Customer 4663,customer4663@example.com,Jaipur,Rajasthan,2026-04-22,Consumer
C04664,Customer 4664,customer4664@example.com,Pune,Maharashtra,2026-03-08,Consumer
C04665,Customer 4665,customer4665@example.com,Pune,Maharashtra,2024-08-06,Corporate
C04666,Customer 4666,customer4666@example.com,Jaipur,Rajasthan,2024-11-08,Corporate
C04667,Customer 4667,customer4667@example.com,Jaipur,Rajasthan,2025-04-28,Consumer
C04668,Customer 4668,customer4668@example.com,Bengaluru,Karnataka,2025-09-16,Consumer
C04669,Customer 4669,customer4669@example.com,Ahmedabad,Gujarat,2025-11-19,Consumer
C04670,Customer 4670,customer4670@example.com,Hyderabad,Telangana,2024-06-09,Consumer
C04671,Customer 4671,customer4671@example.com,Chennai,Tamil Nadu,2026-03-15,Consumer
C04672,Customer 4672,customer4672@example.com,Mumbai,Maharashtra,2025-09-16,Small Business
C04673,Customer 4673,customer4673@example.com,Mumbai,Maharashtra,2024-11-29,Small Business
C04674,Customer 4674,customer4674@example.com,Kolkata,West Bengal,2025-10-31,Small Business
C04675,Customer 4675,customer4675@example.com,Chennai,Tamil Nadu,2026-03-09,Small Business
C04676,Customer 4676,customer4676@example.com,Bengaluru,Karnataka,2024-08-22,Corporate
C04677,Customer 4677,customer4677@example.com,Kolkata,West Bengal,2026-05-26,Corporate
C04678,Customer 4678,customer4678@example.com,HYDERABAD,Telangana,2024-05-28,Corporate
C04679,Customer 4679,customer4679@example.com,Hyderabad,Telangana,2026-01-14,Corporate
C04680,Customer 4680,customer4680@example.com,Hyderabad,Telangana,2025-04-05,Corporate
C04681,Customer 4681,customer4681@example.com,Chennai,Tamil Nadu,2025-07-30,Corporate
C04682,Customer 4682,customer4682@example.com,Chennai,Tamil Nadu,2024-01-06,Corporate
C04683,Customer 4683,customer4683@example.com,Panipat,Haryana,2025-02-22,Corporate
C04684,Customer 4684,customer4684@example.com,Mumbai,Maharashtra,2025-04-12,Corporate
C04685,Customer 4685,customer4685@example.com,Panipat,Haryana,2026-04-18,Small Business
C04686,Customer 4686,customer4686@example.com,Pune,Maharashtra,2024-08-01,Small Business
C04687,Customer 4687,customer4687@example.com,Bengaluru,Karnataka,2024-10-28,Corporate
C04688,Customer 4688,customer4688@example.com,Panipat,Haryana,2024-11-25,Corporate
C04689,Customer 4689,customer4689@example.com,Chennai,Tamil Nadu,2024-11-29,Small Business
C04690,Customer 4690,customer4690@example.com,Jaipur,Rajasthan,2026-01-26,Consumer
C04691,Customer 4691,customer4691@example.com,Pune,Maharashtra,2025-09-24,Small Business
C04692,Customer 4692,customer4692@example.com,Kolkata,West Bengal,2026-05-26,Corporate
C04693,Customer 4693,customer4693@example.com,Delhi,Delhi,2024-03-17,Consumer
C04694,Customer 4694,,Mumbai,Maharashtra,2024-11-29,Small Business
C04695,Customer 4695,customer4695@example.com,Kolkata,West Bengal,2026-01-08,Small Business
C04696,Customer 4696,customer4696@example.com,Kolkata,West Bengal,2024-02-17,Small Business
C04697,Customer 4697,customer4697@example.com,Chennai,Tamil Nadu,2025-12-05,Small Business
C04698,Customer 4698,customer4698@example.com,Kolkata,West Bengal,2024-09-12,Corporate
C04699,Customer 4699,customer4699@example.com,Ahmedabad,Gujarat,2025-08-23,Corporate
C04700,Customer 4700,customer4700@example.com,Panipat,Haryana,2024-04-13,Consumer
C04701,Customer 4701,customer4701@example.com,Hyderabad,Telangana,2024-10-09,Small Business
C04702,Customer 4702,customer4702@example.com,Hyderabad,Telangana,2025-03-24,Corporate
C04703,Customer 4703,customer4703@example.com,Delhi,Delhi,2025-04-28,Consumer
C04704,Customer 4704,customer4704@example.com,Delhi,Delhi,2024-11-28,
C04705,Customer 4705,customer4705@example.com,Chennai,Tamil Nadu,2026-04-24,Consumer
C04706,Customer 4706,customer4706@example.com,Mumbai,Maharashtra,2025-08-26,Corporate
C04707,Customer 4707,customer4707@example.com,Ahmedabad,Gujarat,2024-07-23,Small Business
C04708,Customer 4708,,Delhi,Delhi,2025-03-24,Consumer
C04709,Customer 4709,customer4709@example.com,Hyderabad,Telangana,2025-08-09,Small Business
C04710,Customer 4710,customer4710@example.com,Bengaluru,Karnataka,2025-07-24,Small Business
C04711,Customer 4711,customer4711@example.com,Bengaluru,Karnataka,2025-12-07,Consumer
C04712,Customer 4712,customer4712@example.com,Mumbai,Maharashtra,2026-03-01,Consumer
C04713,Customer 4713,customer4713@example.com,Hyderabad,Telangana,2026-05-23,Corporate
C04714,Customer 4714,customer4714@example.com,Kolkata,West Bengal,2026-02-04,Consumer
C04715,Customer 4715,customer4715@example.com,Mumbai,Maharashtra,2024-11-24,Corporate
C04716,Customer 4716,customer4716@example.com,Pune,Maharashtra,2025-04-16,Corporate
C04717,Customer 4717,customer4717@example.com,Hyderabad,Telangana,2024-07-22,Small Business
C04718,Customer 4718,customer4718@example.com,Bengaluru,Karnataka,2024-09-18,Small Business
C04719,Customer 4719,customer4719@example.com,Panipat,Haryana,2024-05-23,Consumer
C04720,Customer 4720,customer4720@example.com,Chennai,Tamil Nadu,2025-03-13,Corporate
C04721,Customer 4721,customer4721@example.com,Kolkata,West Bengal,2026-03-28,Consumer
C04722,Customer 4722,customer4722@example.com,Jaipur,Rajasthan,2024-03-02,Small Business
C04723,Customer 4723,customer4723@example.com,Hyderabad,Telangana,2024-01-17,Small Business
C04724,Customer 4724,customer4724@example.com,Chennai,Tamil Nadu,2024-02-02,Small Business
C04725,Customer 4725,customer4725@example.com,Hyderabad,Telangana,2026-03-20,Small Business
C04726,Customer 4726,customer4726@example.com,Kolkata,West Bengal,2024-10-16,Small Business
C04727,Customer 4727,customer4727@example.com,Hyderabad,Telangana,2025-10-11,Consumer
C04728,Customer 4728,customer4728@example.com,Delhi,Delhi,2025-08-01,Consumer
C04729,Customer 4729,customer4729@example.com,Jaipur,Rajasthan,2026-03-10,Consumer
C04730,Customer 4730,customer4730@example.com,Jaipur,Rajasthan,2024-06-11,Small Business
C04731,Customer 4731,customer4731@example.com,Delhi,Delhi,2025-08-10,Corporate
C04732,Customer 4732,customer4732@example.com,Ahmedabad,Gujarat,2025-10-27,Consumer
C04733,Customer 4733,customer4733@example.com,Delhi,Delhi,2026-02-24,Small Business
C04734,Customer 4734,customer4734@example.com,Chennai,Tamil Nadu,2026-04-17,Corporate
C04735,Customer 4735,customer4735@example.com,Kolkata,West Bengal,2025-04-07,Small Business
C04736,Customer 4736,customer4736@example.com,Mumbai,Maharashtra,2025-10-28,Corporate
C04737,Customer 4737,customer4737@example.com,Delhi,Delhi,2024-07-05,Small Business
C04738,Customer 4738,customer4738@example.com,Ahmedabad,Gujarat,2024-12-13,Corporate
C04739,Customer 4739,customer4739@example.com,Jaipur,Rajasthan,2026-03-10,Small Business
C04740,Customer 4740,customer4740@example.com,Chennai,Tamil Nadu,2024-01-22,Corporate
C04741,Customer 4741,customer4741@example.com,Ahmedabad,Gujarat,2024-10-27,Consumer
C04742,Customer 4742,invalid-email-4741,Ahmedabad,Gujarat,2026-04-28,Corporate
C04743,Customer 4743,customer4743@example.com,Panipat,Haryana,2024-01-09,Consumer
C04744,Customer 4744,customer4744@example.com,Hyderabad,Telangana,2025-03-13,Consumer
C04745,Customer 4745,customer4745@example.com,Bengaluru,Karnataka,2026-05-26,Consumer
C04746,Customer 4746,customer4746@example.com,Ahmedabad,Gujarat,2025-11-21,Corporate
C04747,Customer 4747,customer4747@example.com,Jaipur,Rajasthan,2025-04-13,Small Business
C04748,Customer 4748,customer4748@example.com,Pune,Maharashtra,2026-02-27,Small Business
C04749,Customer 4749,customer4749@example.com,Hyderabad,Telangana,2026-01-02,Small Business
C04750,Customer 4750,customer4750@example.com,Mumbai,Maharashtra,2024-07-12,Consumer
C04751,Customer 4751,customer4751@example.com,Pune,Maharashtra,2024-11-11,Consumer
C04752,Customer 4752,customer4752@example.com,Delhi,Delhi,2024-01-27,Small Business
C04753,Customer 4753,customer4753@example.com,Ahmedabad,Gujarat,2026-05-14,Consumer
C04754,Customer 4754,customer4754@example.com,Mumbai,Maharashtra,2025-07-07,Corporate
C04755,Customer 4755,customer4755@example.com,Delhi,Delhi,2024-12-01,Corporate
C04756,Customer 4756,customer4756@example.com,Pune,Maharashtra,2025-11-04,Consumer
C04757,Customer 4757,customer4757@example.com,Pune,Maharashtra,2024-11-06,Consumer
C04758,Customer 4758,customer4758@example.com,Chennai,Tamil Nadu,2024-10-04,Consumer
C04759,Customer 4759,customer4759@example.com,Pune,Maharashtra,2026-03-01,Corporate
C04760,Customer 4760,customer4760@example.com,Panipat,Haryana,2024-05-20,Corporate
C04761,Customer 4761,customer4761@example.com,Delhi,Delhi,2026-05-04,Corporate
C04762,Customer 4762,customer4762@example.com,Panipat,Haryana,2025-03-30,Small Business
C04763,Customer 4763,customer4763@example.com,Pune,Maharashtra,2025-01-24,Consumer
C04764,Customer 4764,customer4764@example.com,Kolkata,West Bengal,2025-03-25,Corporate
C04765,Customer 4765,customer4765@example.com,Pune,Maharashtra,2024-07-29,Corporate
C04766,Customer 4766,customer4766@example.com,Ahmedabad,Gujarat,2026-04-14,Consumer
C04767,Customer 4767,customer4767@example.com,Delhi,Delhi,2024-06-28,Small Business
C04768,Customer 4768,customer4768@example.com,Ahmedabad,Gujarat,2026-01-11,Small Business
C04769,Customer 4769,customer4769@example.com,Delhi,Delhi,2024-06-15,Consumer
C04770,Customer 4770,customer4770@example.com,Delhi,Delhi,2025-05-15,Small Business
C04771,Customer 4771,customer4771@example.com,Ahmedabad,Gujarat,2025-01-01,Small Business
C04772,Customer 4772,customer4772@example.com,Hyderabad,Telangana,2025-03-01,Consumer
C04773,Customer 4773,customer4773@example.com,Pune,Maharashtra,2024-04-02,Small Business
C04774,Customer 4774,customer4774@example.com,Hyderabad,Telangana,2025-05-04,Corporate
C04775,Customer 4775,customer4775@example.com,Jaipur,Rajasthan,2024-04-24,Corporate
C04776,Customer 4776,customer4776@example.com,Panipat,Haryana,2024-01-08,Corporate
C04777,Customer 4777,customer4777@example.com,Chennai,Tamil Nadu,2025-02-13,Consumer
C04778,Customer 4778,customer4778@example.com,Hyderabad,Telangana,2025-01-04,Corporate
C04779,Customer 4779,customer4779@example.com,Delhi,Delhi,2025-03-20,Small Business
C04780,Customer 4780,customer4780@example.com,Bengaluru,Karnataka,2024-08-22,Small Business
C04781,Customer 4781,customer4781@example.com,Delhi,Delhi,2025-10-28,Small Business
C04782,Customer 4782,customer4782@example.com,Chennai,Tamil Nadu,2026-06-15,Corporate
C04783,Customer 4783,customer4783@example.com,Panipat,Haryana,2024-10-08,Small Business
C04784,Customer 4784,customer4784@example.com,Hyderabad,Telangana,2024-02-16,Consumer
C04785,Customer 4785,customer4785@example.com,Pune,Maharashtra,2024-06-30,Small Business
C04786,Customer 4786,customer4786@example.com,Panipat,Haryana,2024-05-11,Small Business
C04787,Customer 4787,customer4787@example.com,Mumbai,Maharashtra,2024-05-23,Small Business
C04788,Customer 4788,customer4788@example.com,Kolkata,West Bengal,2026-02-19,Consumer
C04789,Customer 4789,customer4789@example.com,Panipat,Haryana,2025-09-02,Consumer
C04790,Customer 4790,,Bengaluru,Karnataka,2025-01-15,Small Business
C04791,Customer 4791,customer4791@example.com,Chennai,Tamil Nadu,2026-04-23,Consumer
C04792,Customer 4792,customer4792@example.com,Chennai,Tamil Nadu,2024-06-25,Consumer
C04793,Customer 4793,customer4793@example.com,Jaipur,Rajasthan,2024-06-04,Small Business
C04794,Customer 4794,customer4794@example.com,Mumbai,Maharashtra,2025-01-08,Consumer
C04795,Customer 4795,,Mumbai,Maharashtra,2024-01-31,Corporate
C04796,Customer 4796,customer4796@example.com,Pune,Maharashtra,2024-11-09,Corporate
C04797,Customer 4797,customer4797@example.com,Hyderabad,Telangana,2026-05-11,Corporate
C04798,Customer 4798,customer4798@example.com,Ahmedabad,Gujarat,2024-11-24,Consumer
C04799,Customer 4799,customer4799@example.com,Panipat,Haryana,2024-12-05,Consumer
C04800,Customer 4800,customer4800@example.com,Kolkata,West Bengal,2024-02-05,Small Business
C04801,Customer 4801,customer4801@example.com,Mumbai,Maharashtra,2025-02-21,Consumer
C04802,Customer 4802,customer4802@example.com,Jaipur,Rajasthan,2025-01-21,Small Business
C04803,Customer 4803,customer4803@example.com,Jaipur,Rajasthan,2024-06-22,Consumer
C04804,Customer 4804,customer4804@example.com,Delhi,Delhi,2024-01-16,Corporate
C04805,Customer 4805,customer4805@example.com,Pune,Maharashtra,2024-04-04,Corporate
C04806,Customer 4806,customer4806@example.com,Delhi,Delhi,2024-04-25,Corporate
C04807,Customer 4807,customer4807@example.com,Kolkata,West Bengal,2025-03-01,Small Business
C04808,Customer 4808,customer4808@example.com,Kolkata,West Bengal,2024-05-17,Small Business
C04809,Customer 4809,customer4809@example.com,Panipat,Haryana,2024-11-14,Corporate
C04810,Customer 4810,customer4810@example.com,Kolkata,West Bengal,2024-09-20,Consumer
C04811,Customer 4811,customer4811@example.com,Hyderabad,Telangana,2025-11-03,Small Business
C04812,Customer 4812,,Hyderabad,Telangana,2025-09-20,Small Business
C04813,Customer 4813,customer4813@example.com,Delhi,Delhi,2025-05-04,Corporate
C04814,Customer 4814,customer4814@example.com,Ahmedabad,Gujarat,2024-07-19,Consumer
C04815,Customer 4815,customer4815@example.com,Pune,Maharashtra,2025-06-11,Consumer
C04816,Customer 4816,customer4816@example.com,Mumbai,Maharashtra,2024-08-18,Small Business
C04817,Customer 4817,customer4817@example.com,Delhi,Delhi,2026-01-31,Consumer
C04818,Customer 4818,customer4818@example.com,Chennai,Tamil Nadu,2024-10-16,Small Business
C04819,Customer 4819,customer4819@example.com,Delhi,Delhi,2024-09-12,Consumer
C04820,Customer 4820,customer4820@example.com,Bengaluru,Karnataka,2024-07-08,Small Business
C04821,Customer 4821,customer4821@example.com,Bengaluru,Karnataka,2024-12-02,Small Business
C04822,Customer 4822,customer4822@example.com,Kolkata,West Bengal,2025-11-15,Small Business
C04823,Customer 4823,,Jaipur,Rajasthan,2025-06-13,Small Business
C04824,Customer 4824,customer4824@example.com,Bengaluru,Karnataka,2026-02-17,Consumer
C04825,Customer 4825,customer4825@example.com,Hyderabad,Telangana,2025-03-08,Corporate
C04826,Customer 4826,customer4826@example.com,Mumbai,Maharashtra,2025-08-16,Small Business
C04827,Customer 4827,customer4827@example.com,Panipat,Haryana,2026-02-04,Corporate
C04828,Customer 4828,customer4828@example.com,Panipat,Haryana,2026-03-24,Consumer
C04829,Customer 4829,customer4829@example.com,Mumbai,Maharashtra,2024-01-15,Consumer
C04830,Customer 4830,customer4830@example.com,Panipat,Haryana,2026-05-05,Consumer
C04831,Customer 4831,customer4831@example.com,Mumbai,Maharashtra,2025-02-10,Corporate
C04832,Customer 4832,customer4832@example.com,Panipat,Haryana,2025-08-08,Corporate
C04833,Customer 4833,customer4833@example.com,Kolkata,West Bengal,2026-05-28,Corporate
C04834,Customer 4834,customer4834@example.com,Pune,Maharashtra,2025-10-05,Small Business
C04835,Customer 4835,customer4835@example.com,Chennai,Tamil Nadu,2025-04-07,Consumer
C04836,Customer 4836,customer4836@example.com,Kolkata,West Bengal,2025-09-28,Corporate
C04837,Customer 4837,customer4837@example.com,Jaipur,Rajasthan,2025-03-26,Consumer
C04838,Customer 4838,customer4838@example.com,Bengaluru,Karnataka,2025-11-02,Small Business
C04839,Customer 4839,customer4839@example.com,Hyderabad,Telangana,2024-12-11,Consumer
C04840,Customer 4840,customer4840@example.com,Bengaluru,Karnataka,2024-12-15,Corporate
C04841,Customer 4841,customer4841@example.com,Jaipur,Rajasthan,2025-04-12,Small Business
C04842,Customer 4842,customer4842@example.com,Delhi,Delhi,2025-11-15,Corporate
C04843,Customer 4843,customer4843@example.com,Jaipur,Rajasthan,2024-09-26,Consumer
C04844,Customer 4844,customer4844@example.com,Hyderabad,Telangana,2025-03-12,Small Business
C04845,Customer 4845,customer4845@example.com,Panipat,Haryana,2025-07-10,Consumer
C04846,Customer 4846,customer4846@example.com,Delhi,Delhi,2024-08-20,Corporate
C04847,Customer 4847,customer4847@example.com,Delhi,Delhi,2024-05-03,Small Business
C04848,Customer 4848,customer4848@example.com,Bengaluru,Karnataka,2024-05-09,Corporate
C04849,Customer 4849,customer4849@example.com,Bengaluru,Karnataka,2025-04-08,Corporate
C04850,Customer 4850,customer4850@example.com,Jaipur,Rajasthan,2024-03-25,Small Business
C04851,Customer 4851,customer4851@example.com,Mumbai,Maharashtra,2025-02-11,Small Business
C04852,Customer 4852,customer4852@example.com,Pune,Maharashtra,2024-05-25,Small Business
C04853,Customer 4853,customer4853@example.com,Pune,Maharashtra,2026-03-05,Consumer
C04854,Customer 4854,customer4854@example.com,Pune,Maharashtra,2026-01-21,Small Business
C04855,Customer 4855,customer4855@example.com,Hyderabad,Telangana,2025-06-22,Small Business
C04856,Customer 4856,customer4856@example.com,Mumbai,Maharashtra,2025-07-30,Small Business
C04857,Customer 4857,customer4857@example.com,Jaipur,Rajasthan,2024-02-18,Small Business
C04858,Customer 4858,customer4858@example.com,Hyderabad,Telangana,2025-07-06,Consumer
C04859,Customer 4859,customer4859@example.com,Jaipur,Rajasthan,2024-06-19,Corporate
C04860,Customer 4860,customer4860@example.com,Mumbai,Maharashtra,2024-04-12,Small Business
C04861,Customer 4861,customer4861@example.com,Mumbai,Maharashtra,2025-10-12,Small Business
C04862,Customer 4862,customer4862@example.com,Ahmedabad,Gujarat,2024-08-19,Small Business
C04863,Customer 4863,customer4863@example.com,Mumbai,Maharashtra,2025-07-07,Small Business
C04864,Customer 4864,customer4864@example.com,Chennai,Tamil Nadu,2026-05-28,Consumer
C04865,Customer 4865,customer4865@example.com,Bengaluru,Karnataka,2024-02-20,Corporate
C04866,Customer 4866,customer4866@example.com,Bengaluru,Karnataka,2025-02-03,Small Business
C04867,Customer 4867,customer4867@example.com,Chennai,Tamil Nadu,2025-05-02,Corporate
C04868,Customer 4868,customer4868@example.com,Hyderabad,Telangana,2024-05-19,Small Business
C04869,Customer 4869,customer4869@example.com,Bengaluru,Karnataka,2024-01-01,Consumer
C04870,Customer 4870,customer4870@example.com,Bengaluru,Karnataka,2025-12-26,Small Business
C04871,Customer 4871,customer4871@example.com,Bengaluru,Karnataka,2024-08-01,Small Business
C04872,Customer 4872,customer4872@example.com,Ahmedabad,Gujarat,2025-08-31,Consumer
C04873,Customer 4873,customer4873@example.com,Panipat,Haryana,2026-02-12,Corporate
C04874,Customer 4874,customer4874@example.com,Mumbai,Maharashtra,2024-05-27,Corporate
C04875,Customer 4875,customer4875@example.com,Mumbai,Maharashtra,2026-02-21,Consumer
C04876,Customer 4876,customer4876@example.com,Chennai,Tamil Nadu,2026-03-16,Consumer
C04877,Customer 4877,customer4877@example.com,Chennai,Tamil Nadu,2025-02-04,Small Business
C04878,Customer 4878,customer4878@example.com,Pune,Maharashtra,2024-09-11,Corporate
C04879,Customer 4879,customer4879@example.com,Delhi,Delhi,2024-08-19,Corporate
C04880,Customer 4880,customer4880@example.com,Mumbai,Maharashtra,2025-02-15,Consumer
C04881,Customer 4881,customer4881@example.com,Ahmedabad,Gujarat,2025-11-19,Consumer
C04882,Customer 4882,customer4882@example.com,Pune,Maharashtra,2025-03-30,Consumer
C04883,Customer 4883,customer4883@example.com,Bengaluru,Karnataka,2026-02-17,Corporate
C04884,Customer 4884,customer4884@example.com,Panipat,Haryana,2025-10-14,Consumer
C04885,Customer 4885,customer4885@example.com,Jaipur,Rajasthan,2024-11-14,Small Business
C04886,Customer 4886,customer4886@example.com,Delhi,Delhi,2026-03-01,Small Business
C04887,Customer 4887,customer4887@example.com,Ahmedabad,Gujarat,2025-04-27,Consumer
C04888,Customer 4888,customer4888@example.com,Kolkata,West Bengal,2024-11-01,Consumer
C04889,Customer 4889,customer4889@example.com,Jaipur,Rajasthan,2026-01-30,Small Business
C04890,Customer 4890,customer4890@example.com,Kolkata,West Bengal,2024-06-06,Consumer
C04891,Customer 4891,customer4891@example.com,Hyderabad,Telangana,2026-06-15,Corporate
C04892,Customer 4892,customer4892@example.com,Panipat,Haryana,2025-01-25,Corporate
C04893,Customer 4893,customer4893@example.com,Delhi,Delhi,2025-10-03,Corporate
C04894,Customer 4894,customer4894@example.com,Chennai,Tamil Nadu,2025-08-22,Consumer
C04895,Customer 4895,customer4895@example.com,Kolkata,West Bengal,2026-02-15,Corporate
C04896,Customer 4896,customer4896@example.com,Pune,Maharashtra,2025-06-19,Consumer
C04897,Customer 4897,customer4897@example.com,Delhi,Delhi,2026-01-19,Small Business
C04898,Customer 4898,customer4898@example.com,Ahmedabad,Gujarat,2026-06-04,Corporate
C04899,Customer 4899,customer4899@example.com,Pune,Maharashtra,2026-06-09,Small Business
C04900,Customer 4900,customer4900@example.com,Kolkata,West Bengal,2026-05-06,Small Business
C04901,Customer 4901,customer4901@example.com,Chennai,Tamil Nadu,2025-03-07,Consumer
C04902,Customer 4902,customer4902@example.com,Delhi,Delhi,2026-06-04,Corporate
C04903,Customer 4903,customer4903@example.com,Bengaluru,Karnataka,2024-09-14,
C04904,Customer 4904,customer4904@example.com,Jaipur,Rajasthan,2024-12-02,Corporate
C04905,Customer 4905,customer4905@example.com,Bengaluru,Karnataka,2024-12-31,Consumer
C04906,Customer 4906,customer4906@example.com,Panipat,Haryana,2024-04-13,Small Business
C04907,Customer 4907,customer4907@example.com,Kolkata,West Bengal,2024-09-05,Small Business
C04908,Customer 4908,customer4908@example.com,Kolkata,West Bengal,2024-08-14,Small Business
C04909,Customer 4909,customer4909@example.com,Chennai,Tamil Nadu,2025-11-12,Corporate
C04910,Customer 4910,customer4910@example.com,Delhi,Delhi,2026-03-10,Small Business
C04911,Customer 4911,customer4911@example.com,Kolkata,West Bengal,2025-07-28,Small Business
C04912,Customer 4912,customer4912@example.com,Ahmedabad,Gujarat,2025-01-19,Small Business
C04913,Customer 4913,customer4913@example.com,Jaipur,Rajasthan,2026-06-10,Small Business
C04914,Customer 4914,customer4914@example.com,Chennai,Tamil Nadu,2024-02-13,Small Business
C04915,Customer 4915,customer4915@example.com,Delhi,Delhi,2025-08-27,Small Business
C04916,Customer 4916,customer4916@example.com,Delhi,Delhi,2025-08-12,Consumer
C04917,Customer 4917,customer4917@example.com,Delhi,Delhi,2026-02-21,Consumer
C04918,Customer 4918,customer4918@example.com,Hyderabad,Telangana,2025-08-17,Small Business
C04919,Customer 4919,customer4919@example.com,Ahmedabad,Gujarat,2025-03-07,Corporate
C04920,Customer 4920,customer4920@example.com,Panipat,Haryana,2024-12-21,Small Business
C04921,Customer 4921,customer4921@example.com,Kolkata,West Bengal,2026-05-22,Corporate
C04922,Customer 4922,customer4922@example.com,Ahmedabad,Gujarat,2026-06-03,Small Business
C04923,Customer 4923,customer4923@example.com,Panipat,Haryana,2025-02-12,Small Business
C04924,Customer 4924,customer4924@example.com,Chennai,Tamil Nadu,2025-11-16,Consumer
C04925,Customer 4925,customer4925@example.com,Pune,Maharashtra,2025-08-03,Consumer
C04926,Customer 4926,customer4926@example.com,Panipat,Haryana,2025-10-07,Corporate
C04927,Customer 4927,customer4927@example.com,Delhi,Delhi,2024-10-26,Corporate
C04928,Customer 4928,customer4928@example.com,Panipat,Haryana,2026-01-16,Corporate
C04929,Customer 4929,customer4929@example.com,Bengaluru,Karnataka,2025-01-02,Small Business
C04930,Customer 4930,customer4930@example.com,Hyderabad,Telangana,2024-12-26,Consumer
C04931,Customer 4931,customer4931@example.com,Bengaluru,Karnataka,2025-04-01,Consumer
C04932,Customer 4932,customer4932@example.com,Hyderabad,Telangana,2025-04-14,Small Business
C04933,Customer 4933,customer4933@example.com,Bengaluru,Karnataka,2026-02-26,Consumer
C04934,Customer 4934,customer4934@example.com,Pune,Maharashtra,2025-07-25,Small Business
C04935,Customer 4935,customer4935@example.com,Hyderabad,Telangana,2026-01-28,Corporate
C04936,Customer 4936,customer4936@example.com,Hyderabad,Telangana,2026-03-10,Consumer
C04937,Customer 4937,customer4937@example.com,Kolkata,West Bengal,2026-05-27,Consumer
C04938,Customer 4938,customer4938@example.com,Hyderabad,Telangana,2024-12-26,Small Business
C04939,Customer 4939,customer4939@example.com,Jaipur,Rajasthan,2026-01-27,Consumer
C04940,Customer 4940,customer4940@example.com,Hyderabad,Telangana,2026-04-28,Corporate
C04941,Customer 4941,customer4941@example.com,Delhi,Delhi,2026-01-09,Consumer
C04942,Customer 4942,customer4942@example.com,Chennai,Tamil Nadu,2024-11-16,Small Business
C04943,Customer 4943,customer4943@example.com,Kolkata,West Bengal,2025-10-16,Consumer
C04944,Customer 4944,customer4944@example.com,Chennai,Tamil Nadu,2024-07-26,Corporate
C04945,Customer 4945,customer4945@example.com,Kolkata,West Bengal,2024-12-25,Corporate
C04946,Customer 4946,customer4946@example.com,Kolkata,West Bengal,2025-01-05,Consumer
C04947,Customer 4947,customer4947@example.com,Mumbai,Maharashtra,2024-11-26,Consumer
C04948,Customer 4948,customer4948@example.com,Delhi,Delhi,2024-07-13,Small Business
C04949,Customer 4949,customer4949@example.com,Bengaluru,Karnataka,2025-06-02,Small Business
C04950,Customer 4950,customer4950@example.com,Jaipur,Rajasthan,2024-10-30,Small Business
C04951,Customer 4951,customer4951@example.com,Jaipur,Rajasthan,2024-07-01,Corporate
C04952,Customer 4952,customer4952@example.com,Ahmedabad,Gujarat,2025-12-13,Consumer
C04953,Customer 4953,customer4953@example.com,PUNE,Maharashtra,2024-04-05,Consumer
C04954,Customer 4954,customer4954@example.com,Ahmedabad,Gujarat,2026-06-16,Small Business
C04955,Customer 4955,customer4955@example.com,Chennai,Tamil Nadu,2026-05-22,Corporate
C04956,Customer 4956,customer4956@example.com,Mumbai,Maharashtra,2026-01-03,Corporate
C04957,Customer 4957,customer4957@example.com,Jaipur,Rajasthan,2024-12-28,Corporate
C04958,Customer 4958,customer4958@example.com,Mumbai,Maharashtra,2025-01-29,Consumer
C04959,Customer 4959,customer4959@example.com,Bengaluru,Karnataka,2025-09-20,Small Business
C04960,Customer 4960,customer4960@example.com,Delhi,Delhi,2024-11-27,Consumer
C04961,Customer 4961,customer4961@example.com,Kolkata,West Bengal,2026-04-25,Consumer
C04962,Customer 4962,customer4962@example.com,Pune,Maharashtra,2025-07-15,Consumer
C04963,Customer 4963,customer4963@example.com,Bengaluru,Karnataka,2024-01-27,Corporate
C04964,Customer 4964,customer4964@example.com,Pune,Maharashtra,2026-05-03,Small Business
C04965,Customer 4965,,Pune,Maharashtra,2024-09-08,Consumer
C04966,Customer 4966,customer4966@example.com,Kolkata,West Bengal,2025-10-25,Consumer
C04967,Customer 4967,customer4967@example.com,Mumbai,Maharashtra,2024-01-13,Corporate
C04968,Customer 4968,customer4968@example.com,Pune,Maharashtra,2024-01-22,Small Business
C04969,Customer 4969,customer4969@example.com,Kolkata,West Bengal,2026-05-08,Corporate
C04970,Customer 4970,customer4970@example.com,Chennai,Tamil Nadu,2025-07-23,Small Business
C04971,Customer 4971,customer4971@example.com,Ahmedabad,Gujarat,2024-07-15,Corporate
C04972,Customer 4972,customer4972@example.com,Mumbai,Maharashtra,2026-05-18,Small Business
C04973,Customer 4973,customer4973@example.com,Ahmedabad,Gujarat,2025-02-13,Small Business
C04974,Customer 4974,customer4974@example.com,Ahmedabad,Gujarat,2025-01-31,Small Business
C04975,Customer 4975,customer4975@example.com,Bengaluru,Karnataka,2025-12-24,Corporate
C04976,Customer 4976,customer4976@example.com,Bengaluru,Karnataka,2025-03-17,Corporate
C04977,Customer 4977,customer4977@example.com,Hyderabad,Telangana,2024-08-28,Corporate
C04978,Customer 4978,customer4978@example.com,Jaipur,Rajasthan,2024-12-31,Consumer
C04979,Customer 4979,customer4979@example.com,Mumbai,Maharashtra,2024-11-25,Small Business
C04980,Customer 4980,customer4980@example.com,Pune,Maharashtra,2026-03-25,Small Business
C04981,Customer 4981,customer4981@example.com,Ahmedabad,Gujarat,2024-05-11,Consumer
C04982,Customer 4982,customer4982@example.com,Jaipur,Rajasthan,2025-12-26,Corporate
C04983,Customer 4983,customer4983@example.com,Jaipur,Rajasthan,2024-11-17,Consumer
C04984,Customer 4984,customer4984@example.com,Ahmedabad,Gujarat,2024-08-21,Small Business
C04985,Customer 4985,customer4985@example.com,Hyderabad,Telangana,2026-01-04,Small Business
C04986,Customer 4986,customer4986@example.com,Jaipur,Rajasthan,2026-04-20,Consumer
C04987,Customer 4987,customer4987@example.com,Kolkata,West Bengal,2024-10-02,Small Business
C04988,Customer 4988,customer4988@example.com,Panipat,Haryana,2025-04-16,Small Business
C04989,Customer 4989,customer4989@example.com,Kolkata,West Bengal,2025-05-24,Small Business
C04990,Customer 4990,customer4990@example.com,Chennai,Tamil Nadu,2024-03-07,Consumer
C04991,Customer 4991,customer4991@example.com,Panipat,Haryana,2025-07-27,Corporate
C04992,Customer 4992,customer4992@example.com,Jaipur,Rajasthan,2025-10-27,Consumer
C04993,Customer 4993,customer4993@example.com,Hyderabad,Telangana,2025-05-03,Small Business
C04994,Customer 4994,customer4994@example.com,Mumbai,Maharashtra,2024-03-06,Small Business
C04995,Customer 4995,customer4995@example.com,Hyderabad,Telangana,2024-03-07,Small Business
C04996,Customer 4996,customer4996@example.com,Bengaluru,Karnataka,2025-08-06,Corporate
C04997,Customer 4997,customer4997@example.com,Panipat,Haryana,2025-12-31,Small Business
C04998,Customer 4998,customer4998@example.com,Kolkata,West Bengal,2025-03-17,Small Business
C04999,Customer 4999,customer4999@example.com,Mumbai,Maharashtra,2025-02-09,Consumer
C05000,Customer 5000,customer5000@example.com,Kolkata,West Bengal,2024-11-13,Small Business
C05001,Customer 5001,customer5001@example.com,Bengaluru,Karnataka,2024-12-04,Consumer
C05002,Customer 5002,customer5002@example.com,Ahmedabad,Gujarat,2026-03-28,Small Business
C05003,Customer 5003,customer5003@example.com,Chennai,Tamil Nadu,2024-05-27,Small Business
C05004,Customer 5004,customer5004@example.com,Ahmedabad,Gujarat,2024-11-18,Consumer
C05005,Customer 5005,customer5005@example.com,Ahmedabad,Gujarat,2024-02-24,Small Business
C05006,Customer 5006,customer5006@example.com,Hyderabad,Telangana,2025-08-24,Consumer
C05007,Customer 5007,customer5007@example.com,Delhi,Delhi,2025-09-20,Consumer
C05008,Customer 5008,customer5008@example.com,Jaipur,Rajasthan,2025-02-27,Small Business
C05009,Customer 5009,customer5009@example.com,Mumbai,Maharashtra,2026-01-20,Consumer
C05010,Customer 5010,customer5010@example.com,Pune,Maharashtra,2025-09-07,Consumer
C05011,Customer 5011,customer5011@example.com,Mumbai,Maharashtra,2024-01-31,Small Business
C05012,Customer 5012,customer5012@example.com,Kolkata,West Bengal,2026-01-16,Consumer
C05013,Customer 5013,customer5013@example.com,Hyderabad,Telangana,2024-04-01,Consumer
C05014,Customer 5014,customer5014@example.com,Chennai,Tamil Nadu,2025-08-10,Small Business
C05015,Customer 5015,customer5015@example.com,Chennai,Tamil Nadu,2026-04-04,Corporate
C05016,Customer 5016,customer5016@example.com,Chennai,Tamil Nadu,2025-12-14,Corporate
C05017,Customer 5017,customer5017@example.com,Mumbai,Maharashtra,2026-05-17,Corporate
C05018,Customer 5018,customer5018@example.com,Mumbai,Maharashtra,2024-04-08,Corporate
C05019,Customer 5019,customer5019@example.com,Hyderabad,Telangana,2024-06-30,Small Business
C05020,Customer 5020,,Chennai,Tamil Nadu,2026-06-19,Corporate
C05021,Customer 5021,customer5021@example.com,Kolkata,West Bengal,2024-04-02,Consumer
C05022,Customer 5022,customer5022@example.com,Bengaluru,Karnataka,2025-02-15,Consumer
C05023,Customer 5023,customer5023@example.com,Pune,Maharashtra,2024-12-25,Small Business
C05024,Customer 5024,customer5024@example.com,Delhi,Delhi,2024-12-13,Corporate
C05025,Customer 5025,customer5025@example.com,Delhi,Delhi,2025-06-20,Corporate
C05026,Customer 5026,customer5026@example.com,Panipat,Haryana,2026-06-19,Small Business
C05027,Customer 5027,customer5027@example.com,Panipat,Haryana,2025-07-24,Consumer
C05028,Customer 5028,customer5028@example.com,Hyderabad,Telangana,2024-04-07,Consumer
C05029,Customer 5029,customer5029@example.com,Panipat,Haryana,2025-06-25,Consumer
C05030,Customer 5030,customer5030@example.com,Panipat,Haryana,2024-11-30,Corporate
C05031,Customer 5031,customer5031@example.com,Bengaluru,Karnataka,2024-01-29,Small Business
C05032,Customer 5032,customer5032@example.com,Ahmedabad,Gujarat,2025-01-18,Consumer
C05033,Customer 5033,customer5033@example.com,Mumbai,Maharashtra,2024-07-12,Small Business
C05034,Customer 5034,customer5034@example.com,Ahmedabad,Gujarat,2025-05-25,Consumer
C05035,Customer 5035,customer5035@example.com,Jaipur,Rajasthan,2024-08-11,Corporate
C05036,Customer 5036,customer5036@example.com,Delhi,Delhi,2026-06-12,Small Business
C05037,Customer 5037,customer5037@example.com,Mumbai,Maharashtra,2025-09-06,Corporate
C05038,Customer 5038,customer5038@example.com,Ahmedabad,Gujarat,2024-06-30,Corporate
C05039,Customer 5039,customer5039@example.com,Mumbai,Maharashtra,2025-06-03,
C05040,Customer 5040,customer5040@example.com,Kolkata,West Bengal,2024-02-01,Small Business
C05041,Customer 5041,customer5041@example.com,Panipat,Haryana,2025-07-04,Consumer
C05042,Customer 5042,customer5042@example.com,Bengaluru,Karnataka,2024-10-25,Consumer
C05043,Customer 5043,customer5043@example.com,Hyderabad,Telangana,2025-11-30,Consumer
C05044,Customer 5044,customer5044@example.com,Ahmedabad,Gujarat,2025-06-14,Consumer
C05045,Customer 5045,customer5045@example.com,Delhi,Delhi,2025-05-24,Consumer
C05046,Customer 5046,customer5046@example.com,Ahmedabad,Gujarat,2024-06-07,Small Business
C05047,Customer 5047,customer5047@example.com,Hyderabad,Telangana,2025-04-10,Small Business
C05048,Customer 5048,customer5048@example.com,Jaipur,Rajasthan,2026-05-01,Corporate
C05049,Customer 5049,customer5049@example.com,Kolkata,West Bengal,2024-04-29,Small Business
C05050,Customer 5050,customer5050@example.com,Jaipur,Rajasthan,2024-03-08,Corporate
C05051,Customer 5051,customer5051@example.com,Pune,Maharashtra,2025-01-09,Consumer
C05052,Customer 5052,customer5052@example.com,Pune,Maharashtra,2026-04-17,Corporate
C05053,Customer 5053,customer5053@example.com,Pune,Maharashtra,2026-03-24,Corporate
C05054,Customer 5054,customer5054@example.com,PANIPAT,Haryana,2025-01-01,Consumer
C05055,Customer 5055,customer5055@example.com,Kolkata,West Bengal,2026-04-10,Small Business
C05056,Customer 5056,customer5056@example.com,Ahmedabad,Gujarat,2024-04-11,Small Business
C05057,Customer 5057,customer5057@example.com,Delhi,Delhi,2025-11-10,Small Business
C05058,Customer 5058,customer5058@example.com,Hyderabad,Telangana,2025-06-23,Small Business
C05059,Customer 5059,customer5059@example.com,Ahmedabad,Gujarat,2025-12-20,Small Business
C05060,Customer 5060,customer5060@example.com,Jaipur,Rajasthan,2025-02-07,Small Business
C05061,Customer 5061,customer5061@example.com,Pune,Maharashtra,2024-10-16,Corporate
C05062,Customer 5062,,Mumbai,Maharashtra,2025-04-03,Consumer
C05063,Customer 5063,customer5063@example.com,Bengaluru,Karnataka,2025-10-03,Corporate
C05064,Customer 5064,customer5064@example.com,Chennai,Tamil Nadu,2025-03-21,Corporate
C05065,Customer 5065,customer5065@example.com,Delhi,Delhi,2025-05-17,Consumer
C05066,Customer 5066,customer5066@example.com,Kolkata,West Bengal,2024-04-16,Corporate
C05067,Customer 5067,customer5067@example.com,Jaipur,Rajasthan,2025-05-10,Small Business
C05068,Customer 5068,customer5068@example.com,Chennai,Tamil Nadu,2024-11-09,Corporate
C05069,Customer 5069,customer5069@example.com,Bengaluru,Karnataka,2026-02-28,Small Business
C05070,Customer 5070,customer5070@example.com,Panipat,Haryana,2025-06-24,Consumer
C05071,Customer 5071,customer5071@example.com,Pune,Maharashtra,2024-04-01,Corporate
C05072,Customer 5072,customer5072@example.com,Ahmedabad,Gujarat,2026-02-04,Small Business
C05073,Customer 5073,customer5073@example.com,Jaipur,Rajasthan,2024-06-26,Small Business
C05074,Customer 5074,customer5074@example.com,Hyderabad,Telangana,2026-01-26,Consumer
C05075,Customer 5075,customer5075@example.com,Jaipur,Rajasthan,2024-01-29,Consumer
C05076,Customer 5076,customer5076@example.com,Bengaluru,Karnataka,2025-01-29,Consumer
C05077,Customer 5077,customer5077@example.com,Hyderabad,Telangana,2025-07-04,Consumer
C05078,Customer 5078,customer5078@example.com,Chennai,Tamil Nadu,2026-01-26,Small Business
C05079,Customer 5079,customer5079@example.com,Jaipur,Rajasthan,2026-05-19,Consumer
C05080,Customer 5080,customer5080@example.com,Jaipur,Rajasthan,2025-01-14,Small Business
C05081,Customer 5081,customer5081@example.com,Panipat,Haryana,2024-08-07,Consumer
C05082,Customer 5082,customer5082@example.com,Kolkata,West Bengal,2024-07-09,Consumer
C05083,Customer 5083,customer5083@example.com,Hyderabad,Telangana,2024-03-15,Small Business
C05084,Customer 5084,customer5084@example.com,Pune,Maharashtra,2025-05-22,Consumer
C05085,Customer 5085,customer5085@example.com,Ahmedabad,Gujarat,2025-10-17,Small Business
C05086,Customer 5086,customer5086@example.com,Panipat,Haryana,2024-02-16,Corporate
C05087,Customer 5087,customer5087@example.com,Pune,Maharashtra,2025-12-06,Consumer
C05088,Customer 5088,customer5088@example.com,Bengaluru,Karnataka,2024-01-05,Consumer
C05089,Customer 5089,customer5089@example.com,Hyderabad,Telangana,2024-06-30,Corporate
C05090,Customer 5090,customer5090@example.com,Pune,Maharashtra,2025-01-15,Corporate
C05091,Customer 5091,customer5091@example.com,Panipat,Haryana,2024-06-08,Consumer
C05092,Customer 5092,customer5092@example.com,Ahmedabad,Gujarat,2024-09-09,Small Business
C05093,Customer 5093,customer5093@example.com,Bengaluru,Karnataka,2025-03-08,Small Business
C05094,Customer 5094,customer5094@example.com,Ahmedabad,Gujarat,2025-12-28,Small Business
C05095,Customer 5095,customer5095@example.com,Bengaluru,Karnataka,2024-07-28,Small Business
C05096,Customer 5096,customer5096@example.com,Bengaluru,Karnataka,2025-02-23,Small Business
C05097,Customer 5097,customer5097@example.com,Panipat,Haryana,2025-03-01,Corporate
C05098,Customer 5098,customer5098@example.com,Chennai,Tamil Nadu,2024-10-11,Consumer
C05099,Customer 5099,customer5099@example.com,Kolkata,West Bengal,2024-09-16,Small Business
C05100,Customer 5100,customer5100@example.com,Panipat,Haryana,2025-10-03,Small Business
C05101,Customer 5101,customer5101@example.com,Chennai,Tamil Nadu,2024-02-12,Small Business
C05102,Customer 5102,customer5102@example.com,Kolkata,West Bengal,2024-05-11,Small Business
C05103,Customer 5103,customer5103@example.com,Pune,Maharashtra,2024-03-13,Small Business
C05104,Customer 5104,customer5104@example.com,Delhi,Delhi,2024-04-28,Consumer
C05105,Customer 5105,customer5105@example.com,Kolkata,West Bengal,2024-03-09,Consumer
C05106,Customer 5106,customer5106@example.com,JAIPUR,Rajasthan,2024-12-01,
C05107,Customer 5107,customer5107@example.com,Bengaluru,Karnataka,2025-11-28,Small Business
C05108,Customer 5108,customer5108@example.com,Chennai,Tamil Nadu,2024-10-18,Small Business
C05109,Customer 5109,customer5109@example.com,Bengaluru,Karnataka,2024-10-18,Small Business
C05110,Customer 5110,customer5110@example.com,Bengaluru,Karnataka,2024-04-21,Consumer
C05111,Customer 5111,customer5111@example.com,Chennai,Tamil Nadu,2026-04-22,Consumer
C05112,Customer 5112,customer5112@example.com,Delhi,Delhi,2025-07-22,Corporate
C05113,Customer 5113,customer5113@example.com,Pune,Maharashtra,2024-05-10,Small Business
C05114,Customer 5114,customer5114@example.com,Panipat,Haryana,2025-04-25,Corporate
C05115,Customer 5115,customer5115@example.com,Delhi,Delhi,2024-04-24,Consumer
C05116,Customer 5116,customer5116@example.com,Panipat,Haryana,2026-05-03,Corporate
C05117,Customer 5117,customer5117@example.com,Mumbai,Maharashtra,2024-03-26,Small Business
C05118,Customer 5118,customer5118@example.com,Delhi,Delhi,2024-09-04,Corporate
C05119,Customer 5119,customer5119@example.com,Ahmedabad,Gujarat,2025-01-14,Corporate
C05120,Customer 5120,customer5120@example.com,Mumbai,Maharashtra,2025-03-28,Small Business
C05121,Customer 5121,customer5121@example.com,Panipat,Haryana,2025-11-09,Small Business
C05122,Customer 5122,customer5122@example.com,Pune,Maharashtra,2026-02-25,Consumer
C05123,Customer 5123,customer5123@example.com,Hyderabad,Telangana,2024-02-14,Small Business
C05124,Customer 5124,customer5124@example.com,Panipat,Haryana,2024-06-05,Corporate
C05125,Customer 5125,customer5125@example.com,Bengaluru,Karnataka,2024-06-28,Corporate
C05126,Customer 5126,customer5126@example.com,Kolkata,West Bengal,2024-07-24,Small Business
C05127,Customer 5127,customer5127@example.com,Panipat,Haryana,2025-02-04,Corporate
C05128,Customer 5128,customer5128@example.com,Mumbai,Maharashtra,2024-10-25,Small Business
C05129,Customer 5129,customer5129@example.com,Delhi,Delhi,2024-08-18,Consumer
C05130,Customer 5130,customer5130@example.com,Pune,Maharashtra,2024-12-09,Small Business
C05131,Customer 5131,customer5131@example.com,Kolkata,West Bengal,2024-01-26,Corporate
C05132,Customer 5132,customer5132@example.com,Delhi,Delhi,2026-05-13,Consumer
C05133,Customer 5133,customer5133@example.com,Ahmedabad,Gujarat,2025-06-25,Corporate
C05134,Customer 5134,customer5134@example.com,Jaipur,Rajasthan,2024-06-13,Consumer
C05135,Customer 5135,customer5135@example.com,Jaipur,Rajasthan,2024-11-21,Consumer
C05136,Customer 5136,customer5136@example.com,Delhi,Delhi,2025-12-02,Consumer
C05137,Customer 5137,customer5137@example.com,Chennai,Tamil Nadu,2025-06-14,Small Business
C05138,Customer 5138,customer5138@example.com,Panipat,Haryana,2025-09-25,Small Business
C05139,Customer 5139,customer5139@example.com,Mumbai,Maharashtra,2026-01-11,Corporate
C05140,Customer 5140,customer5140@example.com,Hyderabad,Telangana,2024-02-09,Consumer
C05141,Customer 5141,customer5141@example.com,Delhi,Delhi,2025-12-01,Consumer
C05142,Customer 5142,customer5142@example.com,Panipat,Haryana,2025-01-25,Consumer
C05143,Customer 5143,customer5143@example.com,Ahmedabad,Gujarat,2024-02-29,Corporate
C05144,Customer 5144,customer5144@example.com,Ahmedabad,Gujarat,2024-05-02,Consumer
C05145,Customer 5145,customer5145@example.com,Panipat,Haryana,2025-07-31,Small Business
C05146,Customer 5146,customer5146@example.com,Delhi,Delhi,2024-01-21,Small Business
C05147,Customer 5147,customer5147@example.com,Kolkata,West Bengal,2025-08-08,Small Business
C05148,Customer 5148,customer5148@example.com,Chennai,Tamil Nadu,2024-10-16,Small Business
C05149,Customer 5149,customer5149@example.com,Ahmedabad,Gujarat,2025-01-31,Corporate
C05150,Customer 5150,customer5150@example.com,Pune,Maharashtra,2025-11-30,Corporate
C05151,Customer 5151,customer5151@example.com,Ahmedabad,Gujarat,2024-09-13,Corporate
C05152,Customer 5152,customer5152@example.com,Kolkata,West Bengal,2025-05-05,Consumer
C05153,Customer 5153,customer5153@example.com,Kolkata,West Bengal,2025-07-03,Corporate
C05154,Customer 5154,customer5154@example.com,Pune,Maharashtra,2024-05-27,Corporate
C05155,Customer 5155,customer5155@example.com,Mumbai,Maharashtra,2025-02-01,Corporate
C05156,Customer 5156,customer5156@example.com,Mumbai,Maharashtra,2025-01-11,Small Business
C05157,Customer 5157,customer5157@example.com,Panipat,Haryana,2025-03-18,Corporate
C05158,Customer 5158,customer5158@example.com,Mumbai,Maharashtra,2024-02-13,Corporate
C05159,Customer 5159,customer5159@example.com,Chennai,Tamil Nadu,2025-12-28,Small Business
C05160,Customer 5160,customer5160@example.com,Pune,Maharashtra,2025-02-15,Consumer
C05161,Customer 5161,customer5161@example.com,Hyderabad,Telangana,2024-08-01,Corporate
C05162,Customer 5162,customer5162@example.com,Chennai,Tamil Nadu,2025-03-03,Corporate
C05163,Customer 5163,customer5163@example.com,Kolkata,West Bengal,2025-03-30,Corporate
C05164,Customer 5164,customer5164@example.com,Kolkata,West Bengal,2025-01-07,Corporate
C05165,Customer 5165,customer5165@example.com,Hyderabad,Telangana,2025-11-12,Corporate
C05166,Customer 5166,customer5166@example.com,Mumbai,Maharashtra,2026-01-10,Small Business
C05167,Customer 5167,customer5167@example.com,Pune,Maharashtra,2024-09-08,Consumer
C05168,Customer 5168,customer5168@example.com,Pune,Maharashtra,2025-08-05,Consumer
C05169,Customer 5169,customer5169@example.com,Ahmedabad,Gujarat,2025-01-07,Corporate
C05170,Customer 5170,customer5170@example.com,Jaipur,Rajasthan,2026-06-02,Corporate
C05171,Customer 5171,customer5171@example.com,Hyderabad,Telangana,2025-10-21,Corporate
C05172,Customer 5172,customer5172@example.com,Pune,Maharashtra,2025-02-06,Consumer
C05173,Customer 5173,customer5173@example.com,Kolkata,West Bengal,2024-04-21,Small Business
C05174,Customer 5174,customer5174@example.com,Kolkata,West Bengal,2024-11-03,Small Business
C05175,Customer 5175,customer5175@example.com,Chennai,Tamil Nadu,2024-02-22,Consumer
C05176,Customer 5176,customer5176@example.com,Pune,Maharashtra,2024-12-11,Small Business
C05177,Customer 5177,customer5177@example.com,Mumbai,Maharashtra,2025-11-06,Corporate
C05178,Customer 5178,customer5178@example.com,Jaipur,Rajasthan,2025-03-18,Consumer
C05179,Customer 5179,customer5179@example.com,Kolkata,West Bengal,2024-01-25,Small Business
C05180,Customer 5180,customer5180@example.com,Pune,Maharashtra,2025-01-30,Small Business
C05181,Customer 5181,customer5181@example.com,Mumbai,Maharashtra,2024-10-06,Small Business
C05182,Customer 5182,customer5182@example.com,Ahmedabad,Gujarat,2026-02-26,Consumer
C05183,Customer 5183,customer5183@example.com,Chennai,Tamil Nadu,2025-08-11,Consumer
C05184,Customer 5184,customer5184@example.com,Mumbai,Maharashtra,2025-02-25,Corporate
C05185,Customer 5185,customer5185@example.com,Kolkata,West Bengal,2024-09-08,Small Business
C05186,Customer 5186,customer5186@example.com,Mumbai,Maharashtra,2026-02-19,Corporate
C05187,Customer 5187,customer5187@example.com,Hyderabad,Telangana,2025-09-17,Small Business
C05188,Customer 5188,customer5188@example.com,Jaipur,Rajasthan,2026-01-22,Small Business
C05189,Customer 5189,customer5189@example.com,Panipat,Haryana,2025-11-23,Consumer
C05190,Customer 5190,customer5190@example.com,Delhi,Delhi,2024-03-28,Consumer
C05191,Customer 5191,,Panipat,Haryana,2026-06-01,Consumer
C05192,Customer 5192,customer5192@example.com,Hyderabad,Telangana,2026-05-23,Consumer
C05193,Customer 5193,customer5193@example.com,Hyderabad,Telangana,2024-12-31,Consumer
C05194,Customer 5194,customer5194@example.com,Mumbai,Maharashtra,2024-08-06,Corporate
C05195,Customer 5195,customer5195@example.com,Delhi,Delhi,2025-01-06,Small Business
C05196,Customer 5196,customer5196@example.com,Hyderabad,Telangana,2025-08-20,Corporate
C05197,Customer 5197,customer5197@example.com,Kolkata,West Bengal,2024-12-12,Small Business
C05198,Customer 5198,customer5198@example.com,Mumbai,Maharashtra,2024-10-23,Corporate
C05199,Customer 5199,customer5199@example.com,Delhi,Delhi,2026-04-01,Small Business
C05200,Customer 5200,customer5200@example.com,Mumbai,Maharashtra,2024-06-04,Consumer
C05201,Customer 5201,customer5201@example.com,Chennai,Tamil Nadu,2024-05-01,Small Business
C05202,Customer 5202,customer5202@example.com,Ahmedabad,Gujarat,2025-02-23,Consumer
C05203,Customer 5203,customer5203@example.com,Jaipur,Rajasthan,2025-07-19,Small Business
C05204,Customer 5204,customer5204@example.com,Kolkata,West Bengal,2025-12-17,Corporate
C05205,Customer 5205,,Pune,Maharashtra,2024-04-26,Small Business
C05206,Customer 5206,customer5206@example.com,Mumbai,Maharashtra,2025-03-31,Consumer
C05207,Customer 5207,customer5207@example.com,Panipat,Haryana,2024-05-18,Corporate
C05208,Customer 5208,customer5208@example.com,Kolkata,West Bengal,2025-01-23,Corporate
C05209,Customer 5209,customer5209@example.com,Mumbai,Maharashtra,2026-02-24,Consumer
C05210,Customer 5210,customer5210@example.com,Ahmedabad,Gujarat,2025-12-05,Corporate
C05211,Customer 5211,customer5211@example.com,Kolkata,West Bengal,2025-08-21,Small Business
C05212,Customer 5212,customer5212@example.com,Mumbai,Maharashtra,2025-04-03,Consumer
C05213,Customer 5213,customer5213@example.com,Kolkata,West Bengal,2025-11-18,Small Business
C05214,Customer 5214,customer5214@example.com,Hyderabad,Telangana,2024-12-13,Consumer
C05215,Customer 5215,customer5215@example.com,Hyderabad,Telangana,2024-03-11,Consumer
C05216,Customer 5216,customer5216@example.com,Mumbai,Maharashtra,2025-10-01,Corporate
C05217,Customer 5217,customer5217@example.com,Chennai,Tamil Nadu,2024-06-02,Consumer
C05218,Customer 5218,customer5218@example.com,Pune,Maharashtra,2025-10-11,Corporate
C05219,Customer 5219,customer5219@example.com,BENGALURU,Karnataka,2025-12-29,Consumer
C05220,Customer 5220,,Hyderabad,Telangana,2025-09-09,Corporate
C05221,Customer 5221,customer5221@example.com,Panipat,Haryana,2025-09-28,Small Business
C05222,Customer 5222,customer5222@example.com,Chennai,Tamil Nadu,2024-06-22,Corporate
C05223,Customer 5223,customer5223@example.com,Bengaluru,Karnataka,2024-07-15,Small Business
C05224,Customer 5224,customer5224@example.com,Bengaluru,Karnataka,2025-06-16,Consumer
C05225,Customer 5225,customer5225@example.com,Kolkata,West Bengal,2024-11-22,Consumer
C05226,Customer 5226,customer5226@example.com,Panipat,Haryana,2025-10-26,Consumer
C05227,Customer 5227,customer5227@example.com,Bengaluru,Karnataka,2024-09-26,Corporate
C05228,Customer 5228,customer5228@example.com,Chennai,Tamil Nadu,2024-12-11,Consumer
C05229,Customer 5229,customer5229@example.com,Bengaluru,Karnataka,2026-02-06,Small Business
C05230,Customer 5230,customer5230@example.com,Kolkata,West Bengal,2025-11-06,Consumer
C05231,Customer 5231,customer5231@example.com,Hyderabad,Telangana,2025-07-18,Consumer
C05232,Customer 5232,customer5232@example.com,Mumbai,Maharashtra,2026-06-11,Small Business
C05233,Customer 5233,customer5233@example.com,Panipat,Haryana,2026-01-22,Small Business
C05234,Customer 5234,customer5234@example.com,Panipat,Haryana,2024-11-05,Corporate
C05235,Customer 5235,customer5235@example.com,Pune,Maharashtra,2025-04-26,Corporate
C05236,Customer 5236,customer5236@example.com,Chennai,Tamil Nadu,2024-02-06,Small Business
C05237,Customer 5237,customer5237@example.com,Bengaluru,Karnataka,2025-12-14,Corporate
C05238,Customer 5238,customer5238@example.com,Hyderabad,Telangana,2025-01-10,Small Business
C05239,Customer 5239,customer5239@example.com,Chennai,Tamil Nadu,2025-02-20,Small Business
C05240,Customer 5240,customer5240@example.com,Hyderabad,Telangana,2024-05-15,Corporate
C05241,Customer 5241,customer5241@example.com,Bengaluru,Karnataka,2025-07-19,Consumer
C05242,Customer 5242,customer5242@example.com,Kolkata,West Bengal,2024-10-15,Corporate
C05243,Customer 5243,customer5243@example.com,Delhi,Delhi,2025-04-05,Small Business
C05244,Customer 5244,customer5244@example.com,Delhi,Delhi,2026-04-04,Small Business
C05245,Customer 5245,customer5245@example.com,Hyderabad,Telangana,2026-06-01,Small Business
C05246,Customer 5246,customer5246@example.com,Delhi,Delhi,2024-01-24,Consumer
C05247,Customer 5247,customer5247@example.com,Delhi,Delhi,2024-09-05,Consumer
C05248,Customer 5248,customer5248@example.com,Mumbai,Maharashtra,2025-01-17,Consumer
C05249,Customer 5249,customer5249@example.com,Mumbai,Maharashtra,2025-08-08,Consumer
C05250,Customer 5250,customer5250@example.com,Delhi,Delhi,2026-06-03,Consumer
C05251,Customer 5251,customer5251@example.com,Panipat,Haryana,2026-01-10,Consumer
C05252,Customer 5252,customer5252@example.com,Hyderabad,Telangana,2026-06-10,Small Business
C05253,Customer 5253,customer5253@example.com,Delhi,Delhi,2024-06-08,Small Business
C05254,Customer 5254,invalid-email-5253,Kolkata,West Bengal,2025-10-08,Corporate
C05255,Customer 5255,customer5255@example.com,Delhi,Delhi,2025-09-19,Consumer
C05256,Customer 5256,customer5256@example.com,Panipat,Haryana,2025-12-22,Consumer
C05257,Customer 5257,customer5257@example.com,Pune,Maharashtra,2026-02-02,Consumer
C05258,Customer 5258,customer5258@example.com,Mumbai,Maharashtra,2024-04-03,Small Business
C05259,Customer 5259,customer5259@example.com,Delhi,Delhi,2024-01-04,Corporate
C05260,Customer 5260,customer5260@example.com,Pune,Maharashtra,2024-08-03,Consumer
C05261,Customer 5261,customer5261@example.com,Delhi,Delhi,2025-01-31,Corporate
C05262,Customer 5262,customer5262@example.com,Jaipur,Rajasthan,2024-07-16,Corporate
C05263,Customer 5263,customer5263@example.com,Pune,Maharashtra,2025-12-26,Corporate
C05264,Customer 5264,customer5264@example.com,Ahmedabad,Gujarat,2025-12-24,Consumer
C05265,Customer 5265,,Kolkata,West Bengal,2024-10-21,Small Business
C05266,Customer 5266,customer5266@example.com,Ahmedabad,Gujarat,2026-06-04,Consumer
C05267,Customer 5267,customer5267@example.com,Kolkata,West Bengal,2024-07-08,Small Business
C05268,Customer 5268,customer5268@example.com,Panipat,Haryana,2024-03-22,Consumer
C05269,Customer 5269,customer5269@example.com,Pune,Maharashtra,2024-09-26,Consumer
C05270,Customer 5270,customer5270@example.com,Jaipur,Rajasthan,2025-08-12,Consumer
C05271,Customer 5271,customer5271@example.com,Delhi,Delhi,2025-12-20,Consumer
C05272,Customer 5272,customer5272@example.com,Pune,Maharashtra,2024-07-10,Corporate
C05273,Customer 5273,customer5273@example.com,Pune,Maharashtra,2024-06-15,Corporate
C05274,Customer 5274,customer5274@example.com,Ahmedabad,Gujarat,2024-10-30,Small Business
C05275,Customer 5275,customer5275@example.com,Chennai,Tamil Nadu,2025-06-02,Small Business
C05276,Customer 5276,customer5276@example.com,Bengaluru,Karnataka,2024-08-11,Corporate
C05277,Customer 5277,customer5277@example.com,Bengaluru,Karnataka,2026-04-24,Corporate
C05278,Customer 5278,customer5278@example.com,Pune,Maharashtra,2025-06-27,Consumer
C05279,Customer 5279,customer5279@example.com,Bengaluru,Karnataka,2024-10-15,Consumer
C05280,Customer 5280,customer5280@example.com,Delhi,Delhi,2024-03-04,Consumer
C05281,Customer 5281,customer5281@example.com,Kolkata,West Bengal,2024-12-18,Small Business
C05282,Customer 5282,customer5282@example.com,Panipat,Haryana,2025-09-26,Corporate
C05283,Customer 5283,customer5283@example.com,Delhi,Delhi,2025-11-21,Small Business
C05284,Customer 5284,customer5284@example.com,Kolkata,West Bengal,2024-01-13,Small Business
C05285,Customer 5285,,Delhi,Delhi,2024-11-22,Small Business
C05286,Customer 5286,customer5286@example.com,Hyderabad,Telangana,2025-12-15,Small Business
C05287,Customer 5287,customer5287@example.com,Ahmedabad,Gujarat,2025-11-25,Consumer
C05288,Customer 5288,customer5288@example.com,Ahmedabad,Gujarat,2024-09-25,Small Business
C05289,Customer 5289,customer5289@example.com,Hyderabad,Telangana,2025-04-06,Corporate
C05290,Customer 5290,customer5290@example.com,Kolkata,West Bengal,2025-01-14,Corporate
C05291,Customer 5291,customer5291@example.com,Bengaluru,Karnataka,2026-02-20,
C05292,Customer 5292,customer5292@example.com,Hyderabad,Telangana,2025-07-13,Small Business
C05293,Customer 5293,customer5293@example.com,Pune,Maharashtra,2024-08-21,Small Business
C05294,Customer 5294,customer5294@example.com,Mumbai,Maharashtra,2024-02-13,Small Business
C05295,Customer 5295,customer5295@example.com,Hyderabad,Telangana,2025-02-23,Corporate
C05296,Customer 5296,customer5296@example.com,Kolkata,West Bengal,2024-11-28,Corporate
C05297,Customer 5297,customer5297@example.com,Kolkata,West Bengal,2026-06-08,Corporate
C05298,Customer 5298,customer5298@example.com,Kolkata,West Bengal,2024-06-05,Consumer
C05299,Customer 5299,customer5299@example.com,Chennai,Tamil Nadu,2025-03-05,Consumer
C05300,Customer 5300,customer5300@example.com,Mumbai,Maharashtra,2026-03-18,Corporate
C05301,Customer 5301,customer5301@example.com,Chennai,Tamil Nadu,2026-06-10,Small Business
C05302,Customer 5302,customer5302@example.com,Mumbai,Maharashtra,2025-02-13,Corporate
C05303,Customer 5303,customer5303@example.com,Panipat,Haryana,2025-03-20,Small Business
C05304,Customer 5304,customer5304@example.com,Mumbai,Maharashtra,2024-06-03,Small Business
C05305,Customer 5305,customer5305@example.com,Mumbai,Maharashtra,2024-08-10,Consumer
C05306,Customer 5306,customer5306@example.com,Panipat,Haryana,2025-02-04,Corporate
C05307,Customer 5307,customer5307@example.com,Mumbai,Maharashtra,2024-10-04,Corporate
C05308,Customer 5308,customer5308@example.com,Pune,Maharashtra,2024-01-23,Corporate
C05309,Customer 5309,customer5309@example.com,Chennai,Tamil Nadu,2024-06-11,Corporate
C05310,Customer 5310,customer5310@example.com,Jaipur,Rajasthan,2024-10-11,Consumer
C05311,Customer 5311,customer5311@example.com,Pune,Maharashtra,2025-05-13,Small Business
C05312,Customer 5312,customer5312@example.com,Kolkata,West Bengal,2025-03-19,Corporate
C05313,Customer 5313,customer5313@example.com,Mumbai,Maharashtra,2025-05-14,Small Business
C05314,Customer 5314,customer5314@example.com,Panipat,Haryana,2024-12-27,Consumer
C05315,Customer 5315,customer5315@example.com,Delhi,Delhi,2024-11-27,Small Business
C05316,Customer 5316,customer5316@example.com,Kolkata,West Bengal,2025-09-14,Corporate
C05317,Customer 5317,customer5317@example.com,Mumbai,Maharashtra,2024-08-28,Small Business
C05318,Customer 5318,customer5318@example.com,Kolkata,West Bengal,2026-04-02,Consumer
C05319,Customer 5319,customer5319@example.com,Chennai,Tamil Nadu,2025-05-17,Consumer
C05320,Customer 5320,customer5320@example.com,Bengaluru,Karnataka,2025-10-08,Consumer
C05321,Customer 5321,customer5321@example.com,Hyderabad,Telangana,2025-10-07,Corporate
C05322,Customer 5322,customer5322@example.com,Ahmedabad,Gujarat,2025-03-15,Small Business
C05323,Customer 5323,customer5323@example.com,Delhi,Delhi,2025-09-05,Consumer
C05324,Customer 5324,customer5324@example.com,Jaipur,Rajasthan,2024-10-15,Corporate
C05325,Customer 5325,customer5325@example.com,Hyderabad,Telangana,2026-04-06,Small Business
C05326,Customer 5326,customer5326@example.com,Mumbai,Maharashtra,2025-01-13,Small Business
C05327,Customer 5327,customer5327@example.com,Kolkata,West Bengal,2024-03-05,Consumer
C05328,Customer 5328,customer5328@example.com,Kolkata,West Bengal,2025-01-13,Corporate
C05329,Customer 5329,customer5329@example.com,Pune,Maharashtra,2024-08-02,Corporate
C05330,Customer 5330,customer5330@example.com,Pune,Maharashtra,2026-06-11,Corporate
C05331,Customer 5331,customer5331@example.com,Kolkata,West Bengal,2026-03-16,Corporate
C05332,Customer 5332,customer5332@example.com,Jaipur,Rajasthan,2024-12-14,Small Business
C05333,Customer 5333,customer5333@example.com,Hyderabad,Telangana,2025-12-16,Consumer
C05334,Customer 5334,customer5334@example.com,Mumbai,Maharashtra,2024-11-25,Small Business
C05335,Customer 5335,customer5335@example.com,Ahmedabad,Gujarat,2024-08-22,Small Business
C05336,Customer 5336,customer5336@example.com,Ahmedabad,Gujarat,2025-09-16,Consumer
C05337,Customer 5337,customer5337@example.com,Pune,Maharashtra,2025-05-15,Small Business
C05338,Customer 5338,customer5338@example.com,Kolkata,West Bengal,2024-01-20,Corporate
C05339,Customer 5339,customer5339@example.com,JAIPUR,Rajasthan,2024-04-07,Corporate
C05340,Customer 5340,customer5340@example.com,Mumbai,Maharashtra,2025-09-30,Corporate
C05341,Customer 5341,customer5341@example.com,Delhi,Delhi,2025-06-25,Corporate
C05342,Customer 5342,customer5342@example.com,Kolkata,West Bengal,2025-09-09,Small Business
C05343,Customer 5343,customer5343@example.com,Bengaluru,Karnataka,2024-03-09,Corporate
C05344,Customer 5344,customer5344@example.com,Chennai,Tamil Nadu,2026-03-07,Consumer
C05345,Customer 5345,customer5345@example.com,Bengaluru,Karnataka,2025-12-29,Consumer
C05346,Customer 5346,customer5346@example.com,Hyderabad,Telangana,2026-05-18,Consumer
C05347,Customer 5347,customer5347@example.com,Kolkata,West Bengal,2024-09-09,Consumer
C05348,Customer 5348,customer5348@example.com,Panipat,Haryana,2024-12-01,Corporate
C05349,Customer 5349,customer5349@example.com,Ahmedabad,Gujarat,2025-05-09,Small Business
C05350,Customer 5350,customer5350@example.com,Mumbai,Maharashtra,2026-03-13,Corporate
C05351,Customer 5351,customer5351@example.com,Hyderabad,Telangana,2025-05-11,Corporate
C05352,Customer 5352,customer5352@example.com,Ahmedabad,Gujarat,2025-07-03,Consumer
C05353,Customer 5353,customer5353@example.com,Pune,Maharashtra,2025-09-03,Small Business
C05354,Customer 5354,customer5354@example.com,Delhi,Delhi,2024-10-29,Small Business
C05355,Customer 5355,customer5355@example.com,Panipat,Haryana,2026-01-23,Consumer
C05356,Customer 5356,customer5356@example.com,Jaipur,Rajasthan,2026-03-29,Small Business
C05357,Customer 5357,customer5357@example.com,Bengaluru,Karnataka,2024-09-11,Corporate
C05358,Customer 5358,customer5358@example.com,Chennai,Tamil Nadu,2025-12-18,Consumer
C05359,Customer 5359,customer5359@example.com,Bengaluru,Karnataka,2024-09-24,Consumer
C05360,Customer 5360,customer5360@example.com,Mumbai,Maharashtra,2024-10-30,Consumer
C05361,Customer 5361,customer5361@example.com,Panipat,Haryana,2025-10-29,Small Business
C05362,Customer 5362,customer5362@example.com,Chennai,Tamil Nadu,2024-03-21,Corporate
C05363,Customer 5363,customer5363@example.com,Kolkata,West Bengal,2026-03-05,Consumer
C05364,Customer 5364,customer5364@example.com,Kolkata,West Bengal,2025-10-02,Corporate
C05365,Customer 5365,customer5365@example.com,Jaipur,Rajasthan,2024-06-09,Small Business
C05366,Customer 5366,customer5366@example.com,Kolkata,West Bengal,2026-02-15,Corporate
C05367,Customer 5367,customer5367@example.com,Delhi,Delhi,2024-10-07,Corporate
C05368,Customer 5368,customer5368@example.com,Bengaluru,Karnataka,2024-07-21,Small Business
C05369,Customer 5369,customer5369@example.com,Ahmedabad,Gujarat,2025-04-09,Corporate
C05370,Customer 5370,customer5370@example.com,Mumbai,Maharashtra,2025-08-23,Consumer
C05371,Customer 5371,customer5371@example.com,Hyderabad,Telangana,2024-01-18,Consumer
C05372,Customer 5372,customer5372@example.com,Panipat,Haryana,2026-06-07,Corporate
C05373,Customer 5373,customer5373@example.com,Jaipur,Rajasthan,2025-05-03,Corporate
C05374,Customer 5374,customer5374@example.com,Mumbai,Maharashtra,2024-11-18,Small Business
C05375,Customer 5375,customer5375@example.com,Chennai,Tamil Nadu,2025-07-17,Consumer
C05376,Customer 5376,customer5376@example.com,Chennai,Tamil Nadu,2025-10-23,Corporate
C05377,Customer 5377,customer5377@example.com,Chennai,Tamil Nadu,2024-07-01,Corporate
C05378,Customer 5378,customer5378@example.com,Ahmedabad,Gujarat,2026-05-06,Consumer
C05379,Customer 5379,customer5379@example.com,Bengaluru,Karnataka,2024-11-27,Small Business
C05380,Customer 5380,customer5380@example.com,Ahmedabad,Gujarat,2024-02-10,Small Business
C05381,Customer 5381,customer5381@example.com,Panipat,Haryana,2026-01-10,Small Business
C05382,Customer 5382,customer5382@example.com,Mumbai,Maharashtra,2025-05-23,Consumer
C05383,Customer 5383,customer5383@example.com,Delhi,Delhi,2024-05-23,Consumer
C05384,Customer 5384,customer5384@example.com,Delhi,Delhi,2025-06-19,Consumer
C05385,Customer 5385,customer5385@example.com,Pune,Maharashtra,2024-04-04,Corporate
C05386,Customer 5386,customer5386@example.com,Hyderabad,Telangana,2024-12-12,Consumer
C05387,Customer 5387,customer5387@example.com,Chennai,Tamil Nadu,2024-12-17,Consumer
C05388,Customer 5388,customer5388@example.com,Kolkata,West Bengal,2025-02-14,Small Business
C05389,Customer 5389,customer5389@example.com,Panipat,Haryana,2025-06-21,Corporate
C05390,Customer 5390,customer5390@example.com,Chennai,Tamil Nadu,2025-12-12,Consumer
C05391,Customer 5391,customer5391@example.com,Jaipur,Rajasthan,2026-04-22,Consumer
C05392,Customer 5392,customer5392@example.com,Pune,Maharashtra,2025-04-04,Consumer
C05393,Customer 5393,customer5393@example.com,Delhi,Delhi,2026-02-20,Corporate
C05394,Customer 5394,customer5394@example.com,Pune,Maharashtra,2024-09-02,Consumer
C05395,Customer 5395,customer5395@example.com,Jaipur,Rajasthan,2024-01-25,Consumer
C05396,Customer 5396,customer5396@example.com,Pune,Maharashtra,2025-05-05,Consumer
C05397,Customer 5397,customer5397@example.com,Panipat,Haryana,2024-08-12,Consumer
C05398,Customer 5398,customer5398@example.com,Mumbai,Maharashtra,2026-06-10,Consumer
C05399,Customer 5399,customer5399@example.com,Jaipur,Rajasthan,2024-11-23,Corporate
C05400,Customer 5400,customer5400@example.com,Chennai,Tamil Nadu,2026-02-13,Small Business
C05401,Customer 5401,customer5401@example.com,Chennai,Tamil Nadu,2024-01-20,Small Business
C05402,Customer 5402,customer5402@example.com,Bengaluru,Karnataka,2025-05-19,Consumer
C05403,Customer 5403,customer5403@example.com,Chennai,Tamil Nadu,2025-07-17,Consumer
C05404,Customer 5404,customer5404@example.com,Panipat,Haryana,2024-07-23,Small Business
C05405,Customer 5405,customer5405@example.com,Panipat,Haryana,2024-08-01,Consumer
C05406,Customer 5406,customer5406@example.com,Ahmedabad,Gujarat,2025-05-18,Consumer
C05407,Customer 5407,customer5407@example.com,Hyderabad,Telangana,2025-12-19,Consumer
C05408,Customer 5408,customer5408@example.com,Ahmedabad,Gujarat,2025-01-11,Small Business
C05409,Customer 5409,customer5409@example.com,Mumbai,Maharashtra,2025-02-10,Consumer
C05410,Customer 5410,customer5410@example.com,Mumbai,Maharashtra,2025-07-03,Consumer
C05411,Customer 5411,customer5411@example.com,Ahmedabad,Gujarat,2024-10-15,Corporate
C05412,Customer 5412,customer5412@example.com,Jaipur,Rajasthan,2025-01-18,Small Business
C05413,Customer 5413,customer5413@example.com,Chennai,Tamil Nadu,2024-06-12,Consumer
C05414,Customer 5414,customer5414@example.com,Ahmedabad,Gujarat,2024-09-19,Corporate
C05415,Customer 5415,customer5415@example.com,Pune,Maharashtra,2024-11-30,Corporate
C05416,Customer 5416,customer5416@example.com,Chennai,Tamil Nadu,2024-05-02,Small Business
C05417,Customer 5417,customer5417@example.com,Bengaluru,Karnataka,2025-04-07,Consumer
C05418,Customer 5418,customer5418@example.com,Kolkata,West Bengal,2025-09-09,Small Business
C05419,Customer 5419,customer5419@example.com,Jaipur,Rajasthan,2026-02-27,Corporate
C05420,Customer 5420,customer5420@example.com,Pune,Maharashtra,2024-07-08,Consumer
C05421,Customer 5421,customer5421@example.com,Panipat,Haryana,2025-01-31,Consumer
C05422,Customer 5422,customer5422@example.com,Pune,Maharashtra,2024-07-23,Small Business
C05423,Customer 5423,customer5423@example.com,Bengaluru,Karnataka,2026-05-02,Small Business
C05424,Customer 5424,customer5424@example.com,Pune,Maharashtra,2025-08-30,Corporate
C05425,Customer 5425,customer5425@example.com,Hyderabad,Telangana,2025-04-19,Consumer
C05426,Customer 5426,customer5426@example.com,Pune,Maharashtra,2025-08-03,Corporate
C05427,Customer 5427,customer5427@example.com,Pune,Maharashtra,2025-06-07,Consumer
C05428,Customer 5428,customer5428@example.com,Bengaluru,Karnataka,2024-01-13,Consumer
C05429,Customer 5429,customer5429@example.com,Mumbai,Maharashtra,2026-05-31,Corporate
C05430,Customer 5430,customer5430@example.com,Pune,Maharashtra,2025-05-26,Small Business
C05431,Customer 5431,customer5431@example.com,Chennai,Tamil Nadu,2026-01-07,Corporate
C05432,Customer 5432,customer5432@example.com,Kolkata,West Bengal,2025-02-04,Small Business
C05433,Customer 5433,customer5433@example.com,Mumbai,Maharashtra,2025-05-18,Corporate
C05434,Customer 5434,customer5434@example.com,Jaipur,Rajasthan,2025-09-03,Corporate
C05435,Customer 5435,customer5435@example.com,Pune,Maharashtra,2024-03-20,Small Business
C05436,Customer 5436,customer5436@example.com,Delhi,Delhi,2024-01-01,Consumer
C05437,Customer 5437,customer5437@example.com,Ahmedabad,Gujarat,2024-02-21,Consumer
C05438,Customer 5438,customer5438@example.com,Bengaluru,Karnataka,2024-01-01,Corporate
C05439,Customer 5439,customer5439@example.com,Kolkata,West Bengal,2025-01-25,Small Business
C05440,Customer 5440,customer5440@example.com,Ahmedabad,Gujarat,2024-06-12,Consumer
C05441,Customer 5441,customer5441@example.com,Panipat,Haryana,2025-01-11,Consumer
C05442,Customer 5442,customer5442@example.com,Pune,Maharashtra,2025-03-09,Small Business
C05443,Customer 5443,customer5443@example.com,Hyderabad,Telangana,2024-03-18,Corporate
C05444,Customer 5444,customer5444@example.com,Chennai,Tamil Nadu,2025-10-31,Consumer
C05445,Customer 5445,customer5445@example.com,Bengaluru,Karnataka,2026-02-27,Consumer
C05446,Customer 5446,customer5446@example.com,Delhi,Delhi,2024-11-05,Consumer
C05447,Customer 5447,customer5447@example.com,Bengaluru,Karnataka,2025-04-12,Consumer
C05448,Customer 5448,customer5448@example.com,Delhi,Delhi,2025-10-13,Small Business
C05449,Customer 5449,customer5449@example.com,Panipat,Haryana,2025-05-02,Consumer
C05450,Customer 5450,customer5450@example.com,Panipat,Haryana,2024-04-25,Consumer
C05451,Customer 5451,customer5451@example.com,Pune,Maharashtra,2025-04-11,Small Business
C05452,Customer 5452,customer5452@example.com,Jaipur,Rajasthan,2024-10-06,Corporate
C05453,Customer 5453,customer5453@example.com,Panipat,Haryana,2025-12-20,Small Business
C05454,Customer 5454,,Kolkata,West Bengal,2024-03-05,Small Business
C05455,Customer 5455,customer5455@example.com,Mumbai,Maharashtra,2024-08-08,Consumer
C05456,Customer 5456,customer5456@example.com,Chennai,Tamil Nadu,2025-11-25,Corporate
C05457,Customer 5457,customer5457@example.com,Panipat,Haryana,2024-02-08,
C05458,Customer 5458,customer5458@example.com,Chennai,Tamil Nadu,2026-04-30,Corporate
C05459,Customer 5459,customer5459@example.com,Chennai,Tamil Nadu,2024-06-28,Consumer
C05460,Customer 5460,customer5460@example.com,Ahmedabad,Gujarat,2024-02-15,Small Business
C05461,Customer 5461,customer5461@example.com,Delhi,Delhi,2026-02-27,Corporate
C05462,Customer 5462,customer5462@example.com,Bengaluru,Karnataka,2026-01-06,Corporate
C05463,Customer 5463,customer5463@example.com,Pune,Maharashtra,2026-04-01,Corporate
C05464,Customer 5464,customer5464@example.com,Panipat,Haryana,2025-11-18,Corporate
C05465,Customer 5465,,Pune,Maharashtra,2024-08-28,Small Business
C05466,Customer 5466,customer5466@example.com,Kolkata,West Bengal,2026-04-09,Consumer
C05467,Customer 5467,customer5467@example.com,Panipat,Haryana,2026-06-13,Small Business
C05468,Customer 5468,customer5468@example.com,Chennai,Tamil Nadu,2025-07-26,Small Business
C05469,Customer 5469,customer5469@example.com,Kolkata,West Bengal,2026-03-21,Consumer
C05470,Customer 5470,customer5470@example.com,Panipat,Haryana,2024-10-20,Corporate
C05471,Customer 5471,customer5471@example.com,Delhi,Delhi,2025-09-04,Corporate
C05472,Customer 5472,customer5472@example.com,Kolkata,West Bengal,2026-04-20,Corporate
C05473,Customer 5473,customer5473@example.com,Jaipur,Rajasthan,2024-06-16,Corporate
C05474,Customer 5474,customer5474@example.com,Hyderabad,Telangana,2026-01-13,Small Business
C05475,Customer 5475,customer5475@example.com,JAIPUR,Rajasthan,2024-05-29,Corporate
C05476,Customer 5476,customer5476@example.com,Hyderabad,Telangana,2025-02-20,Consumer
C05477,Customer 5477,customer5477@example.com,Ahmedabad,Gujarat,2025-02-15,Corporate
C05478,Customer 5478,customer5478@example.com,Kolkata,West Bengal,2024-12-21,Corporate
C05479,Customer 5479,customer5479@example.com,Mumbai,Maharashtra,2026-04-13,Small Business
C05480,Customer 5480,customer5480@example.com,Kolkata,West Bengal,2025-11-22,Small Business
C05481,Customer 5481,customer5481@example.com,Chennai,Tamil Nadu,2025-01-03,
C05482,Customer 5482,customer5482@example.com,Delhi,Delhi,2025-09-08,Corporate
C05483,Customer 5483,customer5483@example.com,Mumbai,Maharashtra,2024-12-06,Corporate
C05484,Customer 5484,customer5484@example.com,Kolkata,West Bengal,2025-04-06,Small Business
C05485,Customer 5485,customer5485@example.com,Mumbai,Maharashtra,2024-02-13,Corporate
C05486,Customer 5486,customer5486@example.com,Jaipur,Rajasthan,2026-05-30,Small Business
C05487,Customer 5487,customer5487@example.com,Mumbai,Maharashtra,2025-09-05,Corporate
C05488,Customer 5488,customer5488@example.com,Jaipur,Rajasthan,2025-10-09,Small Business
C05489,Customer 5489,customer5489@example.com,Mumbai,Maharashtra,2026-05-21,Small Business
C05490,Customer 5490,customer5490@example.com,Mumbai,Maharashtra,2026-04-15,Consumer
C05491,Customer 5491,customer5491@example.com,Chennai,Tamil Nadu,2024-03-24,Corporate
C05492,Customer 5492,customer5492@example.com,Delhi,Delhi,2025-05-28,Small Business
C05493,Customer 5493,customer5493@example.com,Panipat,Haryana,2025-06-16,Consumer
C05494,Customer 5494,customer5494@example.com,Ahmedabad,Gujarat,2024-01-05,Corporate
C05495,Customer 5495,customer5495@example.com,Jaipur,Rajasthan,2025-11-11,Consumer
C05496,Customer 5496,customer5496@example.com,Pune,Maharashtra,2025-12-01,Small Business
C05497,Customer 5497,customer5497@example.com,Hyderabad,Telangana,2025-05-15,Consumer
C05498,Customer 5498,customer5498@example.com,Hyderabad,Telangana,2026-01-19,Corporate
C05499,Customer 5499,customer5499@example.com,Jaipur,Rajasthan,2025-02-08,Small Business
C05500,Customer 5500,customer5500@example.com,Chennai,Tamil Nadu,2024-08-12,Small Business
C05501,Customer 5501,customer5501@example.com,Hyderabad,Telangana,2026-02-06,Corporate
C05502,Customer 5502,customer5502@example.com,Delhi,Delhi,2024-08-19,Small Business
C05503,Customer 5503,customer5503@example.com,Kolkata,West Bengal,2024-06-08,Small Business
C05504,Customer 5504,customer5504@example.com,Pune,Maharashtra,2026-01-03,Consumer
C05505,Customer 5505,customer5505@example.com,Jaipur,Rajasthan,2026-03-30,Consumer
C05506,Customer 5506,customer5506@example.com,Kolkata,West Bengal,2024-05-27,Consumer
C05507,Customer 5507,customer5507@example.com,Bengaluru,Karnataka,2024-09-04,Corporate
C05508,Customer 5508,customer5508@example.com,Bengaluru,Karnataka,2026-04-25,Consumer
C05509,Customer 5509,customer5509@example.com,Jaipur,Rajasthan,2025-10-15,Consumer
C05510,Customer 5510,customer5510@example.com,Pune,Maharashtra,2024-01-25,Consumer
C05511,Customer 5511,customer5511@example.com,Panipat,Haryana,2024-10-29,Consumer
C05512,Customer 5512,customer5512@example.com,Pune,Maharashtra,2024-07-09,Small Business
C05513,Customer 5513,customer5513@example.com,Delhi,Delhi,2024-03-09,Corporate
C05514,Customer 5514,customer5514@example.com,Kolkata,West Bengal,2024-05-01,Corporate
C05515,Customer 5515,customer5515@example.com,Hyderabad,Telangana,2025-11-08,Corporate
C05516,Customer 5516,customer5516@example.com,Panipat,Haryana,2025-12-15,Small Business
C05517,Customer 5517,customer5517@example.com,Bengaluru,Karnataka,2024-12-17,Corporate
C05518,Customer 5518,customer5518@example.com,Hyderabad,Telangana,2024-08-01,Corporate
C05519,Customer 5519,customer5519@example.com,Chennai,Tamil Nadu,2025-09-26,Small Business
C05520,Customer 5520,,Kolkata,West Bengal,2025-10-12,Small Business
C05521,Customer 5521,customer5521@example.com,Ahmedabad,Gujarat,2024-02-12,Small Business
C05522,Customer 5522,customer5522@example.com,Kolkata,West Bengal,2024-02-02,Corporate
C05523,Customer 5523,customer5523@example.com,Hyderabad,Telangana,2024-12-25,Consumer
C05524,Customer 5524,customer5524@example.com,Bengaluru,Karnataka,2025-12-18,Corporate
C05525,Customer 5525,customer5525@example.com,Chennai,Tamil Nadu,2026-02-09,Small Business
C05526,Customer 5526,customer5526@example.com,Delhi,Delhi,2025-03-08,Small Business
C05527,Customer 5527,customer5527@example.com,Ahmedabad,Gujarat,2025-09-27,Corporate
C05528,Customer 5528,customer5528@example.com,Kolkata,West Bengal,2024-01-28,Corporate
C05529,Customer 5529,customer5529@example.com,Panipat,Haryana,2025-05-14,Consumer
C05530,Customer 5530,customer5530@example.com,Kolkata,West Bengal,2024-09-15,Small Business
C05531,Customer 5531,,Delhi,Delhi,2024-03-25,Consumer
C05532,Customer 5532,customer5532@example.com,Delhi,Delhi,2025-04-10,Corporate
C05533,Customer 5533,customer5533@example.com,Hyderabad,Telangana,2024-09-04,Small Business
C05534,Customer 5534,customer5534@example.com,Kolkata,West Bengal,2024-02-05,Corporate
C05535,Customer 5535,customer5535@example.com,Bengaluru,Karnataka,2025-07-19,Small Business
C05536,Customer 5536,,Kolkata,West Bengal,2024-08-09,Small Business
C05537,Customer 5537,customer5537@example.com,Chennai,Tamil Nadu,2024-04-07,Consumer
C05538,Customer 5538,customer5538@example.com,Mumbai,Maharashtra,2025-08-30,Small Business
C05539,Customer 5539,customer5539@example.com,Panipat,Haryana,2025-06-02,Corporate
C05540,Customer 5540,customer5540@example.com,Delhi,Delhi,2025-05-29,Consumer
C05541,Customer 5541,customer5541@example.com,Kolkata,West Bengal,2024-10-08,Small Business
C05542,Customer 5542,customer5542@example.com,Ahmedabad,Gujarat,2025-02-01,Small Business
C05543,Customer 5543,customer5543@example.com,Panipat,Haryana,2024-09-16,Small Business
C05544,Customer 5544,customer5544@example.com,Delhi,Delhi,2025-12-15,Small Business
C05545,Customer 5545,customer5545@example.com,Kolkata,West Bengal,2024-06-27,Corporate
C05546,Customer 5546,customer5546@example.com,Bengaluru,Karnataka,2026-05-24,Consumer
C05547,Customer 5547,customer5547@example.com,Panipat,Haryana,2024-10-24,Small Business
C05548,Customer 5548,customer5548@example.com,Hyderabad,Telangana,2025-03-12,Consumer
C05549,Customer 5549,customer5549@example.com,Mumbai,Maharashtra,2026-05-07,Consumer
C05550,Customer 5550,customer5550@example.com,Pune,Maharashtra,2025-05-08,Corporate
C05551,Customer 5551,customer5551@example.com,Pune,Maharashtra,2024-01-06,Corporate
C05552,Customer 5552,customer5552@example.com,Mumbai,Maharashtra,2026-03-02,Corporate
C05553,Customer 5553,customer5553@example.com,Panipat,Haryana,2024-11-05,Consumer
C05554,Customer 5554,customer5554@example.com,Pune,Maharashtra,2024-12-14,Small Business
C05555,Customer 5555,customer5555@example.com,Ahmedabad,Gujarat,2026-05-15,Corporate
C05556,Customer 5556,customer5556@example.com,Pune,Maharashtra,2025-12-31,Corporate
C05557,Customer 5557,customer5557@example.com,Delhi,Delhi,2024-04-13,Consumer
C05558,Customer 5558,customer5558@example.com,Mumbai,Maharashtra,2024-05-15,Small Business
C05559,Customer 5559,customer5559@example.com,Ahmedabad,Gujarat,2025-07-30,Consumer
C05560,Customer 5560,customer5560@example.com,Kolkata,West Bengal,2025-05-23,Corporate
C05561,Customer 5561,customer5561@example.com,Chennai,Tamil Nadu,2024-01-22,Small Business
C05562,Customer 5562,customer5562@example.com,Jaipur,Rajasthan,2025-12-11,Corporate
C05563,Customer 5563,customer5563@example.com,Jaipur,Rajasthan,2024-04-18,Corporate
C05564,Customer 5564,customer5564@example.com,Kolkata,West Bengal,2024-02-04,Corporate
C05565,Customer 5565,customer5565@example.com,Chennai,Tamil Nadu,2025-07-24,Small Business
C05566,Customer 5566,customer5566@example.com,Chennai,Tamil Nadu,2024-03-09,Consumer
C05567,Customer 5567,customer5567@example.com,Delhi,Delhi,2024-09-26,Small Business
C05568,Customer 5568,customer5568@example.com,Hyderabad,Telangana,2025-05-01,Corporate
C05569,Customer 5569,customer5569@example.com,Jaipur,Rajasthan,2024-09-06,Consumer
C05570,Customer 5570,customer5570@example.com,Delhi,Delhi,2024-01-25,Consumer
C05571,Customer 5571,customer5571@example.com,Delhi,Delhi,2025-08-07,Consumer
C05572,Customer 5572,customer5572@example.com,Pune,Maharashtra,2025-04-01,Small Business
C05573,Customer 5573,customer5573@example.com,Jaipur,Rajasthan,2025-01-17,Small Business
C05574,Customer 5574,customer5574@example.com,Bengaluru,Karnataka,2025-05-04,Consumer
C05575,Customer 5575,customer5575@example.com,Mumbai,Maharashtra,2025-08-19,Corporate
C05576,Customer 5576,customer5576@example.com,Delhi,Delhi,2025-07-27,Consumer
C05577,Customer 5577,customer5577@example.com,Pune,Maharashtra,2024-07-26,
C05578,Customer 5578,customer5578@example.com,Bengaluru,Karnataka,2024-05-16,Small Business
C05579,Customer 5579,customer5579@example.com,Chennai,Tamil Nadu,2024-01-12,Corporate
C05580,Customer 5580,customer5580@example.com,Panipat,Haryana,2025-06-06,Consumer
C05581,Customer 5581,customer5581@example.com,Delhi,Delhi,2025-06-21,Small Business
C05582,Customer 5582,customer5582@example.com,Bengaluru,Karnataka,2025-08-22,Small Business
C05583,Customer 5583,customer5583@example.com,Panipat,Haryana,2024-11-06,Consumer
C05584,Customer 5584,customer5584@example.com,Hyderabad,Telangana,2024-09-06,Corporate
C05585,Customer 5585,customer5585@example.com,Pune,Maharashtra,2024-07-12,Small Business
C05586,Customer 5586,customer5586@example.com,Kolkata,West Bengal,2025-05-04,Corporate
C05587,Customer 5587,customer5587@example.com,Pune,Maharashtra,2024-04-11,Consumer
C05588,Customer 5588,customer5588@example.com,Chennai,Tamil Nadu,2025-07-20,Small Business
C05589,Customer 5589,customer5589@example.com,Jaipur,Rajasthan,2026-05-29,Consumer
C05590,Customer 5590,customer5590@example.com,Mumbai,Maharashtra,2025-11-14,Consumer
C05591,Customer 5591,customer5591@example.com,Jaipur,Rajasthan,2024-05-28,Consumer
C05592,Customer 5592,customer5592@example.com,Kolkata,West Bengal,2025-06-09,Consumer
C05593,Customer 5593,customer5593@example.com,Ahmedabad,Gujarat,2024-06-17,Consumer
C05594,Customer 5594,customer5594@example.com,Chennai,Tamil Nadu,2026-05-09,Small Business
C05595,Customer 5595,customer5595@example.com,Hyderabad,Telangana,2024-08-18,Corporate
C05596,Customer 5596,customer5596@example.com,Chennai,Tamil Nadu,2024-03-02,Corporate
C05597,Customer 5597,customer5597@example.com,Panipat,Haryana,2026-06-10,Corporate
C05598,Customer 5598,customer5598@example.com,Chennai,Tamil Nadu,2024-01-29,Consumer
C05599,Customer 5599,customer5599@example.com,Hyderabad,Telangana,2025-02-04,Corporate
C05600,Customer 5600,customer5600@example.com,Ahmedabad,Gujarat,2026-05-06,Consumer
C05601,Customer 5601,customer5601@example.com,Mumbai,Maharashtra,2025-05-05,Small Business
C05602,Customer 5602,customer5602@example.com,Jaipur,Rajasthan,2025-02-20,Small Business
C05603,Customer 5603,customer5603@example.com,Mumbai,Maharashtra,2024-09-04,Small Business
C05604,Customer 5604,customer5604@example.com,Jaipur,Rajasthan,2024-10-21,Corporate
C05605,Customer 5605,customer5605@example.com,Delhi,Delhi,2025-03-19,Small Business
C05606,Customer 5606,customer5606@example.com,Panipat,Haryana,2025-03-03,Consumer
C05607,Customer 5607,customer5607@example.com,Jaipur,Rajasthan,2024-03-27,Small Business
C05608,Customer 5608,customer5608@example.com,Mumbai,Maharashtra,2026-03-02,Small Business
C05609,Customer 5609,customer5609@example.com,Panipat,Haryana,2025-01-13,Corporate
C05610,Customer 5610,customer5610@example.com,Chennai,Tamil Nadu,2024-10-14,Corporate
C05611,Customer 5611,customer5611@example.com,Hyderabad,Telangana,2024-11-06,Small Business
C05612,Customer 5612,customer5612@example.com,Ahmedabad,Gujarat,2024-11-30,Corporate
C05613,Customer 5613,customer5613@example.com,Kolkata,West Bengal,2025-06-07,Corporate
C05614,Customer 5614,customer5614@example.com,Chennai,Tamil Nadu,2026-02-14,Small Business
C05615,Customer 5615,customer5615@example.com,Ahmedabad,Gujarat,2025-12-12,Small Business
C05616,Customer 5616,customer5616@example.com,Ahmedabad,Gujarat,2025-09-05,Small Business
C05617,Customer 5617,customer5617@example.com,Ahmedabad,Gujarat,2024-05-20,Corporate
C05618,Customer 5618,customer5618@example.com,Hyderabad,Telangana,2024-04-03,Small Business
C05619,Customer 5619,customer5619@example.com,Kolkata,West Bengal,2024-12-16,Small Business
C05620,Customer 5620,customer5620@example.com,Jaipur,Rajasthan,2025-09-23,Small Business
C05621,Customer 5621,customer5621@example.com,Delhi,Delhi,2024-09-14,Small Business
C05622,Customer 5622,customer5622@example.com,Bengaluru,Karnataka,2024-10-04,Corporate
C05623,Customer 5623,customer5623@example.com,Ahmedabad,Gujarat,2025-06-09,Consumer
C05624,Customer 5624,customer5624@example.com,Hyderabad,Telangana,2024-11-27,Consumer
C05625,Customer 5625,customer5625@example.com,Ahmedabad,Gujarat,2024-07-14,Corporate
C05626,Customer 5626,customer5626@example.com,Bengaluru,Karnataka,2024-07-15,Corporate
C05627,Customer 5627,customer5627@example.com,Jaipur,Rajasthan,2025-11-23,Corporate
C05628,Customer 5628,customer5628@example.com,Bengaluru,Karnataka,2024-09-27,Small Business
C05629,Customer 5629,customer5629@example.com,Chennai,Tamil Nadu,2025-11-16,Small Business
C05630,Customer 5630,customer5630@example.com,Pune,Maharashtra,2026-02-25,Small Business
C05631,Customer 5631,customer5631@example.com,Mumbai,Maharashtra,2026-04-01,
C05632,Customer 5632,customer5632@example.com,Bengaluru,Karnataka,2024-07-13,Small Business
C05633,Customer 5633,customer5633@example.com,Hyderabad,Telangana,2025-12-30,Small Business
C05634,Customer 5634,customer5634@example.com,Jaipur,Rajasthan,2024-11-24,Consumer
C05635,Customer 5635,customer5635@example.com,Kolkata,West Bengal,2025-08-18,Small Business
C05636,Customer 5636,customer5636@example.com,Mumbai,Maharashtra,2024-04-30,Small Business
C05637,Customer 5637,customer5637@example.com,Bengaluru,Karnataka,2025-10-15,Consumer
C05638,Customer 5638,customer5638@example.com,Pune,Maharashtra,2025-09-04,Small Business
C05639,Customer 5639,customer5639@example.com,Hyderabad,Telangana,2024-07-06,Small Business
C05640,Customer 5640,customer5640@example.com,Kolkata,West Bengal,2025-01-18,Consumer
C05641,Customer 5641,customer5641@example.com,Chennai,Tamil Nadu,2025-05-10,Small Business
C05642,Customer 5642,customer5642@example.com,Bengaluru,Karnataka,2025-08-04,Corporate
C05643,Customer 5643,customer5643@example.com,Jaipur,Rajasthan,2024-12-15,Consumer
C05644,Customer 5644,customer5644@example.com,Bengaluru,Karnataka,2025-09-12,Consumer
C05645,Customer 5645,customer5645@example.com,Bengaluru,Karnataka,2024-05-07,Corporate
C05646,Customer 5646,customer5646@example.com,Jaipur,Rajasthan,2025-02-06,Consumer
C05647,Customer 5647,customer5647@example.com,Delhi,Delhi,2024-07-12,Corporate
C05648,Customer 5648,customer5648@example.com,Kolkata,West Bengal,2025-04-10,Small Business
C05649,Customer 5649,customer5649@example.com,Ahmedabad,Gujarat,2026-04-20,Corporate
C05650,Customer 5650,customer5650@example.com,Jaipur,Rajasthan,2025-08-04,Corporate
C05651,Customer 5651,customer5651@example.com,Pune,Maharashtra,2024-09-29,Consumer
C05652,Customer 5652,customer5652@example.com,Chennai,Tamil Nadu,2025-10-05,Corporate
C05653,Customer 5653,,Ahmedabad,Gujarat,2024-04-20,Corporate
C05654,Customer 5654,customer5654@example.com,Chennai,Tamil Nadu,2025-01-31,Corporate
C05655,Customer 5655,customer5655@example.com,Delhi,Delhi,2024-05-23,Consumer
C05656,Customer 5656,customer5656@example.com,Delhi,Delhi,2025-01-05,Consumer
C05657,Customer 5657,customer5657@example.com,Panipat,Haryana,2026-05-17,Consumer
C05658,Customer 5658,customer5658@example.com,Bengaluru,Karnataka,2024-04-20,Small Business
C05659,Customer 5659,customer5659@example.com,Jaipur,Rajasthan,2024-10-01,Consumer
C05660,Customer 5660,customer5660@example.com,Delhi,Delhi,2026-01-30,Small Business
C05661,Customer 5661,customer5661@example.com,Chennai,Tamil Nadu,2024-07-28,Consumer
C05662,Customer 5662,customer5662@example.com,Ahmedabad,Gujarat,2024-03-02,Consumer
C05663,Customer 5663,customer5663@example.com,Delhi,Delhi,2024-12-11,Small Business
C05664,Customer 5664,customer5664@example.com,Bengaluru,Karnataka,2024-10-18,Corporate
C05665,Customer 5665,customer5665@example.com,Pune,Maharashtra,2024-08-24,Consumer
C05666,Customer 5666,customer5666@example.com,Ahmedabad,Gujarat,2025-09-10,Small Business
C05667,Customer 5667,customer5667@example.com,Bengaluru,Karnataka,2025-07-19,Corporate
C05668,Customer 5668,customer5668@example.com,Pune,Maharashtra,2024-06-04,Consumer
C05669,Customer 5669,customer5669@example.com,Jaipur,Rajasthan,2025-08-21,Corporate
C05670,Customer 5670,customer5670@example.com,Pune,Maharashtra,2024-06-24,Corporate
C05671,Customer 5671,customer5671@example.com,Pune,Maharashtra,2025-07-08,Small Business
C05672,Customer 5672,customer5672@example.com,Panipat,Haryana,2024-06-13,Consumer
C05673,Customer 5673,customer5673@example.com,Ahmedabad,Gujarat,2026-01-28,Small Business
C05674,Customer 5674,customer5674@example.com,Bengaluru,Karnataka,2026-04-08,Corporate
C05675,Customer 5675,customer5675@example.com,Delhi,Delhi,2024-04-07,Consumer
C05676,Customer 5676,customer5676@example.com,Chennai,Tamil Nadu,2024-08-14,Consumer
C05677,Customer 5677,customer5677@example.com,Kolkata,West Bengal,2025-09-16,Consumer
C05678,Customer 5678,customer5678@example.com,Mumbai,Maharashtra,2024-08-13,Corporate
C05679,Customer 5679,customer5679@example.com,Delhi,Delhi,2024-01-04,Consumer
C05680,Customer 5680,customer5680@example.com,Bengaluru,Karnataka,2025-03-21,Small Business
C05681,Customer 5681,customer5681@example.com,Ahmedabad,Gujarat,2026-05-19,Corporate
C05682,Customer 5682,customer5682@example.com,Kolkata,West Bengal,2024-08-06,Consumer
C05683,Customer 5683,customer5683@example.com,Delhi,Delhi,2026-05-17,Consumer
C05684,Customer 5684,customer5684@example.com,Chennai,Tamil Nadu,2025-12-30,Corporate
C05685,Customer 5685,customer5685@example.com,Kolkata,West Bengal,2024-06-02,Small Business
C05686,Customer 5686,customer5686@example.com,Chennai,Tamil Nadu,2026-05-21,Small Business
C05687,Customer 5687,customer5687@example.com,Chennai,Tamil Nadu,2024-01-24,Small Business
C05688,Customer 5688,customer5688@example.com,Bengaluru,Karnataka,2024-07-29,Small Business
C05689,Customer 5689,customer5689@example.com,Kolkata,West Bengal,2025-03-23,Small Business
C05690,Customer 5690,customer5690@example.com,Hyderabad,Telangana,2024-11-25,Consumer
C05691,Customer 5691,customer5691@example.com,Kolkata,West Bengal,2025-06-03,Small Business
C05692,Customer 5692,customer5692@example.com,Chennai,Tamil Nadu,2026-05-08,Corporate
C05693,Customer 5693,customer5693@example.com,Ahmedabad,Gujarat,2024-07-29,Corporate
C05694,Customer 5694,customer5694@example.com,Mumbai,Maharashtra,2025-12-21,Consumer
C05695,Customer 5695,customer5695@example.com,Ahmedabad,Gujarat,2026-05-07,Small Business
C05696,Customer 5696,customer5696@example.com,Chennai,Tamil Nadu,2024-06-21,Corporate
C05697,Customer 5697,customer5697@example.com,Pune,Maharashtra,2024-08-11,Corporate
C05698,Customer 5698,customer5698@example.com,Hyderabad,Telangana,2025-02-18,Corporate
C05699,Customer 5699,customer5699@example.com,Pune,Maharashtra,2026-01-02,Corporate
C05700,Customer 5700,customer5700@example.com,Pune,Maharashtra,2025-01-23,Small Business
C05701,Customer 5701,customer5701@example.com,Kolkata,West Bengal,2024-01-25,Small Business
C05702,Customer 5702,customer5702@example.com,Ahmedabad,Gujarat,2024-09-06,Small Business
C05703,Customer 5703,customer5703@example.com,Delhi,Delhi,2025-04-08,Small Business
C05704,Customer 5704,customer5704@example.com,Panipat,Haryana,2025-02-02,Small Business
C05705,Customer 5705,customer5705@example.com,Hyderabad,Telangana,2025-01-03,Corporate
C05706,Customer 5706,customer5706@example.com,Panipat,Haryana,2025-05-17,Corporate
C05707,Customer 5707,customer5707@example.com,Kolkata,West Bengal,2025-03-10,Consumer
C05708,Customer 5708,customer5708@example.com,Chennai,Tamil Nadu,2024-09-18,Corporate
C05709,Customer 5709,customer5709@example.com,Pune,Maharashtra,2024-10-02,Corporate
C05710,Customer 5710,customer5710@example.com,Bengaluru,Karnataka,2025-05-05,Consumer
C05711,Customer 5711,customer5711@example.com,Mumbai,Maharashtra,2024-08-12,Small Business
C05712,Customer 5712,invalid-email-5711,Jaipur,Rajasthan,2025-09-05,Small Business
C05713,Customer 5713,,Pune,Maharashtra,2026-05-16,Consumer
C05714,Customer 5714,customer5714@example.com,Chennai,Tamil Nadu,2025-01-08,Consumer
C05715,Customer 5715,customer5715@example.com,Pune,Maharashtra,2024-04-02,Small Business
C05716,Customer 5716,customer5716@example.com,Mumbai,Maharashtra,2024-04-04,Small Business
C05717,Customer 5717,customer5717@example.com,Jaipur,Rajasthan,2024-02-21,Corporate
C05718,Customer 5718,customer5718@example.com,Delhi,Delhi,2025-06-21,Corporate
C05719,Customer 5719,customer5719@example.com,Kolkata,West Bengal,2024-06-01,Corporate
C05720,Customer 5720,customer5720@example.com,Mumbai,Maharashtra,2026-05-29,Corporate
C05721,Customer 5721,customer5721@example.com,Bengaluru,Karnataka,2026-06-10,Consumer
C05722,Customer 5722,customer5722@example.com,Pune,Maharashtra,2025-02-23,Corporate
C05723,Customer 5723,customer5723@example.com,Mumbai,Maharashtra,2025-06-17,Consumer
C05724,Customer 5724,customer5724@example.com,Pune,Maharashtra,2026-06-11,Consumer
C05725,Customer 5725,customer5725@example.com,Ahmedabad,Gujarat,2024-02-23,Small Business
C05726,Customer 5726,customer5726@example.com,Mumbai,Maharashtra,2024-10-22,Small Business
C05727,Customer 5727,customer5727@example.com,Kolkata,West Bengal,2025-03-09,Consumer
C05728,Customer 5728,customer5728@example.com,Pune,Maharashtra,2024-01-18,Consumer
C05729,Customer 5729,customer5729@example.com,Ahmedabad,Gujarat,2025-12-30,Consumer
C05730,Customer 5730,customer5730@example.com,Delhi,Delhi,2026-03-02,Consumer
C05731,Customer 5731,customer5731@example.com,Bengaluru,Karnataka,2026-04-16,Consumer
C05732,Customer 5732,customer5732@example.com,Jaipur,Rajasthan,2024-05-07,Corporate
C05733,Customer 5733,customer5733@example.com,Jaipur,Rajasthan,2026-02-18,Corporate
C05734,Customer 5734,customer5734@example.com,Mumbai,Maharashtra,2024-06-05,Small Business
C05735,Customer 5735,customer5735@example.com,Mumbai,Maharashtra,2024-09-08,Consumer
C05736,Customer 5736,customer5736@example.com,Hyderabad,Telangana,2026-05-25,Consumer
C05737,Customer 5737,customer5737@example.com,Bengaluru,Karnataka,2025-06-09,Consumer
C05738,Customer 5738,customer5738@example.com,Jaipur,Rajasthan,2025-05-31,Consumer
C05739,Customer 5739,customer5739@example.com,Chennai,Tamil Nadu,2024-05-18,Consumer
C05740,Customer 5740,customer5740@example.com,Panipat,Haryana,2025-04-25,Consumer
C05741,Customer 5741,customer5741@example.com,Mumbai,Maharashtra,2024-09-04,Small Business
C05742,Customer 5742,customer5742@example.com,Hyderabad,Telangana,2025-08-10,Corporate
C05743,Customer 5743,customer5743@example.com,Kolkata,West Bengal,2024-09-08,Corporate
C05744,Customer 5744,customer5744@example.com,Mumbai,Maharashtra,2025-12-28,Consumer
C05745,Customer 5745,customer5745@example.com,Pune,Maharashtra,2024-06-14,Small Business
C05746,Customer 5746,customer5746@example.com,Ahmedabad,Gujarat,2026-02-11,Consumer
C05747,Customer 5747,customer5747@example.com,Delhi,Delhi,2025-01-21,Consumer
C05748,Customer 5748,customer5748@example.com,Panipat,Haryana,2024-10-21,Corporate
C05749,Customer 5749,customer5749@example.com,Jaipur,Rajasthan,2026-03-29,Corporate
C05750,Customer 5750,customer5750@example.com,Chennai,Tamil Nadu,2025-07-17,Small Business
C05751,Customer 5751,customer5751@example.com,Chennai,Tamil Nadu,2025-06-21,Corporate
C05752,Customer 5752,customer5752@example.com,Jaipur,Rajasthan,2024-12-28,Small Business
C05753,Customer 5753,customer5753@example.com,Ahmedabad,Gujarat,2026-01-05,Small Business
C05754,Customer 5754,customer5754@example.com,Chennai,Tamil Nadu,2026-02-08,Corporate
C05755,Customer 5755,customer5755@example.com,Jaipur,Rajasthan,2025-02-21,Consumer
C05756,Customer 5756,customer5756@example.com,Jaipur,Rajasthan,2026-05-28,Corporate
C05757,Customer 5757,customer5757@example.com,Mumbai,Maharashtra,2026-04-04,Consumer
C05758,Customer 5758,customer5758@example.com,Pune,Maharashtra,2024-03-16,Small Business
C05759,Customer 5759,customer5759@example.com,Hyderabad,Telangana,2026-05-12,Corporate
C05760,Customer 5760,customer5760@example.com,Delhi,Delhi,2025-09-10,Corporate
C05761,Customer 5761,customer5761@example.com,Chennai,Tamil Nadu,2025-01-19,Corporate
C05762,Customer 5762,customer5762@example.com,Hyderabad,Telangana,2024-01-25,Corporate
C05763,Customer 5763,customer5763@example.com,Kolkata,West Bengal,2024-07-22,Consumer
C05764,Customer 5764,customer5764@example.com,Pune,Maharashtra,2025-03-21,Small Business
C05765,Customer 5765,customer5765@example.com,Mumbai,Maharashtra,2025-04-05,Small Business
C05766,Customer 5766,customer5766@example.com,Mumbai,Maharashtra,2025-10-26,Corporate
C05767,Customer 5767,customer5767@example.com,Chennai,Tamil Nadu,2024-09-07,Consumer
C05768,Customer 5768,customer5768@example.com,Panipat,Haryana,2024-08-20,Corporate
C05769,Customer 5769,customer5769@example.com,Bengaluru,Karnataka,2025-05-13,Corporate
C05770,Customer 5770,customer5770@example.com,Kolkata,West Bengal,2025-12-30,Corporate
C05771,Customer 5771,customer5771@example.com,Hyderabad,Telangana,2024-07-28,Corporate
C05772,Customer 5772,customer5772@example.com,Mumbai,Maharashtra,2025-03-01,Consumer
C05773,Customer 5773,customer5773@example.com,Pune,Maharashtra,2024-05-29,Small Business
C05774,Customer 5774,customer5774@example.com,Delhi,Delhi,2024-10-29,Corporate
C05775,Customer 5775,customer5775@example.com,Panipat,Haryana,2024-12-24,Corporate
C05776,Customer 5776,customer5776@example.com,Chennai,Tamil Nadu,2025-10-31,Corporate
C05777,Customer 5777,customer5777@example.com,Delhi,Delhi,2025-09-04,Corporate
C05778,Customer 5778,customer5778@example.com,Hyderabad,Telangana,2026-04-20,Small Business
C05779,Customer 5779,customer5779@example.com,Jaipur,Rajasthan,2025-05-03,Consumer
C05780,Customer 5780,customer5780@example.com,Kolkata,West Bengal,2024-03-10,Corporate
C05781,Customer 5781,customer5781@example.com,Hyderabad,Telangana,2024-07-17,Corporate
C05782,Customer 5782,customer5782@example.com,Jaipur,Rajasthan,2024-06-18,Consumer
C05783,Customer 5783,customer5783@example.com,Delhi,Delhi,2024-05-29,Small Business
C05784,Customer 5784,customer5784@example.com,Jaipur,Rajasthan,2024-10-03,Consumer
C05785,Customer 5785,customer5785@example.com,Panipat,Haryana,2025-06-05,Consumer
C05786,Customer 5786,customer5786@example.com,Jaipur,Rajasthan,2025-01-15,Consumer
C05787,Customer 5787,customer5787@example.com,Kolkata,West Bengal,2025-02-17,Corporate
C05788,Customer 5788,customer5788@example.com,Ahmedabad,Gujarat,2025-04-16,Corporate
C05789,Customer 5789,customer5789@example.com,Ahmedabad,Gujarat,2024-11-30,Corporate
C05790,Customer 5790,customer5790@example.com,Hyderabad,Telangana,2024-02-22,Small Business
C05791,Customer 5791,customer5791@example.com,Ahmedabad,Gujarat,2024-05-06,Corporate
C05792,Customer 5792,customer5792@example.com,Kolkata,West Bengal,2025-03-19,Small Business
C05793,Customer 5793,customer5793@example.com,Panipat,Haryana,2025-11-13,Small Business
C05794,Customer 5794,customer5794@example.com,Ahmedabad,Gujarat,2025-06-02,Consumer
C05795,Customer 5795,customer5795@example.com,Mumbai,Maharashtra,2026-04-24,Corporate
C05796,Customer 5796,customer5796@example.com,Hyderabad,Telangana,2025-11-07,Small Business
C05797,Customer 5797,customer5797@example.com,Kolkata,West Bengal,2026-01-19,Small Business
C05798,Customer 5798,customer5798@example.com,Bengaluru,Karnataka,2024-05-27,Consumer
C05799,Customer 5799,customer5799@example.com,Pune,Maharashtra,2024-04-05,Small Business
C05800,Customer 5800,customer5800@example.com,Chennai,Tamil Nadu,2024-10-09,Corporate
C05801,Customer 5801,customer5801@example.com,Pune,Maharashtra,2024-02-12,Consumer
C05802,Customer 5802,customer5802@example.com,Bengaluru,Karnataka,2024-01-13,Consumer
C05803,Customer 5803,customer5803@example.com,Pune,Maharashtra,2025-03-04,Small Business
C05804,Customer 5804,customer5804@example.com,Pune,Maharashtra,2025-03-03,Consumer
C05805,Customer 5805,customer5805@example.com,Chennai,Tamil Nadu,2025-07-14,Small Business
C05806,Customer 5806,customer5806@example.com,Bengaluru,Karnataka,2024-08-03,Consumer
C05807,Customer 5807,customer5807@example.com,Delhi,Delhi,2024-06-16,Consumer
C05808,Customer 5808,customer5808@example.com,Bengaluru,Karnataka,2026-01-14,Corporate
C05809,Customer 5809,customer5809@example.com,Delhi,Delhi,2024-08-12,Corporate
C05810,Customer 5810,customer5810@example.com,Mumbai,Maharashtra,2025-11-19,Corporate
C05811,Customer 5811,customer5811@example.com,Delhi,Delhi,2024-03-22,Small Business
C05812,Customer 5812,customer5812@example.com,Kolkata,West Bengal,2026-04-11,Corporate
C05813,Customer 5813,customer5813@example.com,Ahmedabad,Gujarat,2026-01-15,Corporate
C05814,Customer 5814,customer5814@example.com,Kolkata,West Bengal,2024-09-21,Small Business
C05815,Customer 5815,customer5815@example.com,Jaipur,Rajasthan,2025-07-15,Small Business
C05816,Customer 5816,customer5816@example.com,Hyderabad,Telangana,2025-10-08,Small Business
C05817,Customer 5817,customer5817@example.com,Hyderabad,Telangana,2025-06-23,Consumer
C05818,Customer 5818,customer5818@example.com,Ahmedabad,Gujarat,2025-06-16,Small Business
C05819,Customer 5819,customer5819@example.com,Bengaluru,Karnataka,2026-04-05,Small Business
C05820,Customer 5820,customer5820@example.com,Pune,Maharashtra,2024-08-19,Consumer
C05821,Customer 5821,customer5821@example.com,Chennai,Tamil Nadu,2025-05-09,Corporate
C05822,Customer 5822,customer5822@example.com,Hyderabad,Telangana,2025-06-05,Corporate
C05823,Customer 5823,customer5823@example.com,Kolkata,West Bengal,2026-01-11,Corporate
C05824,Customer 5824,customer5824@example.com,Panipat,Haryana,2025-08-28,Corporate
C05825,Customer 5825,customer5825@example.com,Bengaluru,Karnataka,2024-04-19,Consumer
C05826,Customer 5826,customer5826@example.com,Jaipur,Rajasthan,2024-08-16,Consumer
C05827,Customer 5827,customer5827@example.com,Pune,Maharashtra,2025-04-20,Consumer
C05828,Customer 5828,customer5828@example.com,Delhi,Delhi,2025-12-15,Small Business
C05829,Customer 5829,customer5829@example.com,Jaipur,Rajasthan,2025-01-06,Corporate
C05830,Customer 5830,customer5830@example.com,Chennai,Tamil Nadu,2025-03-05,Small Business
C05831,Customer 5831,customer5831@example.com,Hyderabad,Telangana,2024-11-02,Consumer
C05832,Customer 5832,customer5832@example.com,Pune,Maharashtra,2024-06-15,Small Business
C05833,Customer 5833,customer5833@example.com,Kolkata,West Bengal,2025-11-09,Consumer
C05834,Customer 5834,customer5834@example.com,Hyderabad,Telangana,2024-02-28,Corporate
C05835,Customer 5835,customer5835@example.com,Chennai,Tamil Nadu,2026-04-14,Corporate
C05836,Customer 5836,customer5836@example.com,Mumbai,Maharashtra,2025-02-28,Corporate
C05837,Customer 5837,customer5837@example.com,Panipat,Haryana,2024-12-07,Corporate
C05838,Customer 5838,customer5838@example.com,Delhi,Delhi,2024-11-11,Consumer
C05839,Customer 5839,customer5839@example.com,Kolkata,West Bengal,2026-06-19,Corporate
C05840,Customer 5840,customer5840@example.com,Chennai,Tamil Nadu,2025-08-25,Consumer
C05841,Customer 5841,customer5841@example.com,Chennai,Tamil Nadu,2025-03-16,Consumer
C05842,Customer 5842,customer5842@example.com,Bengaluru,Karnataka,2024-09-06,Small Business
C05843,Customer 5843,customer5843@example.com,Mumbai,Maharashtra,2024-12-10,Consumer
C05844,Customer 5844,customer5844@example.com,Ahmedabad,Gujarat,2024-11-30,Small Business
C05845,Customer 5845,customer5845@example.com,Chennai,Tamil Nadu,2026-05-23,Consumer
C05846,Customer 5846,customer5846@example.com,Delhi,Delhi,2024-03-25,Consumer
C05847,Customer 5847,customer5847@example.com,Panipat,Haryana,2024-06-02,Small Business
C05848,Customer 5848,customer5848@example.com,Chennai,Tamil Nadu,2025-05-19,Consumer
C05849,Customer 5849,customer5849@example.com,Mumbai,Maharashtra,2024-02-22,Consumer
C05850,Customer 5850,customer5850@example.com,Kolkata,West Bengal,2024-06-30,Consumer
C05851,Customer 5851,customer5851@example.com,Mumbai,Maharashtra,2024-10-25,Corporate
C05852,Customer 5852,customer5852@example.com,Hyderabad,Telangana,2025-11-13,Small Business
C05853,Customer 5853,customer5853@example.com,Delhi,Delhi,2024-02-11,Consumer
C05854,Customer 5854,customer5854@example.com,Bengaluru,Karnataka,2024-12-04,Consumer
C05855,Customer 5855,customer5855@example.com,Panipat,Haryana,2025-08-19,Consumer
C05856,Customer 5856,customer5856@example.com,Panipat,Haryana,2025-09-21,Consumer
C05857,Customer 5857,customer5857@example.com,Pune,Maharashtra,2026-03-19,Consumer
C05858,Customer 5858,customer5858@example.com,Chennai,Tamil Nadu,2026-04-23,Corporate
C05859,Customer 5859,customer5859@example.com,Delhi,Delhi,2024-09-30,Small Business
C05860,Customer 5860,,Bengaluru,Karnataka,2025-09-22,Small Business
C05861,Customer 5861,customer5861@example.com,Delhi,Delhi,2026-05-01,Small Business
C05862,Customer 5862,customer5862@example.com,Bengaluru,Karnataka,2024-05-21,Consumer
C05863,Customer 5863,customer5863@example.com,Kolkata,West Bengal,2025-09-12,Corporate
C05864,Customer 5864,customer5864@example.com,Mumbai,Maharashtra,2025-10-20,Small Business
C05865,Customer 5865,customer5865@example.com,Jaipur,Rajasthan,2024-04-08,Corporate
C05866,Customer 5866,customer5866@example.com,Ahmedabad,Gujarat,2024-08-17,Small Business
C05867,Customer 5867,customer5867@example.com,Bengaluru,Karnataka,2024-02-02,Corporate
C05868,Customer 5868,customer5868@example.com,Hyderabad,Telangana,2025-11-11,Consumer
C05869,Customer 5869,customer5869@example.com,Kolkata,West Bengal,2026-04-09,Corporate
C05870,Customer 5870,customer5870@example.com,Hyderabad,Telangana,2025-06-05,Corporate
C05871,Customer 5871,customer5871@example.com,Bengaluru,Karnataka,2025-10-31,Small Business
C05872,Customer 5872,customer5872@example.com,Chennai,Tamil Nadu,2025-03-04,Consumer
C05873,Customer 5873,customer5873@example.com,Bengaluru,Karnataka,2025-11-13,Corporate
C05874,Customer 5874,customer5874@example.com,Pune,Maharashtra,2024-09-03,Corporate
C05875,Customer 5875,customer5875@example.com,Mumbai,Maharashtra,2025-12-21,Consumer
C05876,Customer 5876,customer5876@example.com,Panipat,Haryana,2024-03-22,Consumer
C05877,Customer 5877,customer5877@example.com,Ahmedabad,Gujarat,2026-06-15,Consumer
C05878,Customer 5878,customer5878@example.com,Mumbai,Maharashtra,2024-04-20,Corporate
C05879,Customer 5879,customer5879@example.com,Mumbai,Maharashtra,2024-06-01,Small Business
C05880,Customer 5880,customer5880@example.com,Delhi,Delhi,2024-10-16,Corporate
C05881,Customer 5881,customer5881@example.com,Hyderabad,Telangana,2025-08-16,Consumer
C05882,Customer 5882,customer5882@example.com,Kolkata,West Bengal,2025-03-21,Corporate
C05883,Customer 5883,customer5883@example.com,Delhi,Delhi,2025-10-21,Small Business
C05884,Customer 5884,customer5884@example.com,Jaipur,Rajasthan,2026-01-16,Small Business
C05885,Customer 5885,customer5885@example.com,Bengaluru,Karnataka,2025-12-27,Consumer
C05886,Customer 5886,customer5886@example.com,Kolkata,West Bengal,2025-11-02,Consumer
C05887,Customer 5887,customer5887@example.com,Hyderabad,Telangana,2024-06-09,Corporate
C05888,Customer 5888,customer5888@example.com,Pune,Maharashtra,2024-12-19,Consumer
C05889,Customer 5889,customer5889@example.com,Panipat,Haryana,2024-02-02,Corporate
C05890,Customer 5890,customer5890@example.com,Chennai,Tamil Nadu,2024-07-10,Corporate
C05891,Customer 5891,customer5891@example.com,Kolkata,West Bengal,2025-11-05,Corporate
C05892,Customer 5892,customer5892@example.com,Hyderabad,Telangana,2025-04-05,Consumer
C05893,Customer 5893,customer5893@example.com,Hyderabad,Telangana,2026-02-02,Small Business
C05894,Customer 5894,customer5894@example.com,Chennai,Tamil Nadu,2025-11-05,Corporate
C05895,Customer 5895,customer5895@example.com,Ahmedabad,Gujarat,2026-06-07,Small Business
C05896,Customer 5896,customer5896@example.com,Mumbai,Maharashtra,2024-01-08,Consumer
C05897,Customer 5897,customer5897@example.com,Bengaluru,Karnataka,2025-03-01,Consumer
C05898,Customer 5898,customer5898@example.com,Kolkata,West Bengal,2026-06-15,Corporate
C05899,Customer 5899,customer5899@example.com,Mumbai,Maharashtra,2024-02-13,Consumer
C05900,Customer 5900,customer5900@example.com,Pune,Maharashtra,2025-06-09,Small Business
C05901,Customer 5901,customer5901@example.com,Kolkata,West Bengal,2024-10-11,Consumer
C05902,Customer 5902,customer5902@example.com,Mumbai,Maharashtra,2025-03-03,Consumer
C05903,Customer 5903,customer5903@example.com,Panipat,Haryana,2025-10-08,Corporate
C05904,Customer 5904,customer5904@example.com,Hyderabad,Telangana,2026-03-30,Small Business
C05905,Customer 5905,customer5905@example.com,Hyderabad,Telangana,2024-12-11,Consumer
C05906,Customer 5906,customer5906@example.com,Delhi,Delhi,2025-05-09,Small Business
C05907,Customer 5907,customer5907@example.com,Pune,Maharashtra,2024-08-04,Consumer
C05908,Customer 5908,customer5908@example.com,Hyderabad,Telangana,2025-11-27,Small Business
C05909,Customer 5909,customer5909@example.com,Jaipur,Rajasthan,2024-10-07,Small Business
C05910,Customer 5910,customer5910@example.com,Chennai,Tamil Nadu,2025-06-25,Small Business
C05911,Customer 5911,customer5911@example.com,Ahmedabad,Gujarat,2025-09-18,Consumer
C05912,Customer 5912,customer5912@example.com,Chennai,Tamil Nadu,2026-02-27,Small Business
C05913,Customer 5913,customer5913@example.com,Panipat,Haryana,2025-04-10,Small Business
C05914,Customer 5914,customer5914@example.com,Ahmedabad,Gujarat,2025-07-14,Corporate
C05915,Customer 5915,customer5915@example.com,Jaipur,Rajasthan,2026-02-12,Corporate
C05916,Customer 5916,customer5916@example.com,Panipat,Haryana,2024-10-18,Corporate
C05917,Customer 5917,customer5917@example.com,Panipat,Haryana,2025-02-21,Small Business
C05918,Customer 5918,customer5918@example.com,Delhi,Delhi,2025-04-30,Corporate
C05919,Customer 5919,customer5919@example.com,Kolkata,West Bengal,2025-09-15,Small Business
C05920,Customer 5920,customer5920@example.com,PUNE,Maharashtra,2024-11-18,Small Business
C05921,Customer 5921,customer5921@example.com,Pune,Maharashtra,2025-04-05,Corporate
C05922,Customer 5922,customer5922@example.com,Bengaluru,Karnataka,2025-10-29,Consumer
C05923,Customer 5923,customer5923@example.com,Pune,Maharashtra,2025-11-15,Small Business
C05924,Customer 5924,customer5924@example.com,Bengaluru,Karnataka,2025-02-08,Corporate
C05925,Customer 5925,customer5925@example.com,Panipat,Haryana,2025-06-27,Consumer
C05926,Customer 5926,customer5926@example.com,Panipat,Haryana,2024-08-15,Corporate
C05927,Customer 5927,customer5927@example.com,Pune,Maharashtra,2025-02-10,Consumer
C05928,Customer 5928,customer5928@example.com,Chennai,Tamil Nadu,2024-02-18,Consumer
C05929,Customer 5929,customer5929@example.com,Bengaluru,Karnataka,2025-07-02,Small Business
C05930,Customer 5930,customer5930@example.com,Chennai,Tamil Nadu,2024-01-17,Small Business
C05931,Customer 5931,customer5931@example.com,Bengaluru,Karnataka,2026-02-26,Small Business
C05932,Customer 5932,customer5932@example.com,Panipat,Haryana,2025-05-23,Small Business
C05933,Customer 5933,customer5933@example.com,Pune,Maharashtra,2025-06-30,Small Business
C05934,Customer 5934,customer5934@example.com,Jaipur,Rajasthan,2024-10-21,Consumer
C05935,Customer 5935,customer5935@example.com,Pune,Maharashtra,2025-02-02,Small Business
C05936,Customer 5936,customer5936@example.com,Hyderabad,Telangana,2024-06-30,Small Business
C05937,Customer 5937,customer5937@example.com,Pune,Maharashtra,2024-01-15,Small Business
C05938,Customer 5938,customer5938@example.com,Chennai,Tamil Nadu,2024-03-22,Corporate
C05939,Customer 5939,customer5939@example.com,Pune,Maharashtra,2025-05-06,Consumer
C05940,Customer 5940,customer5940@example.com,Delhi,Delhi,2024-05-12,Small Business
C05941,Customer 5941,customer5941@example.com,Bengaluru,Karnataka,2024-06-22,Small Business
C05942,Customer 5942,customer5942@example.com,Bengaluru,Karnataka,2025-11-18,Corporate
C05943,Customer 5943,customer5943@example.com,Chennai,Tamil Nadu,2024-06-14,Corporate
C05944,Customer 5944,customer5944@example.com,Pune,Maharashtra,2026-01-16,Consumer
C05945,Customer 5945,customer5945@example.com,Hyderabad,Telangana,2024-04-09,Corporate
C05946,Customer 5946,customer5946@example.com,Bengaluru,Karnataka,2025-07-09,Small Business
C05947,Customer 5947,customer5947@example.com,Jaipur,Rajasthan,2025-10-16,Consumer
C05948,Customer 5948,customer5948@example.com,Delhi,Delhi,2024-06-08,Consumer
C05949,Customer 5949,customer5949@example.com,Panipat,Haryana,2024-09-02,Consumer
C05950,Customer 5950,customer5950@example.com,Bengaluru,Karnataka,2024-07-02,Consumer
C05951,Customer 5951,customer5951@example.com,Kolkata,West Bengal,2024-12-11,Consumer
C05952,Customer 5952,customer5952@example.com,Jaipur,Rajasthan,2026-02-23,Small Business
C05953,Customer 5953,customer5953@example.com,Kolkata,West Bengal,2025-06-07,Consumer
C05954,Customer 5954,customer5954@example.com,Kolkata,West Bengal,2025-11-15,Small Business
C05955,Customer 5955,customer5955@example.com,Bengaluru,Karnataka,2026-03-15,Consumer
C05956,Customer 5956,customer5956@example.com,Hyderabad,Telangana,2026-03-18,Consumer
C05957,Customer 5957,customer5957@example.com,Hyderabad,Telangana,2024-06-29,Corporate
C05958,Customer 5958,customer5958@example.com,Pune,Maharashtra,2025-07-12,Corporate
C05959,Customer 5959,customer5959@example.com,Panipat,Haryana,2025-09-27,Consumer
C05960,Customer 5960,customer5960@example.com,Delhi,Delhi,2024-06-15,Consumer
C05961,Customer 5961,customer5961@example.com,Hyderabad,Telangana,2024-06-13,Small Business
C05962,Customer 5962,customer5962@example.com,Jaipur,Rajasthan,2024-07-17,Corporate
C05963,Customer 5963,customer5963@example.com,Hyderabad,Telangana,2024-01-31,Corporate
C05964,Customer 5964,customer5964@example.com,Chennai,Tamil Nadu,2026-03-22,Corporate
C05965,Customer 5965,customer5965@example.com,Delhi,Delhi,2026-04-06,Small Business
C05966,Customer 5966,customer5966@example.com,Chennai,Tamil Nadu,2024-08-05,Consumer
C05967,Customer 5967,customer5967@example.com,Pune,Maharashtra,2025-09-27,Small Business
C05968,Customer 5968,customer5968@example.com,Kolkata,West Bengal,2026-03-03,Small Business
C05969,Customer 5969,customer5969@example.com,Delhi,Delhi,2026-02-01,Consumer
C05970,Customer 5970,customer5970@example.com,Kolkata,West Bengal,2025-07-24,Corporate
C05971,Customer 5971,customer5971@example.com,Chennai,Tamil Nadu,2024-11-25,Small Business
C05972,Customer 5972,customer5972@example.com,Hyderabad,Telangana,2024-07-22,Consumer
C05973,Customer 5973,customer5973@example.com,Panipat,Haryana,2025-04-08,Consumer
C05974,Customer 5974,customer5974@example.com,Panipat,Haryana,2025-08-07,Corporate
C05975,Customer 5975,customer5975@example.com,Panipat,Haryana,2025-11-11,Corporate
C05976,Customer 5976,customer5976@example.com,Hyderabad,Telangana,2025-03-01,Small Business
C05977,Customer 5977,customer5977@example.com,Panipat,Haryana,2024-11-18,Corporate
C05978,Customer 5978,customer5978@example.com,Delhi,Delhi,2024-05-17,Consumer
C05979,Customer 5979,customer5979@example.com,Ahmedabad,Gujarat,2025-06-17,Small Business
C05980,Customer 5980,customer5980@example.com,Delhi,Delhi,2025-08-30,Consumer
C05981,Customer 5981,customer5981@example.com,Kolkata,West Bengal,2025-05-21,Small Business
C05982,Customer 5982,customer5982@example.com,Jaipur,Rajasthan,2026-01-13,Corporate
C05983,Customer 5983,customer5983@example.com,Delhi,Delhi,2025-10-01,Consumer
C05984,Customer 5984,customer5984@example.com,Hyderabad,Telangana,2024-09-08,Corporate
C05985,Customer 5985,customer5985@example.com,Jaipur,Rajasthan,2026-04-21,Corporate
C05986,Customer 5986,customer5986@example.com,Bengaluru,Karnataka,2024-02-09,Consumer
C05987,Customer 5987,customer5987@example.com,Panipat,Haryana,2024-11-03,Small Business
C05988,Customer 5988,customer5988@example.com,Mumbai,Maharashtra,2025-12-13,Corporate
C05989,Customer 5989,customer5989@example.com,Chennai,Tamil Nadu,2024-06-05,Corporate
C05990,Customer 5990,customer5990@example.com,Hyderabad,Telangana,2026-05-20,Corporate
C05991,Customer 5991,invalid-email-5990,Delhi,Delhi,2025-06-27,Corporate
C05992,Customer 5992,customer5992@example.com,Delhi,Delhi,2025-05-25,Corporate
C05993,Customer 5993,customer5993@example.com,Bengaluru,Karnataka,2025-02-20,Consumer
C05994,Customer 5994,customer5994@example.com,Panipat,Haryana,2024-10-18,Corporate
C05995,Customer 5995,customer5995@example.com,Mumbai,Maharashtra,2025-12-29,Consumer
C05996,Customer 5996,customer5996@example.com,Mumbai,Maharashtra,2025-06-21,Small Business
C05997,Customer 5997,customer5997@example.com,Ahmedabad,Gujarat,2026-05-22,Consumer
C05998,Customer 5998,customer5998@example.com,Hyderabad,Telangana,2024-04-26,Consumer
C05999,Customer 5999,customer5999@example.com,Bengaluru,Karnataka,2026-02-25,Corporate
C06000,Customer 6000,customer6000@example.com,Hyderabad,Telangana,2024-05-06,Consumer
C06001,Customer 6001,customer6001@example.com,Ahmedabad,Gujarat,2024-08-05,Small Business
C06002,Customer 6002,customer6002@example.com,Delhi,Delhi,2024-08-25,Consumer
C06003,Customer 6003,customer6003@example.com,Bengaluru,Karnataka,2024-11-14,Small Business
C06004,Customer 6004,customer6004@example.com,Jaipur,Rajasthan,2026-05-29,Consumer
C06005,Customer 6005,customer6005@example.com,Jaipur,Rajasthan,2025-08-14,Small Business
C06006,Customer 6006,customer6006@example.com,Jaipur,Rajasthan,2024-10-31,Small Business
C06007,Customer 6007,customer6007@example.com,Bengaluru,Karnataka,2024-04-12,Corporate
C06008,Customer 6008,customer6008@example.com,Panipat,Haryana,2024-11-15,Corporate
C06009,Customer 6009,customer6009@example.com,Delhi,Delhi,2025-11-04,Corporate
C06010,Customer 6010,customer6010@example.com,Bengaluru,Karnataka,2026-01-28,Consumer
C06011,Customer 6011,customer6011@example.com,Mumbai,Maharashtra,2024-03-11,Consumer
C06012,Customer 6012,customer6012@example.com,Ahmedabad,Gujarat,2024-01-05,Consumer
C06013,Customer 6013,customer6013@example.com,Kolkata,West Bengal,2024-02-13,Corporate
C06014,Customer 6014,customer6014@example.com,Hyderabad,Telangana,2025-02-19,Small Business
C06015,Customer 6015,customer6015@example.com,Delhi,Delhi,2024-09-27,Consumer
C06016,Customer 6016,customer6016@example.com,Ahmedabad,Gujarat,2025-07-28,Consumer
C06017,Customer 6017,customer6017@example.com,Delhi,Delhi,2024-12-08,Consumer
C06018,Customer 6018,customer6018@example.com,Mumbai,Maharashtra,2025-10-26,Small Business
C06019,Customer 6019,customer6019@example.com,Delhi,Delhi,2025-10-07,Consumer
C06020,Customer 6020,customer6020@example.com,Kolkata,West Bengal,2024-08-11,Small Business
C06021,Customer 6021,customer6021@example.com,Mumbai,Maharashtra,2024-06-22,Small Business
C06022,Customer 6022,customer6022@example.com,Jaipur,Rajasthan,2024-09-01,Corporate
C06023,Customer 6023,customer6023@example.com,Panipat,Haryana,2025-11-28,Small Business
C06024,Customer 6024,customer6024@example.com,Bengaluru,Karnataka,2025-08-13,Small Business
C06025,Customer 6025,customer6025@example.com,Pune,Maharashtra,2025-05-19,Small Business
C06026,Customer 6026,customer6026@example.com,Pune,Maharashtra,2024-03-01,Corporate
C06027,Customer 6027,customer6027@example.com,Pune,Maharashtra,2025-09-19,Small Business
C06028,Customer 6028,customer6028@example.com,Chennai,Tamil Nadu,2024-07-16,Small Business
C06029,Customer 6029,customer6029@example.com,Bengaluru,Karnataka,2024-12-18,Consumer
C06030,Customer 6030,customer6030@example.com,Chennai,Tamil Nadu,2025-08-27,Corporate
C06031,Customer 6031,customer6031@example.com,Ahmedabad,Gujarat,2024-10-21,Corporate
C06032,Customer 6032,customer6032@example.com,Pune,Maharashtra,2025-09-23,Consumer
C06033,Customer 6033,customer6033@example.com,Chennai,Tamil Nadu,2024-09-18,Small Business
C06034,Customer 6034,customer6034@example.com,Ahmedabad,Gujarat,2025-05-24,Consumer
C06035,Customer 6035,customer6035@example.com,Delhi,Delhi,2025-02-19,Small Business
C06036,Customer 6036,customer6036@example.com,Pune,Maharashtra,2026-02-03,Corporate
C06037,Customer 6037,customer6037@example.com,Mumbai,Maharashtra,2025-08-13,Consumer
C06038,Customer 6038,invalid-email-6037,Ahmedabad,Gujarat,2024-05-02,Small Business
C06039,Customer 6039,customer6039@example.com,Pune,Maharashtra,2024-05-15,Small Business
C06040,Customer 6040,customer6040@example.com,Panipat,Haryana,2024-08-24,Consumer
C06041,Customer 6041,customer6041@example.com,Panipat,Haryana,2026-01-18,Consumer
C06042,Customer 6042,customer6042@example.com,Chennai,Tamil Nadu,2024-05-16,Consumer
C06043,Customer 6043,customer6043@example.com,Bengaluru,Karnataka,2024-04-25,Small Business
C06044,Customer 6044,customer6044@example.com,Panipat,Haryana,2025-10-29,Consumer
C06045,Customer 6045,customer6045@example.com,Delhi,Delhi,2026-04-29,Small Business
C06046,Customer 6046,customer6046@example.com,Panipat,Haryana,2025-02-27,Consumer
C06047,Customer 6047,customer6047@example.com,Hyderabad,Telangana,2024-07-30,Corporate
C06048,Customer 6048,customer6048@example.com,Mumbai,Maharashtra,2024-05-30,Small Business
C06049,Customer 6049,customer6049@example.com,Delhi,Delhi,2026-06-08,Corporate
C06050,Customer 6050,customer6050@example.com,Hyderabad,Telangana,2025-02-24,Corporate
C06051,Customer 6051,customer6051@example.com,Jaipur,Rajasthan,2025-11-27,Corporate
C06052,Customer 6052,customer6052@example.com,Kolkata,West Bengal,2025-11-10,Consumer
C06053,Customer 6053,customer6053@example.com,Mumbai,Maharashtra,2024-07-30,Corporate
C06054,Customer 6054,customer6054@example.com,Hyderabad,Telangana,2024-07-11,Small Business
C06055,Customer 6055,customer6055@example.com,Pune,Maharashtra,2025-05-16,Corporate
C06056,Customer 6056,customer6056@example.com,Bengaluru,Karnataka,2025-03-23,Consumer
C06057,Customer 6057,customer6057@example.com,Bengaluru,Karnataka,2024-01-04,Corporate
C06058,Customer 6058,customer6058@example.com,Kolkata,West Bengal,2024-06-11,Consumer
C06059,Customer 6059,customer6059@example.com,Panipat,Haryana,2026-02-05,Corporate
C06060,Customer 6060,customer6060@example.com,Jaipur,Rajasthan,2024-10-23,Consumer
C06061,Customer 6061,customer6061@example.com,Chennai,Tamil Nadu,2024-04-23,Corporate
C06062,Customer 6062,customer6062@example.com,Mumbai,Maharashtra,2024-10-17,Corporate
C06063,Customer 6063,customer6063@example.com,Mumbai,Maharashtra,2025-03-12,Consumer
C06064,Customer 6064,customer6064@example.com,Kolkata,West Bengal,2026-03-15,Small Business
C06065,Customer 6065,customer6065@example.com,Delhi,Delhi,2025-08-23,Corporate
C06066,Customer 6066,customer6066@example.com,Hyderabad,Telangana,2024-11-06,Small Business
C06067,Customer 6067,customer6067@example.com,Pune,Maharashtra,2025-04-05,Consumer
C06068,Customer 6068,customer6068@example.com,Bengaluru,Karnataka,2026-05-09,Corporate
C06069,Customer 6069,customer6069@example.com,Chennai,Tamil Nadu,2024-10-03,Consumer
C06070,Customer 6070,customer6070@example.com,Kolkata,West Bengal,2024-08-13,Corporate
C06071,Customer 6071,customer6071@example.com,Mumbai,Maharashtra,2024-01-18,Consumer
C06072,Customer 6072,customer6072@example.com,Kolkata,West Bengal,2025-01-28,Consumer
C06073,Customer 6073,customer6073@example.com,Jaipur,Rajasthan,2025-06-05,Small Business
C06074,Customer 6074,customer6074@example.com,Mumbai,Maharashtra,2024-04-22,Corporate
C06075,Customer 6075,customer6075@example.com,Hyderabad,Telangana,2025-06-18,Corporate
C06076,Customer 6076,customer6076@example.com,Delhi,Delhi,2024-10-05,Small Business
C06077,Customer 6077,customer6077@example.com,Jaipur,Rajasthan,2026-03-29,Corporate
C06078,Customer 6078,customer6078@example.com,Chennai,Tamil Nadu,2024-01-21,Consumer
C06079,Customer 6079,customer6079@example.com,Ahmedabad,Gujarat,2024-04-19,Consumer
C06080,Customer 6080,customer6080@example.com,Bengaluru,Karnataka,2024-09-15,Consumer
C06081,Customer 6081,customer6081@example.com,Jaipur,Rajasthan,2026-05-26,Small Business
C06082,Customer 6082,customer6082@example.com,Ahmedabad,Gujarat,2026-03-29,Small Business
C06083,Customer 6083,customer6083@example.com,Mumbai,Maharashtra,2025-10-04,Corporate
C06084,Customer 6084,customer6084@example.com,Jaipur,Rajasthan,2024-01-04,Consumer
C06085,Customer 6085,customer6085@example.com,Panipat,Haryana,2024-12-01,Small Business
C06086,Customer 6086,customer6086@example.com,Jaipur,Rajasthan,2025-03-05,Small Business
C06087,Customer 6087,customer6087@example.com,Hyderabad,Telangana,2024-01-02,Corporate
C06088,Customer 6088,customer6088@example.com,Pune,Maharashtra,2024-07-10,Consumer
C06089,Customer 6089,customer6089@example.com,Bengaluru,Karnataka,2026-01-08,Corporate
C06090,Customer 6090,customer6090@example.com,Bengaluru,Karnataka,2025-12-13,Corporate
C06091,Customer 6091,customer6091@example.com,Ahmedabad,Gujarat,2024-07-23,Small Business
C06092,Customer 6092,customer6092@example.com,Chennai,Tamil Nadu,2025-11-16,Small Business
C06093,Customer 6093,customer6093@example.com,Ahmedabad,Gujarat,2025-07-31,Corporate
C06094,Customer 6094,customer6094@example.com,Delhi,Delhi,2025-01-24,Corporate
C06095,Customer 6095,customer6095@example.com,Ahmedabad,Gujarat,2024-07-19,Consumer
C06096,Customer 6096,customer6096@example.com,Hyderabad,Telangana,2024-02-16,Corporate
C06097,Customer 6097,customer6097@example.com,Hyderabad,Telangana,2025-04-27,Consumer
C06098,Customer 6098,customer6098@example.com,Jaipur,Rajasthan,2024-12-07,Corporate
C06099,Customer 6099,customer6099@example.com,Pune,Maharashtra,2025-03-17,Small Business
C06100,Customer 6100,customer6100@example.com,Panipat,Haryana,2025-12-07,Consumer
C06101,Customer 6101,customer6101@example.com,Delhi,Delhi,2025-08-01,Consumer
C06102,Customer 6102,customer6102@example.com,Pune,Maharashtra,2025-02-24,Consumer
C06103,Customer 6103,customer6103@example.com,Pune,Maharashtra,2025-04-23,Corporate
C06104,Customer 6104,customer6104@example.com,Jaipur,Rajasthan,2026-01-26,Consumer
C06105,Customer 6105,customer6105@example.com,Delhi,Delhi,2025-11-28,Small Business
C06106,Customer 6106,customer6106@example.com,Kolkata,West Bengal,2026-01-05,Consumer
C06107,Customer 6107,customer6107@example.com,Pune,Maharashtra,2026-01-25,Consumer
C06108,Customer 6108,customer6108@example.com,Pune,Maharashtra,2025-01-14,Consumer
C06109,Customer 6109,customer6109@example.com,Panipat,Haryana,2024-09-19,Consumer
C06110,Customer 6110,customer6110@example.com,Ahmedabad,Gujarat,2025-02-22,Consumer
C06111,Customer 6111,customer6111@example.com,Bengaluru,Karnataka,2025-10-20,Small Business
C06112,Customer 6112,customer6112@example.com,Kolkata,West Bengal,2024-08-02,Consumer
C06113,Customer 6113,customer6113@example.com,Hyderabad,Telangana,2024-08-30,Small Business
C06114,Customer 6114,customer6114@example.com,Delhi,Delhi,2024-04-05,Corporate
C06115,Customer 6115,customer6115@example.com,Ahmedabad,Gujarat,2025-07-03,Small Business
C06116,Customer 6116,customer6116@example.com,Pune,Maharashtra,2024-02-15,Corporate
C06117,Customer 6117,customer6117@example.com,Bengaluru,Karnataka,2025-07-08,Consumer
C06118,Customer 6118,customer6118@example.com,Panipat,Haryana,2026-05-12,Corporate
C06119,Customer 6119,customer6119@example.com,Pune,Maharashtra,2026-03-25,Corporate
C06120,Customer 6120,customer6120@example.com,Hyderabad,Telangana,2024-04-12,Consumer
C06121,Customer 6121,customer6121@example.com,Jaipur,Rajasthan,2025-08-19,Consumer
C06122,Customer 6122,customer6122@example.com,Ahmedabad,Gujarat,2024-10-11,Consumer
C06123,Customer 6123,customer6123@example.com,Chennai,Tamil Nadu,2025-12-14,Corporate
C06124,Customer 6124,customer6124@example.com,Hyderabad,Telangana,2026-02-10,Corporate
C06125,Customer 6125,customer6125@example.com,Jaipur,Rajasthan,2025-12-13,Consumer
C06126,Customer 6126,customer6126@example.com,Panipat,Haryana,2026-01-26,Consumer
C06127,Customer 6127,customer6127@example.com,Ahmedabad,Gujarat,2024-01-22,Small Business
C06128,Customer 6128,customer6128@example.com,Bengaluru,Karnataka,2024-07-16,
C06129,Customer 6129,customer6129@example.com,Mumbai,Maharashtra,2024-08-27,Small Business
C06130,Customer 6130,customer6130@example.com,Panipat,Haryana,2026-01-20,Consumer
C06131,Customer 6131,customer6131@example.com,Pune,Maharashtra,2026-04-27,
C06132,Customer 6132,customer6132@example.com,Pune,Maharashtra,2024-05-15,Corporate
C06133,Customer 6133,customer6133@example.com,Kolkata,West Bengal,2024-03-03,Small Business
C06134,Customer 6134,customer6134@example.com,Kolkata,West Bengal,2024-08-19,Small Business
C06135,Customer 6135,customer6135@example.com,Mumbai,Maharashtra,2024-02-02,Consumer
C06136,Customer 6136,customer6136@example.com,Pune,Maharashtra,2025-01-10,Small Business
C06137,Customer 6137,customer6137@example.com,Bengaluru,Karnataka,2026-05-04,Small Business
C06138,Customer 6138,customer6138@example.com,Chennai,Tamil Nadu,2024-06-06,Small Business
C06139,Customer 6139,customer6139@example.com,Delhi,Delhi,2026-05-03,Consumer
C06140,Customer 6140,customer6140@example.com,Kolkata,West Bengal,2025-01-22,Consumer
C06141,Customer 6141,customer6141@example.com,Mumbai,Maharashtra,2025-01-18,Consumer
C06142,Customer 6142,customer6142@example.com,Jaipur,Rajasthan,2024-06-28,Small Business
C06143,Customer 6143,customer6143@example.com,Chennai,Tamil Nadu,2024-04-21,Consumer
C06144,Customer 6144,customer6144@example.com,Mumbai,Maharashtra,2024-08-04,Consumer
C06145,Customer 6145,invalid-email-6144,Mumbai,Maharashtra,2025-03-01,Consumer
C06146,Customer 6146,customer6146@example.com,Chennai,Tamil Nadu,2024-08-22,Small Business
C06147,Customer 6147,customer6147@example.com,Mumbai,Maharashtra,2024-09-29,Small Business
C06148,Customer 6148,customer6148@example.com,Jaipur,Rajasthan,2025-12-31,Small Business
C06149,Customer 6149,customer6149@example.com,Jaipur,Rajasthan,2025-08-28,Small Business
C06150,Customer 6150,customer6150@example.com,Hyderabad,Telangana,2025-04-08,Consumer
C06151,Customer 6151,customer6151@example.com,Ahmedabad,Gujarat,2025-06-29,Small Business
C06152,Customer 6152,customer6152@example.com,Ahmedabad,Gujarat,2024-08-08,Corporate
C06153,Customer 6153,customer6153@example.com,Chennai,Tamil Nadu,2024-06-25,Small Business
C06154,Customer 6154,customer6154@example.com,Kolkata,West Bengal,2024-10-12,Corporate
C06155,Customer 6155,customer6155@example.com,Bengaluru,Karnataka,2025-09-12,Consumer
C06156,Customer 6156,customer6156@example.com,Panipat,Haryana,2024-07-19,Corporate
C06157,Customer 6157,customer6157@example.com,Bengaluru,Karnataka,2025-01-19,Small Business
C06158,Customer 6158,customer6158@example.com,Kolkata,West Bengal,2024-04-03,Small Business
C06159,Customer 6159,customer6159@example.com,Delhi,Delhi,2026-03-26,Small Business
C06160,Customer 6160,customer6160@example.com,Mumbai,Maharashtra,2024-02-25,Consumer
C06161,Customer 6161,customer6161@example.com,Jaipur,Rajasthan,2026-05-27,Consumer
C06162,Customer 6162,customer6162@example.com,Jaipur,Rajasthan,2025-05-05,Corporate
C06163,Customer 6163,customer6163@example.com,Ahmedabad,Gujarat,2025-12-30,Small Business
C06164,Customer 6164,customer6164@example.com,Mumbai,Maharashtra,2024-02-24,Small Business
C06165,Customer 6165,customer6165@example.com,Mumbai,Maharashtra,2025-07-05,Consumer
C06166,Customer 6166,customer6166@example.com,Mumbai,Maharashtra,2024-09-03,Consumer
C06167,Customer 6167,customer6167@example.com,Jaipur,Rajasthan,2026-05-28,Small Business
C06168,Customer 6168,customer6168@example.com,Jaipur,Rajasthan,2024-03-16,Consumer
C06169,Customer 6169,customer6169@example.com,Jaipur,Rajasthan,2025-07-19,Consumer
C06170,Customer 6170,customer6170@example.com,Hyderabad,Telangana,2025-06-21,Small Business
C06171,Customer 6171,customer6171@example.com,Delhi,Delhi,2024-09-22,Corporate
C06172,Customer 6172,customer6172@example.com,Hyderabad,Telangana,2025-07-16,Consumer
C06173,Customer 6173,customer6173@example.com,Mumbai,Maharashtra,2024-02-15,Corporate
C06174,Customer 6174,customer6174@example.com,Kolkata,West Bengal,2026-05-20,Consumer
C06175,Customer 6175,customer6175@example.com,Mumbai,Maharashtra,2026-04-02,Consumer
C06176,Customer 6176,customer6176@example.com,Delhi,Delhi,2025-06-14,Consumer
C06177,Customer 6177,customer6177@example.com,Ahmedabad,Gujarat,2025-03-28,Consumer
C06178,Customer 6178,customer6178@example.com,Chennai,Tamil Nadu,2026-01-08,Small Business
C06179,Customer 6179,customer6179@example.com,Jaipur,Rajasthan,2024-03-23,Small Business
C06180,Customer 6180,customer6180@example.com,Hyderabad,Telangana,2025-04-16,Consumer
C06181,Customer 6181,customer6181@example.com,Bengaluru,Karnataka,2026-05-17,Corporate
C06182,Customer 6182,customer6182@example.com,Panipat,Haryana,2024-02-03,Consumer
C06183,Customer 6183,customer6183@example.com,Panipat,Haryana,2026-03-04,Small Business
C06184,Customer 6184,customer6184@example.com,Panipat,Haryana,2026-06-02,Small Business
C06185,Customer 6185,customer6185@example.com,Panipat,Haryana,2024-03-26,Corporate
C06186,Customer 6186,customer6186@example.com,Mumbai,Maharashtra,2026-02-14,Small Business
C06187,Customer 6187,customer6187@example.com,Ahmedabad,Gujarat,2024-03-24,Consumer
C06188,Customer 6188,,Pune,Maharashtra,2025-05-07,Consumer
C06189,Customer 6189,customer6189@example.com,Kolkata,West Bengal,2026-03-13,Small Business
C06190,Customer 6190,customer6190@example.com,Hyderabad,Telangana,2024-02-28,Small Business
C06191,Customer 6191,customer6191@example.com,Ahmedabad,Gujarat,2024-01-27,Small Business
C06192,Customer 6192,customer6192@example.com,Mumbai,Maharashtra,2024-12-27,Corporate
C06193,Customer 6193,customer6193@example.com,Chennai,Tamil Nadu,2025-11-19,Consumer
C06194,Customer 6194,customer6194@example.com,Jaipur,Rajasthan,2025-10-23,Corporate
C06195,Customer 6195,customer6195@example.com,Bengaluru,Karnataka,2024-09-24,Consumer
C06196,Customer 6196,customer6196@example.com,DELHI,Delhi,2025-07-12,Consumer
C06197,Customer 6197,customer6197@example.com,Ahmedabad,Gujarat,2025-11-15,Small Business
C06198,Customer 6198,customer6198@example.com,Jaipur,Rajasthan,2025-05-03,Corporate
C06199,Customer 6199,customer6199@example.com,Kolkata,West Bengal,2025-06-18,Consumer
C06200,Customer 6200,customer6200@example.com,Mumbai,Maharashtra,2024-06-28,Corporate
C06201,Customer 6201,customer6201@example.com,Jaipur,Rajasthan,2025-09-28,Consumer
C06202,Customer 6202,customer6202@example.com,Hyderabad,Telangana,2025-01-23,Corporate
C06203,Customer 6203,customer6203@example.com,Panipat,Haryana,2025-06-03,Corporate
C06204,Customer 6204,customer6204@example.com,Kolkata,West Bengal,2024-01-27,Consumer
C06205,Customer 6205,customer6205@example.com,Ahmedabad,Gujarat,2024-02-20,Consumer
C06206,Customer 6206,customer6206@example.com,Bengaluru,Karnataka,2024-09-08,Corporate
C06207,Customer 6207,customer6207@example.com,Hyderabad,Telangana,2025-10-13,Corporate
C06208,Customer 6208,customer6208@example.com,Delhi,Delhi,2025-01-05,Small Business
C06209,Customer 6209,customer6209@example.com,Jaipur,Rajasthan,2024-10-08,Small Business
C06210,Customer 6210,customer6210@example.com,Mumbai,Maharashtra,2025-02-18,Corporate
C06211,Customer 6211,customer6211@example.com,Ahmedabad,Gujarat,2024-05-05,Consumer
C06212,Customer 6212,customer6212@example.com,Chennai,Tamil Nadu,2024-06-01,Corporate
C06213,Customer 6213,customer6213@example.com,Jaipur,Rajasthan,2024-08-21,Corporate
C06214,Customer 6214,customer6214@example.com,Hyderabad,Telangana,2025-11-08,Consumer
C06215,Customer 6215,customer6215@example.com,Hyderabad,Telangana,2024-11-13,Consumer
C06216,Customer 6216,customer6216@example.com,Ahmedabad,Gujarat,2025-01-19,Small Business
C06217,Customer 6217,customer6217@example.com,Panipat,Haryana,2025-07-19,Small Business
C06218,Customer 6218,customer6218@example.com,Panipat,Haryana,2025-10-02,Corporate
C06219,Customer 6219,customer6219@example.com,Panipat,Haryana,2025-02-20,Consumer
C06220,Customer 6220,customer6220@example.com,Pune,Maharashtra,2025-02-24,Small Business
C06221,Customer 6221,customer6221@example.com,Ahmedabad,Gujarat,2025-07-25,Corporate
C06222,Customer 6222,customer6222@example.com,Ahmedabad,Gujarat,2024-12-29,Consumer
C06223,Customer 6223,customer6223@example.com,Ahmedabad,Gujarat,2026-03-08,Small Business
C06224,Customer 6224,customer6224@example.com,Jaipur,Rajasthan,2024-07-08,Consumer
C06225,Customer 6225,customer6225@example.com,Delhi,Delhi,2024-03-03,Corporate
C06226,Customer 6226,customer6226@example.com,Panipat,Haryana,2024-05-05,Corporate
C06227,Customer 6227,customer6227@example.com,Bengaluru,Karnataka,2026-05-04,Small Business
C06228,Customer 6228,customer6228@example.com,Delhi,Delhi,2025-07-23,Small Business
C06229,Customer 6229,customer6229@example.com,Panipat,Haryana,2024-09-24,Small Business
C06230,Customer 6230,customer6230@example.com,Bengaluru,Karnataka,2026-05-27,Small Business
C06231,Customer 6231,customer6231@example.com,Mumbai,Maharashtra,2025-07-14,Corporate
C06232,Customer 6232,customer6232@example.com,Kolkata,West Bengal,2024-09-11,Small Business
C06233,Customer 6233,customer6233@example.com,Pune,Maharashtra,2025-01-22,Small Business
C06234,Customer 6234,customer6234@example.com,Pune,Maharashtra,2025-06-25,Small Business
C06235,Customer 6235,customer6235@example.com,Delhi,Delhi,2025-02-13,Corporate
C06236,Customer 6236,customer6236@example.com,PUNE,Maharashtra,2024-06-07,Small Business
C06237,Customer 6237,customer6237@example.com,Delhi,Delhi,2024-05-24,Small Business
C06238,Customer 6238,customer6238@example.com,Chennai,Tamil Nadu,2025-09-25,Small Business
C06239,Customer 6239,customer6239@example.com,Bengaluru,Karnataka,2026-01-13,Consumer
C06240,Customer 6240,customer6240@example.com,Jaipur,Rajasthan,2025-08-08,Small Business
C06241,Customer 6241,customer6241@example.com,Bengaluru,Karnataka,2025-02-21,Corporate
C06242,Customer 6242,customer6242@example.com,Mumbai,Maharashtra,2024-01-22,Consumer
C06243,Customer 6243,customer6243@example.com,Chennai,Tamil Nadu,2026-02-13,Small Business
C06244,Customer 6244,customer6244@example.com,Mumbai,Maharashtra,2025-01-12,Small Business
C06245,Customer 6245,,Jaipur,Rajasthan,2025-03-17,Consumer
C06246,Customer 6246,customer6246@example.com,Delhi,Delhi,2024-11-13,Corporate
C06247,Customer 6247,customer6247@example.com,Delhi,Delhi,2025-04-18,Consumer
C06248,Customer 6248,customer6248@example.com,Chennai,Tamil Nadu,2024-10-25,Small Business
C06249,Customer 6249,customer6249@example.com,Chennai,Tamil Nadu,2024-06-09,Corporate
C06250,Customer 6250,customer6250@example.com,Hyderabad,Telangana,2026-02-14,Corporate
C06251,Customer 6251,customer6251@example.com,Panipat,Haryana,2024-07-10,Corporate
C06252,Customer 6252,customer6252@example.com,Pune,Maharashtra,2026-01-08,Small Business
C06253,Customer 6253,customer6253@example.com,Hyderabad,Telangana,2024-12-14,Small Business
C06254,Customer 6254,customer6254@example.com,Mumbai,Maharashtra,2024-10-27,Consumer
C06255,Customer 6255,customer6255@example.com,Panipat,Haryana,2025-11-15,Consumer
C06256,Customer 6256,,Kolkata,West Bengal,2025-01-21,Corporate
C06257,Customer 6257,customer6257@example.com,Chennai,Tamil Nadu,2026-03-22,Corporate
C06258,Customer 6258,customer6258@example.com,Bengaluru,Karnataka,2025-06-09,Small Business
C06259,Customer 6259,customer6259@example.com,Jaipur,Rajasthan,2025-06-01,Consumer
C06260,Customer 6260,customer6260@example.com,Pune,Maharashtra,2026-01-18,Consumer
C06261,Customer 6261,customer6261@example.com,Hyderabad,Telangana,2024-09-04,Small Business
C06262,Customer 6262,customer6262@example.com,Jaipur,Rajasthan,2025-06-15,Consumer
C06263,Customer 6263,customer6263@example.com,Bengaluru,Karnataka,2024-12-05,Small Business
C06264,Customer 6264,customer6264@example.com,Mumbai,Maharashtra,2025-04-21,Small Business
C06265,Customer 6265,customer6265@example.com,Panipat,Haryana,2025-11-20,Small Business
C06266,Customer 6266,customer6266@example.com,Hyderabad,Telangana,2024-02-08,Corporate
C06267,Customer 6267,customer6267@example.com,Panipat,Haryana,2026-05-23,Corporate
C06268,Customer 6268,customer6268@example.com,Pune,Maharashtra,2024-07-28,Consumer
C06269,Customer 6269,customer6269@example.com,Pune,Maharashtra,2026-02-22,Corporate
C06270,Customer 6270,customer6270@example.com,Pune,Maharashtra,2026-04-28,Small Business
C06271,Customer 6271,customer6271@example.com,Bengaluru,Karnataka,2025-08-24,Corporate
C06272,Customer 6272,customer6272@example.com,Delhi,Delhi,2025-02-08,Small Business
C06273,Customer 6273,customer6273@example.com,Pune,Maharashtra,2026-04-06,Consumer
C06274,Customer 6274,customer6274@example.com,Delhi,Delhi,2024-04-02,Consumer
C06275,Customer 6275,customer6275@example.com,Ahmedabad,Gujarat,2025-04-10,Small Business
C06276,Customer 6276,customer6276@example.com,Kolkata,West Bengal,2026-01-08,Consumer
C06277,Customer 6277,customer6277@example.com,Jaipur,Rajasthan,2024-02-19,Small Business
C06278,Customer 6278,customer6278@example.com,Pune,Maharashtra,2024-09-03,Small Business
C06279,Customer 6279,customer6279@example.com,Delhi,Delhi,2025-10-08,Small Business
C06280,Customer 6280,customer6280@example.com,Pune,Maharashtra,2025-05-19,Consumer
C06281,Customer 6281,customer6281@example.com,Mumbai,Maharashtra,2025-02-18,Small Business
C06282,Customer 6282,customer6282@example.com,Hyderabad,Telangana,2024-08-19,Consumer
C06283,Customer 6283,customer6283@example.com,Chennai,Tamil Nadu,2026-05-25,Consumer
C06284,Customer 6284,customer6284@example.com,Delhi,Delhi,2024-03-26,Small Business
C06285,Customer 6285,customer6285@example.com,Jaipur,Rajasthan,2025-05-23,Corporate
C06286,Customer 6286,customer6286@example.com,Chennai,Tamil Nadu,2024-04-07,Corporate
C06287,Customer 6287,customer6287@example.com,Jaipur,Rajasthan,2026-05-28,Corporate
C06288,Customer 6288,customer6288@example.com,Jaipur,Rajasthan,2026-01-07,Small Business
C06289,Customer 6289,customer6289@example.com,Panipat,Haryana,2024-01-11,Consumer
C06290,Customer 6290,customer6290@example.com,Pune,Maharashtra,2026-04-20,Consumer
C06291,Customer 6291,customer6291@example.com,Panipat,Haryana,2025-08-23,Consumer
C06292,Customer 6292,customer6292@example.com,Hyderabad,Telangana,2026-03-08,Corporate
C06293,Customer 6293,customer6293@example.com,Delhi,Delhi,2025-07-16,Consumer
C06294,Customer 6294,customer6294@example.com,Ahmedabad,Gujarat,2025-06-20,Consumer
C06295,Customer 6295,customer6295@example.com,Pune,Maharashtra,2025-12-05,Corporate
C06296,Customer 6296,customer6296@example.com,Hyderabad,Telangana,2025-04-28,Small Business
C06297,Customer 6297,customer6297@example.com,Kolkata,West Bengal,2024-09-27,Small Business
C06298,Customer 6298,customer6298@example.com,Bengaluru,Karnataka,2026-04-22,Small Business
C06299,Customer 6299,customer6299@example.com,Delhi,Delhi,2026-01-12,Corporate
C06300,Customer 6300,customer6300@example.com,Panipat,Haryana,2025-09-27,Small Business
C06301,Customer 6301,customer6301@example.com,Pune,Maharashtra,2025-02-05,Corporate
C06302,Customer 6302,customer6302@example.com,Ahmedabad,Gujarat,2026-03-22,Corporate
C06303,Customer 6303,customer6303@example.com,Mumbai,Maharashtra,2024-02-29,Consumer
C06304,Customer 6304,customer6304@example.com,Bengaluru,Karnataka,2025-09-10,Consumer
C06305,Customer 6305,customer6305@example.com,Delhi,Delhi,2026-06-10,Small Business
C06306,Customer 6306,customer6306@example.com,Ahmedabad,Gujarat,2024-10-20,Consumer
C06307,Customer 6307,customer6307@example.com,Jaipur,Rajasthan,2024-10-26,Consumer
C06308,Customer 6308,customer6308@example.com,Pune,Maharashtra,2025-02-10,Small Business
C06309,Customer 6309,customer6309@example.com,Kolkata,West Bengal,2024-12-17,Consumer
C06310,Customer 6310,customer6310@example.com,Ahmedabad,Gujarat,2024-05-22,Corporate
C06311,Customer 6311,customer6311@example.com,Pune,Maharashtra,2024-06-23,Small Business
C06312,Customer 6312,customer6312@example.com,Mumbai,Maharashtra,2024-08-08,Small Business
C06313,Customer 6313,customer6313@example.com,Ahmedabad,Gujarat,2025-06-01,Consumer
C06314,Customer 6314,customer6314@example.com,Delhi,Delhi,2024-09-02,Corporate
C06315,Customer 6315,customer6315@example.com,Bengaluru,Karnataka,2024-12-09,Corporate
C06316,Customer 6316,customer6316@example.com,Chennai,Tamil Nadu,2024-03-19,Consumer
C06317,Customer 6317,customer6317@example.com,Bengaluru,Karnataka,2024-02-07,Small Business
C06318,Customer 6318,customer6318@example.com,Bengaluru,Karnataka,2024-05-13,Small Business
C06319,Customer 6319,customer6319@example.com,Jaipur,Rajasthan,2025-02-21,Small Business
C06320,Customer 6320,customer6320@example.com,Panipat,Haryana,2026-04-29,Corporate
C06321,Customer 6321,customer6321@example.com,Panipat,Haryana,2026-03-07,Corporate
C06322,Customer 6322,customer6322@example.com,Pune,Maharashtra,2025-05-19,Corporate
C06323,Customer 6323,customer6323@example.com,Chennai,Tamil Nadu,2025-03-21,Small Business
C06324,Customer 6324,customer6324@example.com,Panipat,Haryana,2025-06-15,Small Business
C06325,Customer 6325,customer6325@example.com,Delhi,Delhi,2024-04-29,
C06326,Customer 6326,customer6326@example.com,Mumbai,Maharashtra,2025-03-12,Consumer
C06327,Customer 6327,customer6327@example.com,Panipat,Haryana,2024-07-16,Consumer
C06328,Customer 6328,customer6328@example.com,Jaipur,Rajasthan,2024-07-27,Corporate
C06329,Customer 6329,customer6329@example.com,Chennai,Tamil Nadu,2025-02-11,Small Business
C06330,Customer 6330,customer6330@example.com,Delhi,Delhi,2026-04-17,Consumer
C06331,Customer 6331,customer6331@example.com,Chennai,Tamil Nadu,2024-06-06,Small Business
C06332,Customer 6332,customer6332@example.com,Kolkata,West Bengal,2024-03-15,Corporate
C06333,Customer 6333,customer6333@example.com,Pune,Maharashtra,2024-04-12,Consumer
C06334,Customer 6334,customer6334@example.com,Pune,Maharashtra,2024-09-17,Corporate
C06335,Customer 6335,customer6335@example.com,Hyderabad,Telangana,2024-02-23,Corporate
C06336,Customer 6336,customer6336@example.com,Jaipur,Rajasthan,2025-07-17,Consumer
C06337,Customer 6337,customer6337@example.com,Chennai,Tamil Nadu,2025-08-08,Consumer
C06338,Customer 6338,customer6338@example.com,Kolkata,West Bengal,2025-10-03,Corporate
C06339,Customer 6339,customer6339@example.com,Chennai,Tamil Nadu,2026-02-20,Small Business
C06340,Customer 6340,customer6340@example.com,Mumbai,Maharashtra,2025-09-28,Consumer
C06341,Customer 6341,customer6341@example.com,Jaipur,Rajasthan,2026-05-01,Corporate
C06342,Customer 6342,customer6342@example.com,Bengaluru,Karnataka,2026-02-06,Consumer
C06343,Customer 6343,customer6343@example.com,Delhi,Delhi,2024-09-04,Corporate
C06344,Customer 6344,customer6344@example.com,Jaipur,Rajasthan,2024-01-06,Small Business
C06345,Customer 6345,customer6345@example.com,Kolkata,West Bengal,2026-03-09,Consumer
C06346,Customer 6346,customer6346@example.com,Hyderabad,Telangana,2024-11-01,Consumer
C06347,Customer 6347,customer6347@example.com,Kolkata,West Bengal,2026-06-02,Small Business
C06348,Customer 6348,customer6348@example.com,Jaipur,Rajasthan,2026-01-24,Small Business
C06349,Customer 6349,customer6349@example.com,Mumbai,Maharashtra,2025-02-21,Consumer
C06350,Customer 6350,customer6350@example.com,Pune,Maharashtra,2024-08-27,Small Business
C06351,Customer 6351,customer6351@example.com,Hyderabad,Telangana,2025-09-21,Small Business
C06352,Customer 6352,customer6352@example.com,Delhi,Delhi,2024-02-24,Consumer
C06353,Customer 6353,customer6353@example.com,Hyderabad,Telangana,2025-04-07,Small Business
C06354,Customer 6354,customer6354@example.com,Panipat,Haryana,2025-09-12,Consumer
C06355,Customer 6355,customer6355@example.com,Jaipur,Rajasthan,2025-01-12,Small Business
C06356,Customer 6356,customer6356@example.com,Ahmedabad,Gujarat,2025-12-25,Consumer
C06357,Customer 6357,customer6357@example.com,Bengaluru,Karnataka,2024-10-19,Small Business
C06358,Customer 6358,customer6358@example.com,Mumbai,Maharashtra,2024-01-17,Small Business
C06359,Customer 6359,customer6359@example.com,Kolkata,West Bengal,2024-09-18,Small Business
C06360,Customer 6360,customer6360@example.com,Mumbai,Maharashtra,2025-02-16,Small Business
C06361,Customer 6361,customer6361@example.com,Ahmedabad,Gujarat,2025-09-30,Small Business
C06362,Customer 6362,customer6362@example.com,Chennai,Tamil Nadu,2026-02-24,Small Business
C06363,Customer 6363,customer6363@example.com,Ahmedabad,Gujarat,2026-04-07,Corporate
C06364,Customer 6364,customer6364@example.com,Bengaluru,Karnataka,2026-04-30,Small Business
C06365,Customer 6365,customer6365@example.com,Ahmedabad,Gujarat,2026-02-16,Small Business
C06366,Customer 6366,customer6366@example.com,Kolkata,West Bengal,2024-04-01,Small Business
C06367,Customer 6367,customer6367@example.com,Bengaluru,Karnataka,2024-05-28,Small Business
C06368,Customer 6368,customer6368@example.com,Hyderabad,Telangana,2025-08-16,Corporate
C06369,Customer 6369,customer6369@example.com,Ahmedabad,Gujarat,2024-09-11,Consumer
C06370,Customer 6370,customer6370@example.com,Hyderabad,Telangana,2025-08-01,Consumer
C06371,Customer 6371,customer6371@example.com,Bengaluru,Karnataka,2024-01-22,Small Business
C06372,Customer 6372,customer6372@example.com,Bengaluru,Karnataka,2025-08-06,Small Business
C06373,Customer 6373,customer6373@example.com,Pune,Maharashtra,2024-06-28,Consumer
C06374,Customer 6374,customer6374@example.com,Delhi,Delhi,2024-07-08,Consumer
C06375,Customer 6375,customer6375@example.com,Bengaluru,Karnataka,2026-03-10,Consumer
C06376,Customer 6376,customer6376@example.com,Chennai,Tamil Nadu,2025-02-17,Small Business
C06377,Customer 6377,customer6377@example.com,Jaipur,Rajasthan,2024-02-26,Corporate
C06378,Customer 6378,customer6378@example.com,Ahmedabad,Gujarat,2025-12-17,Consumer
C06379,Customer 6379,customer6379@example.com,Jaipur,Rajasthan,2025-04-29,Consumer
C06380,Customer 6380,customer6380@example.com,Chennai,Tamil Nadu,2025-10-17,Consumer
C06381,Customer 6381,customer6381@example.com,Kolkata,West Bengal,2026-02-21,Corporate
C06382,Customer 6382,customer6382@example.com,Panipat,Haryana,2025-10-19,Corporate
C06383,Customer 6383,customer6383@example.com,Mumbai,Maharashtra,2026-02-06,Consumer
C06384,Customer 6384,customer6384@example.com,Bengaluru,Karnataka,2025-07-29,Small Business
C06385,Customer 6385,customer6385@example.com,Pune,Maharashtra,2025-06-16,Small Business
C06386,Customer 6386,customer6386@example.com,Pune,Maharashtra,2024-11-29,Small Business
C06387,Customer 6387,customer6387@example.com,Ahmedabad,Gujarat,2025-01-05,Small Business
C06388,Customer 6388,customer6388@example.com,Pune,Maharashtra,2025-06-16,Consumer
C06389,Customer 6389,customer6389@example.com,Jaipur,Rajasthan,2026-02-14,Consumer
C06390,Customer 6390,customer6390@example.com,Bengaluru,Karnataka,2026-04-27,Consumer
C06391,Customer 6391,,Hyderabad,Telangana,2025-02-21,Small Business
C06392,Customer 6392,customer6392@example.com,Delhi,Delhi,2024-05-25,Small Business
C06393,Customer 6393,customer6393@example.com,Ahmedabad,Gujarat,2025-09-16,Corporate
C06394,Customer 6394,customer6394@example.com,Hyderabad,Telangana,2024-01-31,Small Business
C06395,Customer 6395,customer6395@example.com,Mumbai,Maharashtra,2025-02-19,Small Business
C06396,Customer 6396,customer6396@example.com,Hyderabad,Telangana,2025-07-11,Small Business
C06397,Customer 6397,customer6397@example.com,Mumbai,Maharashtra,2025-03-20,Small Business
C06398,Customer 6398,customer6398@example.com,Bengaluru,Karnataka,2024-04-05,Small Business
C06399,Customer 6399,customer6399@example.com,Chennai,Tamil Nadu,2025-08-09,Corporate
C06400,Customer 6400,customer6400@example.com,Hyderabad,Telangana,2025-02-20,Small Business
C06401,Customer 6401,customer6401@example.com,Delhi,Delhi,2026-04-29,Consumer
C06402,Customer 6402,customer6402@example.com,Panipat,Haryana,2025-07-29,Corporate
C06403,Customer 6403,customer6403@example.com,Chennai,Tamil Nadu,2024-04-10,Small Business
C06404,Customer 6404,customer6404@example.com,Mumbai,Maharashtra,2026-02-23,Consumer
C06405,Customer 6405,customer6405@example.com,Jaipur,Rajasthan,2024-11-17,Small Business
C06406,Customer 6406,customer6406@example.com,Hyderabad,Telangana,2026-02-07,Consumer
C06407,Customer 6407,customer6407@example.com,Bengaluru,Karnataka,2026-05-13,Consumer
C06408,Customer 6408,customer6408@example.com,Bengaluru,Karnataka,2025-02-12,Small Business
C06409,Customer 6409,customer6409@example.com,Mumbai,Maharashtra,2024-09-03,Small Business
C06410,Customer 6410,customer6410@example.com,Bengaluru,Karnataka,2026-05-20,Small Business
C06411,Customer 6411,customer6411@example.com,Bengaluru,Karnataka,2025-10-03,Consumer
C06412,Customer 6412,customer6412@example.com,Panipat,Haryana,2026-05-02,Consumer
C06413,Customer 6413,customer6413@example.com,Kolkata,West Bengal,2026-02-09,Consumer
C06414,Customer 6414,customer6414@example.com,Panipat,Haryana,2024-01-07,
C06415,Customer 6415,customer6415@example.com,Jaipur,Rajasthan,2025-03-20,Small Business
C06416,Customer 6416,customer6416@example.com,Chennai,Tamil Nadu,2025-02-02,Consumer
C06417,Customer 6417,customer6417@example.com,Panipat,Haryana,2024-04-29,Corporate
C06418,Customer 6418,customer6418@example.com,Jaipur,Rajasthan,2024-07-25,Consumer
C06419,Customer 6419,customer6419@example.com,Delhi,Delhi,2025-11-15,Consumer
C06420,Customer 6420,customer6420@example.com,AHMEDABAD,Gujarat,2024-12-08,Consumer
C06421,Customer 6421,customer6421@example.com,Panipat,Haryana,2024-03-08,Corporate
C06422,Customer 6422,customer6422@example.com,Jaipur,Rajasthan,2024-02-27,Small Business
C06423,Customer 6423,customer6423@example.com,Bengaluru,Karnataka,2024-03-23,Corporate
C06424,Customer 6424,customer6424@example.com,Ahmedabad,Gujarat,2024-03-15,Small Business
C06425,Customer 6425,customer6425@example.com,Hyderabad,Telangana,2024-02-25,Corporate
C06426,Customer 6426,customer6426@example.com,Chennai,Tamil Nadu,2026-03-03,Consumer
C06427,Customer 6427,customer6427@example.com,Jaipur,Rajasthan,2024-07-19,Small Business
C06428,Customer 6428,customer6428@example.com,Kolkata,West Bengal,2025-10-19,Corporate
C06429,Customer 6429,customer6429@example.com,Mumbai,Maharashtra,2024-02-21,Small Business
C06430,Customer 6430,customer6430@example.com,Hyderabad,Telangana,2024-08-13,Small Business
C06431,Customer 6431,customer6431@example.com,Bengaluru,Karnataka,2024-10-03,Consumer
C06432,Customer 6432,customer6432@example.com,Kolkata,West Bengal,2025-03-27,Corporate
C06433,Customer 6433,customer6433@example.com,Ahmedabad,Gujarat,2024-10-15,Corporate
C06434,Customer 6434,customer6434@example.com,Mumbai,Maharashtra,2024-02-29,Small Business
C06435,Customer 6435,customer6435@example.com,Kolkata,West Bengal,2024-05-23,Small Business
C06436,Customer 6436,customer6436@example.com,Chennai,Tamil Nadu,2026-02-20,Corporate
C06437,Customer 6437,customer6437@example.com,Mumbai,Maharashtra,2025-09-02,Consumer
C06438,Customer 6438,customer6438@example.com,Hyderabad,Telangana,2024-01-20,Small Business
C06439,Customer 6439,customer6439@example.com,Delhi,Delhi,2026-02-02,Corporate
C06440,Customer 6440,customer6440@example.com,Kolkata,West Bengal,2025-01-28,Consumer
C06441,Customer 6441,customer6441@example.com,Mumbai,Maharashtra,2025-08-01,Small Business
C06442,Customer 6442,customer6442@example.com,Ahmedabad,Gujarat,2024-03-09,Corporate
C06443,Customer 6443,customer6443@example.com,Panipat,Haryana,2025-02-10,Small Business
C06444,Customer 6444,customer6444@example.com,Jaipur,Rajasthan,2024-09-26,Consumer
C06445,Customer 6445,customer6445@example.com,Pune,Maharashtra,2024-07-22,Consumer
C06446,Customer 6446,customer6446@example.com,Kolkata,West Bengal,2024-08-25,Consumer
C06447,Customer 6447,customer6447@example.com,Mumbai,Maharashtra,2024-11-17,Corporate
C06448,Customer 6448,customer6448@example.com,Mumbai,Maharashtra,2024-07-26,Corporate
C06449,Customer 6449,customer6449@example.com,Chennai,Tamil Nadu,2024-04-21,Corporate
C06450,Customer 6450,customer6450@example.com,Jaipur,Rajasthan,2024-03-22,Corporate
C06451,Customer 6451,customer6451@example.com,Panipat,Haryana,2024-07-28,Consumer
C06452,Customer 6452,customer6452@example.com,Delhi,Delhi,2024-03-21,Small Business
C06453,Customer 6453,customer6453@example.com,Mumbai,Maharashtra,2024-01-01,Corporate
C06454,Customer 6454,customer6454@example.com,Delhi,Delhi,2024-08-12,Corporate
C06455,Customer 6455,customer6455@example.com,Pune,Maharashtra,2026-04-24,Small Business
C06456,Customer 6456,customer6456@example.com,Hyderabad,Telangana,2024-05-15,Corporate
C06457,Customer 6457,customer6457@example.com,Kolkata,West Bengal,2025-07-13,Small Business
C06458,Customer 6458,customer6458@example.com,Hyderabad,Telangana,2025-01-20,Consumer
C06459,Customer 6459,customer6459@example.com,Pune,Maharashtra,2024-08-11,Corporate
C06460,Customer 6460,customer6460@example.com,Delhi,Delhi,2025-11-14,Small Business
C06461,Customer 6461,customer6461@example.com,Bengaluru,Karnataka,2024-11-10,Corporate
C06462,Customer 6462,,Ahmedabad,Gujarat,2024-02-20,Small Business
C06463,Customer 6463,customer6463@example.com,Mumbai,Maharashtra,2026-06-04,Small Business
C06464,Customer 6464,customer6464@example.com,Hyderabad,Telangana,2024-02-18,Consumer
C06465,Customer 6465,customer6465@example.com,Chennai,Tamil Nadu,2024-10-28,Small Business
C06466,Customer 6466,customer6466@example.com,Panipat,Haryana,2026-04-17,Consumer
C06467,Customer 6467,customer6467@example.com,Chennai,Tamil Nadu,2024-10-09,Corporate
C06468,Customer 6468,customer6468@example.com,Panipat,Haryana,2024-08-30,Corporate
C06469,Customer 6469,customer6469@example.com,Pune,Maharashtra,2025-11-29,Corporate
C06470,Customer 6470,customer6470@example.com,Delhi,Delhi,2025-02-11,Corporate
C06471,Customer 6471,customer6471@example.com,Jaipur,Rajasthan,2024-04-20,Consumer
C06472,Customer 6472,customer6472@example.com,Kolkata,West Bengal,2026-01-28,Corporate
C06473,Customer 6473,customer6473@example.com,Jaipur,Rajasthan,2024-06-23,Consumer
C06474,Customer 6474,customer6474@example.com,Delhi,Delhi,2024-01-15,Consumer
C06475,Customer 6475,customer6475@example.com,Delhi,Delhi,2026-06-18,Corporate
C06476,Customer 6476,customer6476@example.com,Ahmedabad,Gujarat,2025-07-03,Consumer
C06477,Customer 6477,customer6477@example.com,Delhi,Delhi,2025-10-05,Consumer
C06478,Customer 6478,customer6478@example.com,Bengaluru,Karnataka,2025-06-15,Corporate
C06479,Customer 6479,customer6479@example.com,Mumbai,Maharashtra,2025-08-09,Small Business
C06480,Customer 6480,customer6480@example.com,Hyderabad,Telangana,2026-01-22,Corporate
C06481,Customer 6481,customer6481@example.com,Ahmedabad,Gujarat,2025-03-24,Consumer
C06482,Customer 6482,customer6482@example.com,Chennai,Tamil Nadu,2026-06-06,Consumer
C06483,Customer 6483,customer6483@example.com,Jaipur,Rajasthan,2024-09-05,Consumer
C06484,Customer 6484,customer6484@example.com,Jaipur,Rajasthan,2024-06-30,Small Business
C06485,Customer 6485,,Hyderabad,Telangana,2025-02-22,Consumer
C06486,Customer 6486,customer6486@example.com,Hyderabad,Telangana,2024-08-22,Small Business
C06487,Customer 6487,customer6487@example.com,Kolkata,West Bengal,2026-01-26,Consumer
C06488,Customer 6488,customer6488@example.com,Kolkata,West Bengal,2026-03-15,Small Business
C06489,Customer 6489,customer6489@example.com,Ahmedabad,Gujarat,2025-07-11,Small Business
C06490,Customer 6490,customer6490@example.com,Chennai,Tamil Nadu,2025-02-16,Small Business
C06491,Customer 6491,customer6491@example.com,Delhi,Delhi,2025-04-09,Corporate
C06492,Customer 6492,customer6492@example.com,Panipat,Haryana,2025-02-16,Corporate
C06493,Customer 6493,customer6493@example.com,Pune,Maharashtra,2025-02-18,Small Business
C06494,Customer 6494,customer6494@example.com,Mumbai,Maharashtra,2026-05-30,Consumer
C06495,Customer 6495,customer6495@example.com,Hyderabad,Telangana,2026-02-21,Consumer
C06496,Customer 6496,customer6496@example.com,Chennai,Tamil Nadu,2025-07-07,Consumer
C06497,Customer 6497,customer6497@example.com,Delhi,Delhi,2025-11-05,Consumer
C06498,Customer 6498,customer6498@example.com,Mumbai,Maharashtra,2024-08-17,Small Business
C06499,Customer 6499,customer6499@example.com,Hyderabad,Telangana,2024-12-01,Small Business
C06500,Customer 6500,customer6500@example.com,Mumbai,Maharashtra,2024-03-29,Corporate
C06501,Customer 6501,customer6501@example.com,Hyderabad,Telangana,2024-01-16,Corporate
C06502,Customer 6502,customer6502@example.com,Jaipur,Rajasthan,2025-04-03,Consumer
C06503,Customer 6503,customer6503@example.com,Bengaluru,Karnataka,2025-02-18,Small Business
C06504,Customer 6504,customer6504@example.com,Mumbai,Maharashtra,2026-01-20,Consumer
C06505,Customer 6505,customer6505@example.com,Jaipur,Rajasthan,2025-10-28,Consumer
C06506,Customer 6506,customer6506@example.com,Delhi,Delhi,2025-08-07,Consumer
C06507,Customer 6507,customer6507@example.com,Hyderabad,Telangana,2025-08-04,Corporate
C06508,Customer 6508,customer6508@example.com,Kolkata,West Bengal,2026-02-12,Small Business
C06509,Customer 6509,customer6509@example.com,Panipat,Haryana,2025-07-24,Small Business
C06510,Customer 6510,customer6510@example.com,Jaipur,Rajasthan,2026-03-02,Small Business
C06511,Customer 6511,customer6511@example.com,Bengaluru,Karnataka,2024-08-28,Corporate
C06512,Customer 6512,customer6512@example.com,Ahmedabad,Gujarat,2025-09-15,Small Business
C06513,Customer 6513,customer6513@example.com,Bengaluru,Karnataka,2026-03-13,Small Business
C06514,Customer 6514,customer6514@example.com,Panipat,Haryana,2024-06-11,Consumer
C06515,Customer 6515,customer6515@example.com,Panipat,Haryana,2026-05-21,Corporate
C06516,Customer 6516,customer6516@example.com,Panipat,Haryana,2025-09-11,Small Business
C06517,Customer 6517,customer6517@example.com,Pune,Maharashtra,2025-11-09,Small Business
C06518,Customer 6518,customer6518@example.com,Chennai,Tamil Nadu,2026-01-06,Small Business
C06519,Customer 6519,customer6519@example.com,Bengaluru,Karnataka,2025-06-03,Corporate
C06520,Customer 6520,customer6520@example.com,Mumbai,Maharashtra,2024-11-01,Small Business
C06521,Customer 6521,customer6521@example.com,HYDERABAD,Telangana,2026-05-16,Small Business
C06522,Customer 6522,customer6522@example.com,Ahmedabad,Gujarat,2025-06-08,Small Business
C06523,Customer 6523,customer6523@example.com,Delhi,Delhi,2025-10-24,Consumer
C06524,Customer 6524,customer6524@example.com,Bengaluru,Karnataka,2024-12-21,Corporate
C06525,Customer 6525,customer6525@example.com,Jaipur,Rajasthan,2025-06-03,Corporate
C06526,Customer 6526,customer6526@example.com,Panipat,Haryana,2025-12-12,Small Business
C06527,Customer 6527,customer6527@example.com,Kolkata,West Bengal,2024-04-03,Corporate
C06528,Customer 6528,customer6528@example.com,Mumbai,Maharashtra,2024-08-28,Small Business
C06529,Customer 6529,customer6529@example.com,Chennai,Tamil Nadu,2025-04-03,Corporate
C06530,Customer 6530,customer6530@example.com,Kolkata,West Bengal,2024-07-19,Small Business
C06531,Customer 6531,customer6531@example.com,Mumbai,Maharashtra,2024-01-27,Small Business
C06532,Customer 6532,customer6532@example.com,Kolkata,West Bengal,2024-10-08,Corporate
C06533,Customer 6533,customer6533@example.com,Delhi,Delhi,2025-09-20,Consumer
C06534,Customer 6534,customer6534@example.com,Kolkata,West Bengal,2025-05-21,Small Business
C06535,Customer 6535,customer6535@example.com,Jaipur,Rajasthan,2025-05-19,Corporate
C06536,Customer 6536,customer6536@example.com,Jaipur,Rajasthan,2024-06-02,Small Business
C06537,Customer 6537,customer6537@example.com,Ahmedabad,Gujarat,2025-03-22,Small Business
C06538,Customer 6538,customer6538@example.com,Kolkata,West Bengal,2026-01-05,Consumer
C06539,Customer 6539,customer6539@example.com,Mumbai,Maharashtra,2024-11-23,Small Business
C06540,Customer 6540,customer6540@example.com,Ahmedabad,Gujarat,2024-07-19,Corporate
C06541,Customer 6541,customer6541@example.com,Panipat,Haryana,2026-03-20,Small Business
C06542,Customer 6542,customer6542@example.com,Jaipur,Rajasthan,2024-11-21,Small Business
C06543,Customer 6543,customer6543@example.com,Jaipur,Rajasthan,2024-01-01,Corporate
C06544,Customer 6544,customer6544@example.com,Mumbai,Maharashtra,2025-11-29,Small Business
C06545,Customer 6545,customer6545@example.com,Pune,Maharashtra,2025-01-12,Consumer
C06546,Customer 6546,customer6546@example.com,Bengaluru,Karnataka,2024-01-31,Small Business
C06547,Customer 6547,customer6547@example.com,Hyderabad,Telangana,2026-02-12,Corporate
C06548,Customer 6548,customer6548@example.com,Chennai,Tamil Nadu,2026-01-15,Small Business
C06549,Customer 6549,customer6549@example.com,Hyderabad,Telangana,2025-12-03,Corporate
C06550,Customer 6550,customer6550@example.com,Ahmedabad,Gujarat,2024-02-09,Consumer
C06551,Customer 6551,customer6551@example.com,Delhi,Delhi,2024-06-20,Corporate
C06552,Customer 6552,customer6552@example.com,Jaipur,Rajasthan,2024-06-29,Small Business
C06553,Customer 6553,customer6553@example.com,Hyderabad,Telangana,2026-05-22,Corporate
C06554,Customer 6554,customer6554@example.com,Bengaluru,Karnataka,2024-09-14,Consumer
C06555,Customer 6555,customer6555@example.com,Jaipur,Rajasthan,2025-02-06,Corporate
C06556,Customer 6556,customer6556@example.com,Ahmedabad,Gujarat,2025-02-07,Consumer
C06557,Customer 6557,customer6557@example.com,Mumbai,Maharashtra,2024-12-27,Small Business
C06558,Customer 6558,customer6558@example.com,Bengaluru,Karnataka,2024-07-09,Small Business
C06559,Customer 6559,customer6559@example.com,Pune,Maharashtra,2025-10-11,Consumer
C06560,Customer 6560,customer6560@example.com,Jaipur,Rajasthan,2026-01-27,Small Business
C06561,Customer 6561,customer6561@example.com,Bengaluru,Karnataka,2026-03-19,Corporate
C06562,Customer 6562,customer6562@example.com,Pune,Maharashtra,2026-06-06,Consumer
C06563,Customer 6563,customer6563@example.com,Jaipur,Rajasthan,2025-08-09,Consumer
C06564,Customer 6564,customer6564@example.com,Hyderabad,Telangana,2025-02-18,Consumer
C06565,Customer 6565,customer6565@example.com,Bengaluru,Karnataka,2024-03-22,Small Business
C06566,Customer 6566,customer6566@example.com,Hyderabad,Telangana,2024-07-10,Small Business
C06567,Customer 6567,customer6567@example.com,Hyderabad,Telangana,2026-01-09,Corporate
C06568,Customer 6568,customer6568@example.com,Mumbai,Maharashtra,2024-12-17,Corporate
C06569,Customer 6569,customer6569@example.com,Mumbai,Maharashtra,2025-08-12,Consumer
C06570,Customer 6570,customer6570@example.com,Chennai,Tamil Nadu,2025-08-26,Consumer
C06571,Customer 6571,customer6571@example.com,Pune,Maharashtra,2024-12-17,Small Business
C06572,Customer 6572,customer6572@example.com,Ahmedabad,Gujarat,2026-03-11,Small Business
C06573,Customer 6573,customer6573@example.com,Hyderabad,Telangana,2024-04-14,Consumer
C06574,Customer 6574,customer6574@example.com,Jaipur,Rajasthan,2024-04-18,Small Business
C06575,Customer 6575,customer6575@example.com,Chennai,Tamil Nadu,2025-01-13,Corporate
C06576,Customer 6576,customer6576@example.com,Panipat,Haryana,2025-10-23,Corporate
C06577,Customer 6577,customer6577@example.com,Jaipur,Rajasthan,2024-09-26,Corporate
C06578,Customer 6578,customer6578@example.com,Jaipur,Rajasthan,2024-11-28,Consumer
C06579,Customer 6579,customer6579@example.com,Ahmedabad,Gujarat,2024-11-24,Corporate
C06580,Customer 6580,customer6580@example.com,Bengaluru,Karnataka,2026-04-24,Corporate
C06581,Customer 6581,customer6581@example.com,Pune,Maharashtra,2024-01-08,Consumer
C06582,Customer 6582,customer6582@example.com,Bengaluru,Karnataka,2025-10-05,Small Business
C06583,Customer 6583,customer6583@example.com,Delhi,Delhi,2026-06-17,Small Business
C06584,Customer 6584,customer6584@example.com,Jaipur,Rajasthan,2026-04-24,Small Business
C06585,Customer 6585,customer6585@example.com,Delhi,Delhi,2026-05-02,Consumer
C06586,Customer 6586,customer6586@example.com,Kolkata,West Bengal,2025-09-05,Corporate
C06587,Customer 6587,customer6587@example.com,Mumbai,Maharashtra,2024-02-18,Consumer
C06588,Customer 6588,customer6588@example.com,Jaipur,Rajasthan,2026-05-03,Small Business
C06589,Customer 6589,customer6589@example.com,Hyderabad,Telangana,2025-08-18,Consumer
C06590,Customer 6590,customer6590@example.com,Bengaluru,Karnataka,2026-03-23,Consumer
C06591,Customer 6591,customer6591@example.com,Delhi,Delhi,2026-05-08,Corporate
C06592,Customer 6592,customer6592@example.com,Pune,Maharashtra,2025-02-07,Corporate
C06593,Customer 6593,customer6593@example.com,Delhi,Delhi,2024-11-29,Corporate
C06594,Customer 6594,customer6594@example.com,Kolkata,West Bengal,2024-04-20,Corporate
C06595,Customer 6595,customer6595@example.com,Hyderabad,Telangana,2024-07-26,Consumer
C06596,Customer 6596,customer6596@example.com,Pune,Maharashtra,2026-01-16,Consumer
C06597,Customer 6597,customer6597@example.com,Hyderabad,Telangana,2025-09-26,Consumer
C06598,Customer 6598,customer6598@example.com,Chennai,Tamil Nadu,2025-05-02,Small Business
C06599,Customer 6599,customer6599@example.com,Jaipur,Rajasthan,2024-04-09,Consumer
C06600,Customer 6600,customer6600@example.com,Chennai,Tamil Nadu,2025-04-03,Corporate
C06601,Customer 6601,customer6601@example.com,Panipat,Haryana,2024-01-17,Small Business
C06602,Customer 6602,customer6602@example.com,Bengaluru,Karnataka,2026-05-16,Consumer
C06603,Customer 6603,customer6603@example.com,Delhi,Delhi,2024-10-17,Consumer
C06604,Customer 6604,customer6604@example.com,Panipat,Haryana,2026-03-05,Corporate
C06605,Customer 6605,customer6605@example.com,Mumbai,Maharashtra,2025-04-12,Corporate
C06606,Customer 6606,customer6606@example.com,Ahmedabad,Gujarat,2025-06-25,Consumer
C06607,Customer 6607,customer6607@example.com,Ahmedabad,Gujarat,2025-06-20,Corporate
C06608,Customer 6608,customer6608@example.com,Jaipur,Rajasthan,2024-03-02,Small Business
C06609,Customer 6609,customer6609@example.com,Mumbai,Maharashtra,2026-02-14,Corporate
C06610,Customer 6610,customer6610@example.com,Panipat,Haryana,2024-10-05,Corporate
C06611,Customer 6611,customer6611@example.com,Mumbai,Maharashtra,2024-08-28,Small Business
C06612,Customer 6612,customer6612@example.com,Jaipur,Rajasthan,2025-07-25,Corporate
C06613,Customer 6613,customer6613@example.com,Chennai,Tamil Nadu,2024-06-15,Consumer
C06614,Customer 6614,customer6614@example.com,Hyderabad,Telangana,2025-07-24,Corporate
C06615,Customer 6615,customer6615@example.com,Chennai,Tamil Nadu,2024-02-29,Corporate
C06616,Customer 6616,customer6616@example.com,Ahmedabad,Gujarat,2025-06-02,Corporate
C06617,Customer 6617,customer6617@example.com,Kolkata,West Bengal,2025-07-05,Corporate
C06618,Customer 6618,customer6618@example.com,Bengaluru,Karnataka,2024-11-01,Consumer
C06619,Customer 6619,customer6619@example.com,Mumbai,Maharashtra,2025-05-19,Small Business
C06620,Customer 6620,customer6620@example.com,HYDERABAD,Telangana,2025-06-06,Corporate
C06621,Customer 6621,customer6621@example.com,Bengaluru,Karnataka,2025-07-08,Small Business
C06622,Customer 6622,customer6622@example.com,Hyderabad,Telangana,2026-01-20,Small Business
C06623,Customer 6623,customer6623@example.com,Chennai,Tamil Nadu,2025-01-07,Corporate
C06624,Customer 6624,customer6624@example.com,Ahmedabad,Gujarat,2024-10-21,Consumer
C06625,Customer 6625,customer6625@example.com,Jaipur,Rajasthan,2024-05-11,Corporate
C06626,Customer 6626,customer6626@example.com,Ahmedabad,Gujarat,2024-05-01,Consumer
C06627,Customer 6627,customer6627@example.com,Chennai,Tamil Nadu,2024-12-06,Consumer
C06628,Customer 6628,customer6628@example.com,Mumbai,Maharashtra,2026-05-21,Consumer
C06629,Customer 6629,customer6629@example.com,Panipat,Haryana,2024-02-13,Consumer
C06630,Customer 6630,customer6630@example.com,Bengaluru,Karnataka,2025-01-16,Small Business
C06631,Customer 6631,customer6631@example.com,Pune,Maharashtra,2025-08-23,Small Business
C06632,Customer 6632,customer6632@example.com,Pune,Maharashtra,2024-03-15,Consumer
C06633,Customer 6633,customer6633@example.com,Mumbai,Maharashtra,2025-10-20,Consumer
C06634,Customer 6634,customer6634@example.com,Hyderabad,Telangana,2026-06-08,Corporate
C06635,Customer 6635,customer6635@example.com,Delhi,Delhi,2024-08-01,Consumer
C06636,Customer 6636,customer6636@example.com,Hyderabad,Telangana,2024-12-14,Corporate
C06637,Customer 6637,customer6637@example.com,Panipat,Haryana,2025-06-18,Consumer
C06638,Customer 6638,customer6638@example.com,Chennai,Tamil Nadu,2025-07-22,Small Business
C06639,Customer 6639,customer6639@example.com,Mumbai,Maharashtra,2025-11-29,Consumer
C06640,Customer 6640,customer6640@example.com,Bengaluru,Karnataka,2024-11-06,Corporate
C06641,Customer 6641,customer6641@example.com,Jaipur,Rajasthan,2025-06-21,Small Business
C06642,Customer 6642,customer6642@example.com,Chennai,Tamil Nadu,2025-01-30,Small Business
C06643,Customer 6643,customer6643@example.com,Ahmedabad,Gujarat,2026-01-03,Corporate
C06644,Customer 6644,customer6644@example.com,Mumbai,Maharashtra,2025-05-26,Small Business
C06645,Customer 6645,customer6645@example.com,Pune,Maharashtra,2025-03-09,Corporate
C06646,Customer 6646,customer6646@example.com,Kolkata,West Bengal,2026-01-06,Corporate
C06647,Customer 6647,customer6647@example.com,Chennai,Tamil Nadu,2024-06-02,Small Business
C06648,Customer 6648,customer6648@example.com,Panipat,Haryana,2024-05-12,Corporate
C06649,Customer 6649,customer6649@example.com,Jaipur,Rajasthan,2026-01-26,Small Business
C06650,Customer 6650,customer6650@example.com,Mumbai,Maharashtra,2025-01-12,Corporate
C06651,Customer 6651,invalid-email-6650,Pune,Maharashtra,2024-03-12,Small Business
C06652,Customer 6652,customer6652@example.com,Pune,Maharashtra,2026-04-04,Consumer
C06653,Customer 6653,customer6653@example.com,Jaipur,Rajasthan,2026-04-07,Consumer
C06654,Customer 6654,customer6654@example.com,Mumbai,Maharashtra,2024-07-13,Consumer
C06655,Customer 6655,customer6655@example.com,Mumbai,Maharashtra,2024-07-23,Small Business
C06656,Customer 6656,customer6656@example.com,Mumbai,Maharashtra,2026-06-18,Small Business
C06657,Customer 6657,customer6657@example.com,Panipat,Haryana,2025-10-03,Corporate
C06658,Customer 6658,customer6658@example.com,Ahmedabad,Gujarat,2024-04-04,Consumer
C06659,Customer 6659,customer6659@example.com,Chennai,Tamil Nadu,2026-01-26,
C06660,Customer 6660,customer6660@example.com,Delhi,Delhi,2025-06-16,Consumer
C06661,Customer 6661,customer6661@example.com,Chennai,Tamil Nadu,2024-09-25,Corporate
C06662,Customer 6662,customer6662@example.com,Mumbai,Maharashtra,2024-07-27,Small Business
C06663,Customer 6663,customer6663@example.com,Jaipur,Rajasthan,2025-04-19,Corporate
C06664,Customer 6664,customer6664@example.com,Panipat,Haryana,2025-06-29,Consumer
C06665,Customer 6665,customer6665@example.com,Kolkata,West Bengal,2025-02-17,Small Business
C06666,Customer 6666,customer6666@example.com,Delhi,Delhi,2025-11-12,Corporate
C06667,Customer 6667,customer6667@example.com,Mumbai,Maharashtra,2026-03-16,Consumer
C06668,Customer 6668,customer6668@example.com,Hyderabad,Telangana,2025-05-06,Corporate
C06669,Customer 6669,customer6669@example.com,Hyderabad,Telangana,2024-09-23,Small Business
C06670,Customer 6670,customer6670@example.com,Hyderabad,Telangana,2025-07-29,
C06671,Customer 6671,customer6671@example.com,Bengaluru,Karnataka,2025-05-10,Consumer
C06672,Customer 6672,customer6672@example.com,Chennai,Tamil Nadu,2024-06-07,Small Business
C06673,Customer 6673,customer6673@example.com,Panipat,Haryana,2024-11-29,Consumer
C06674,Customer 6674,,Ahmedabad,Gujarat,2024-04-02,Small Business
C06675,Customer 6675,customer6675@example.com,Kolkata,West Bengal,2025-01-26,Small Business
C06676,Customer 6676,customer6676@example.com,Jaipur,Rajasthan,2024-09-03,
C06677,Customer 6677,customer6677@example.com,Delhi,Delhi,2025-02-05,Consumer
C06678,Customer 6678,customer6678@example.com,Jaipur,Rajasthan,2026-06-08,Consumer
C06679,Customer 6679,customer6679@example.com,Kolkata,West Bengal,2024-05-03,Small Business
C06680,Customer 6680,customer6680@example.com,Kolkata,West Bengal,2024-06-28,Consumer
C06681,Customer 6681,customer6681@example.com,Kolkata,West Bengal,2025-12-04,Consumer
C06682,Customer 6682,customer6682@example.com,Pune,Maharashtra,2025-03-29,Small Business
C06683,Customer 6683,customer6683@example.com,Pune,Maharashtra,2025-08-01,Small Business
C06684,Customer 6684,customer6684@example.com,Ahmedabad,Gujarat,2024-07-09,Consumer
C06685,Customer 6685,customer6685@example.com,Hyderabad,Telangana,2024-07-05,Consumer
C06686,Customer 6686,customer6686@example.com,Mumbai,Maharashtra,2025-08-13,Small Business
C06687,Customer 6687,customer6687@example.com,Ahmedabad,Gujarat,2024-08-07,Small Business
C06688,Customer 6688,customer6688@example.com,Chennai,Tamil Nadu,2024-06-24,Consumer
C06689,Customer 6689,customer6689@example.com,Chennai,Tamil Nadu,2026-03-29,Corporate
C06690,Customer 6690,customer6690@example.com,Ahmedabad,Gujarat,2024-03-18,Small Business
C06691,Customer 6691,customer6691@example.com,Bengaluru,Karnataka,2024-08-29,Small Business
C06692,Customer 6692,customer6692@example.com,Jaipur,Rajasthan,2024-05-27,Consumer
C06693,Customer 6693,customer6693@example.com,Mumbai,Maharashtra,2024-11-28,Small Business
C06694,Customer 6694,customer6694@example.com,Hyderabad,Telangana,2025-12-20,Consumer
C06695,Customer 6695,customer6695@example.com,Ahmedabad,Gujarat,2026-05-26,Small Business
C06696,Customer 6696,customer6696@example.com,Pune,Maharashtra,2024-11-23,Small Business
C06697,Customer 6697,customer6697@example.com,Bengaluru,Karnataka,2024-09-30,Corporate
C06698,Customer 6698,customer6698@example.com,Delhi,Delhi,2025-05-15,Small Business
C06699,Customer 6699,customer6699@example.com,Kolkata,West Bengal,2026-01-24,Small Business
C06700,Customer 6700,customer6700@example.com,Kolkata,West Bengal,2024-08-12,Consumer
C06701,Customer 6701,customer6701@example.com,Chennai,Tamil Nadu,2024-10-23,Consumer
C06702,Customer 6702,customer6702@example.com,Panipat,Haryana,2025-08-07,Corporate
C06703,Customer 6703,customer6703@example.com,Bengaluru,Karnataka,2026-06-05,Corporate
C06704,Customer 6704,customer6704@example.com,Ahmedabad,Gujarat,2026-04-10,Corporate
C06705,Customer 6705,customer6705@example.com,Ahmedabad,Gujarat,2026-01-02,Small Business
C06706,Customer 6706,customer6706@example.com,Delhi,Delhi,2024-07-03,Corporate
C06707,Customer 6707,customer6707@example.com,Ahmedabad,Gujarat,2026-04-24,Small Business
C06708,Customer 6708,customer6708@example.com,Kolkata,West Bengal,2024-01-03,Consumer
C06709,Customer 6709,customer6709@example.com,Ahmedabad,Gujarat,2024-06-27,Corporate
C06710,Customer 6710,customer6710@example.com,Delhi,Delhi,2024-06-14,Consumer
C06711,Customer 6711,customer6711@example.com,Hyderabad,Telangana,2024-09-09,Small Business
C06712,Customer 6712,customer6712@example.com,Ahmedabad,Gujarat,2025-04-24,Small Business
C06713,Customer 6713,customer6713@example.com,Kolkata,West Bengal,2026-01-06,Consumer
C06714,Customer 6714,customer6714@example.com,Pune,Maharashtra,2025-05-17,Small Business
C06715,Customer 6715,customer6715@example.com,Hyderabad,Telangana,2024-05-21,Small Business
C06716,Customer 6716,customer6716@example.com,Jaipur,Rajasthan,2025-06-15,Consumer
C06717,Customer 6717,invalid-email-6716,Mumbai,Maharashtra,2024-06-01,Consumer
C06718,Customer 6718,customer6718@example.com,Delhi,Delhi,2024-05-17,Corporate
C06719,Customer 6719,customer6719@example.com,Chennai,Tamil Nadu,2026-01-16,Small Business
C06720,Customer 6720,customer6720@example.com,Panipat,Haryana,2025-07-15,Consumer
C06721,Customer 6721,customer6721@example.com,Mumbai,Maharashtra,2024-02-08,Consumer
C06722,Customer 6722,customer6722@example.com,Bengaluru,Karnataka,2026-02-18,Small Business
C06723,Customer 6723,customer6723@example.com,Kolkata,West Bengal,2025-09-13,Small Business
C06724,Customer 6724,customer6724@example.com,Kolkata,West Bengal,2025-06-15,Small Business
C06725,Customer 6725,customer6725@example.com,Jaipur,Rajasthan,2026-06-03,Small Business
C06726,Customer 6726,customer6726@example.com,Kolkata,West Bengal,2024-12-23,Small Business
C06727,Customer 6727,customer6727@example.com,Pune,Maharashtra,2025-12-10,Small Business
C06728,Customer 6728,customer6728@example.com,Hyderabad,Telangana,2025-11-14,Small Business
C06729,Customer 6729,customer6729@example.com,Hyderabad,Telangana,2024-07-08,Consumer
C06730,Customer 6730,customer6730@example.com,Jaipur,Rajasthan,2025-02-07,Consumer
C06731,Customer 6731,customer6731@example.com,Panipat,Haryana,2024-07-25,Consumer
C06732,Customer 6732,customer6732@example.com,Bengaluru,Karnataka,2024-11-05,Consumer
C06733,Customer 6733,customer6733@example.com,Chennai,Tamil Nadu,2025-10-22,Consumer
C06734,Customer 6734,customer6734@example.com,Ahmedabad,Gujarat,2026-05-25,Small Business
C06735,Customer 6735,customer6735@example.com,Hyderabad,Telangana,2024-04-22,Corporate
C06736,Customer 6736,customer6736@example.com,Delhi,Delhi,2024-12-21,Consumer
C06737,Customer 6737,customer6737@example.com,Pune,Maharashtra,2026-06-11,Small Business
C06738,Customer 6738,customer6738@example.com,Ahmedabad,Gujarat,2026-06-07,Consumer
C06739,Customer 6739,customer6739@example.com,Panipat,Haryana,2026-03-08,Consumer
C06740,Customer 6740,,Ahmedabad,Gujarat,2024-06-20,Small Business
C06741,Customer 6741,customer6741@example.com,Ahmedabad,Gujarat,2026-02-06,Corporate
C06742,Customer 6742,customer6742@example.com,Panipat,Haryana,2024-04-04,Corporate
C06743,Customer 6743,customer6743@example.com,Pune,Maharashtra,2025-05-04,Corporate
C06744,Customer 6744,customer6744@example.com,Jaipur,Rajasthan,2024-07-16,Consumer
C06745,Customer 6745,customer6745@example.com,Ahmedabad,Gujarat,2026-04-23,Consumer
C06746,Customer 6746,customer6746@example.com,Panipat,Haryana,2025-08-13,Corporate
C06747,Customer 6747,customer6747@example.com,Kolkata,West Bengal,2024-03-25,Consumer
C06748,Customer 6748,customer6748@example.com,Ahmedabad,Gujarat,2025-05-26,Consumer
C06749,Customer 6749,customer6749@example.com,Ahmedabad,Gujarat,2024-04-27,Consumer
C06750,Customer 6750,customer6750@example.com,Chennai,Tamil Nadu,2024-02-19,Small Business
C06751,Customer 6751,customer6751@example.com,Mumbai,Maharashtra,2026-01-19,Consumer
C06752,Customer 6752,customer6752@example.com,Delhi,Delhi,2024-07-31,Consumer
C06753,Customer 6753,customer6753@example.com,Delhi,Delhi,2026-06-06,Small Business
C06754,Customer 6754,customer6754@example.com,Kolkata,West Bengal,2025-02-23,Corporate
C06755,Customer 6755,customer6755@example.com,Mumbai,Maharashtra,2024-02-24,Consumer
C06756,Customer 6756,customer6756@example.com,Ahmedabad,Gujarat,2026-02-28,Small Business
C06757,Customer 6757,customer6757@example.com,Delhi,Delhi,2024-04-28,Consumer
C06758,Customer 6758,customer6758@example.com,Chennai,Tamil Nadu,2025-02-16,Consumer
C06759,Customer 6759,customer6759@example.com,Mumbai,Maharashtra,2024-07-04,Consumer
C06760,Customer 6760,customer6760@example.com,Delhi,Delhi,2025-09-24,Small Business
C06761,Customer 6761,customer6761@example.com,Panipat,Haryana,2025-04-02,Consumer
C06762,Customer 6762,customer6762@example.com,Hyderabad,Telangana,2025-11-08,Small Business
C06763,Customer 6763,customer6763@example.com,Jaipur,Rajasthan,2026-02-17,Corporate
C06764,Customer 6764,customer6764@example.com,Pune,Maharashtra,2024-07-21,Small Business
C06765,Customer 6765,customer6765@example.com,Pune,Maharashtra,2024-02-07,Corporate
C06766,Customer 6766,customer6766@example.com,Ahmedabad,Gujarat,2024-07-16,Corporate
C06767,Customer 6767,customer6767@example.com,Chennai,Tamil Nadu,2024-12-11,Consumer
C06768,Customer 6768,customer6768@example.com,Jaipur,Rajasthan,2024-01-14,Small Business
C06769,Customer 6769,customer6769@example.com,Mumbai,Maharashtra,2025-04-11,Small Business
C06770,Customer 6770,customer6770@example.com,Bengaluru,Karnataka,2026-03-06,Small Business
C06771,Customer 6771,customer6771@example.com,Delhi,Delhi,2024-06-02,Corporate
C06772,Customer 6772,customer6772@example.com,Mumbai,Maharashtra,2024-04-12,Consumer
C06773,Customer 6773,customer6773@example.com,Bengaluru,Karnataka,2024-01-24,Small Business
C06774,Customer 6774,customer6774@example.com,Chennai,Tamil Nadu,2025-10-02,Small Business
C06775,Customer 6775,customer6775@example.com,Mumbai,Maharashtra,2024-12-11,Consumer
C06776,Customer 6776,customer6776@example.com,Ahmedabad,Gujarat,2025-11-11,Corporate
C06777,Customer 6777,customer6777@example.com,Mumbai,Maharashtra,2024-06-02,Small Business
C06778,Customer 6778,customer6778@example.com,Bengaluru,Karnataka,2025-01-19,Consumer
C06779,Customer 6779,customer6779@example.com,Panipat,Haryana,2026-05-10,Small Business
C06780,Customer 6780,customer6780@example.com,Pune,Maharashtra,2025-12-18,Corporate
C06781,Customer 6781,customer6781@example.com,Hyderabad,Telangana,2026-01-08,Corporate
C06782,Customer 6782,customer6782@example.com,Delhi,Delhi,2026-04-09,Small Business
C06783,Customer 6783,customer6783@example.com,Panipat,Haryana,2026-04-04,Consumer
C06784,Customer 6784,customer6784@example.com,Ahmedabad,Gujarat,2025-09-02,Corporate
C06785,Customer 6785,customer6785@example.com,Mumbai,Maharashtra,2026-03-08,Small Business
C06786,Customer 6786,customer6786@example.com,Ahmedabad,Gujarat,2025-05-23,Consumer
C06787,Customer 6787,customer6787@example.com,Delhi,Delhi,2024-08-22,Corporate
C06788,Customer 6788,customer6788@example.com,Delhi,Delhi,2024-05-25,Corporate
C06789,Customer 6789,customer6789@example.com,Pune,Maharashtra,2025-03-10,Corporate
C06790,Customer 6790,customer6790@example.com,Jaipur,Rajasthan,2024-11-30,Small Business
C06791,Customer 6791,customer6791@example.com,Hyderabad,Telangana,2025-01-31,Corporate
C06792,Customer 6792,customer6792@example.com,Mumbai,Maharashtra,2024-08-05,Consumer
C06793,Customer 6793,customer6793@example.com,Bengaluru,Karnataka,2024-03-17,Small Business
C06794,Customer 6794,customer6794@example.com,Mumbai,Maharashtra,2024-01-27,Consumer
C06795,Customer 6795,customer6795@example.com,Kolkata,West Bengal,2024-02-25,Corporate
C06796,Customer 6796,customer6796@example.com,Delhi,Delhi,2025-01-05,Small Business
C06797,Customer 6797,customer6797@example.com,Mumbai,Maharashtra,2025-05-05,Consumer
C06798,Customer 6798,customer6798@example.com,Jaipur,Rajasthan,2025-05-21,Corporate
C06799,Customer 6799,customer6799@example.com,Panipat,Haryana,2024-06-19,Small Business
C06800,Customer 6800,customer6800@example.com,Ahmedabad,Gujarat,2024-03-03,Corporate
C06801,Customer 6801,customer6801@example.com,Delhi,Delhi,2025-03-17,Corporate
C06802,Customer 6802,customer6802@example.com,Ahmedabad,Gujarat,2024-01-23,Corporate
C06803,Customer 6803,customer6803@example.com,Pune,Maharashtra,2024-05-13,Consumer
C06804,Customer 6804,customer6804@example.com,Bengaluru,Karnataka,2025-06-27,Small Business
C06805,Customer 6805,customer6805@example.com,Delhi,Delhi,2024-12-16,Corporate
C06806,Customer 6806,customer6806@example.com,Bengaluru,Karnataka,2026-06-03,Consumer
C06807,Customer 6807,customer6807@example.com,Panipat,Haryana,2024-08-15,Small Business
C06808,Customer 6808,customer6808@example.com,Bengaluru,Karnataka,2024-02-03,Consumer
C06809,Customer 6809,customer6809@example.com,Panipat,Haryana,2024-05-07,
C06810,Customer 6810,customer6810@example.com,Ahmedabad,Gujarat,2025-01-06,Corporate
C06811,Customer 6811,customer6811@example.com,Kolkata,West Bengal,2025-07-31,Small Business
C06812,Customer 6812,customer6812@example.com,Kolkata,West Bengal,2025-01-12,Corporate
C06813,Customer 6813,customer6813@example.com,Bengaluru,Karnataka,2025-09-29,Consumer
C06814,Customer 6814,customer6814@example.com,Hyderabad,Telangana,2025-03-29,Small Business
C06815,Customer 6815,customer6815@example.com,Hyderabad,Telangana,2025-01-15,Corporate
C06816,Customer 6816,customer6816@example.com,Chennai,Tamil Nadu,2026-05-13,Consumer
C06817,Customer 6817,customer6817@example.com,Pune,Maharashtra,2024-09-14,Corporate
C06818,Customer 6818,customer6818@example.com,Delhi,Delhi,2024-05-20,Corporate
C06819,Customer 6819,customer6819@example.com,Kolkata,West Bengal,2025-03-20,Consumer
C06820,Customer 6820,customer6820@example.com,Delhi,Delhi,2024-02-15,Small Business
C06821,Customer 6821,customer6821@example.com,Panipat,Haryana,2026-02-26,Consumer
C06822,Customer 6822,customer6822@example.com,Jaipur,Rajasthan,2024-05-05,Consumer
C06823,Customer 6823,customer6823@example.com,Pune,Maharashtra,2024-01-28,Small Business
C06824,Customer 6824,customer6824@example.com,Chennai,Tamil Nadu,2025-07-21,Consumer
C06825,Customer 6825,customer6825@example.com,Delhi,Delhi,2025-04-05,Corporate
C06826,Customer 6826,customer6826@example.com,Bengaluru,Karnataka,2026-02-20,Consumer
C06827,Customer 6827,customer6827@example.com,Kolkata,West Bengal,2024-06-14,Corporate
C06828,Customer 6828,customer6828@example.com,Jaipur,Rajasthan,2024-02-13,Small Business
C06829,Customer 6829,customer6829@example.com,Panipat,Haryana,2025-06-13,Consumer
C06830,Customer 6830,customer6830@example.com,Hyderabad,Telangana,2025-04-03,Consumer
C06831,Customer 6831,customer6831@example.com,Mumbai,Maharashtra,2025-08-29,Consumer
C06832,Customer 6832,customer6832@example.com,Delhi,Delhi,2024-12-16,Small Business
C06833,Customer 6833,customer6833@example.com,Panipat,Haryana,2025-04-19,Consumer
C06834,Customer 6834,customer6834@example.com,Pune,Maharashtra,2025-06-04,Consumer
C06835,Customer 6835,customer6835@example.com,Chennai,Tamil Nadu,2025-04-08,Consumer
C06836,Customer 6836,customer6836@example.com,Pune,Maharashtra,2024-02-25,Corporate
C06837,Customer 6837,customer6837@example.com,Pune,Maharashtra,2024-12-06,Consumer
C06838,Customer 6838,customer6838@example.com,Panipat,Haryana,2026-04-12,Corporate
C06839,Customer 6839,customer6839@example.com,Hyderabad,Telangana,2025-06-27,Corporate
C06840,Customer 6840,customer6840@example.com,Kolkata,West Bengal,2024-11-03,Consumer
C06841,Customer 6841,customer6841@example.com,Chennai,Tamil Nadu,2024-06-28,Consumer
C06842,Customer 6842,customer6842@example.com,Pune,Maharashtra,2024-01-26,Consumer
C06843,Customer 6843,customer6843@example.com,Ahmedabad,Gujarat,2025-03-21,Consumer
C06844,Customer 6844,customer6844@example.com,Hyderabad,Telangana,2025-06-28,Small Business
C06845,Customer 6845,customer6845@example.com,Hyderabad,Telangana,2025-04-02,Corporate
C06846,Customer 6846,customer6846@example.com,Chennai,Tamil Nadu,2025-09-02,Corporate
C06847,Customer 6847,customer6847@example.com,Kolkata,West Bengal,2024-01-31,Consumer
C06848,Customer 6848,customer6848@example.com,Delhi,Delhi,2025-07-28,Consumer
C06849,Customer 6849,customer6849@example.com,Hyderabad,Telangana,2024-07-22,Small Business
C06850,Customer 6850,customer6850@example.com,Pune,Maharashtra,2025-09-13,Corporate
C06851,Customer 6851,customer6851@example.com,Mumbai,Maharashtra,2026-04-22,Corporate
C06852,Customer 6852,customer6852@example.com,Bengaluru,Karnataka,2026-05-08,Corporate
C06853,Customer 6853,customer6853@example.com,Chennai,Tamil Nadu,2025-03-23,Consumer
C06854,Customer 6854,customer6854@example.com,Delhi,Delhi,2024-12-27,Small Business
C06855,Customer 6855,customer6855@example.com,Delhi,Delhi,2025-06-21,Consumer
C06856,Customer 6856,customer6856@example.com,Mumbai,Maharashtra,2025-12-17,Corporate
C06857,Customer 6857,customer6857@example.com,Panipat,Haryana,2024-02-02,Consumer
C06858,Customer 6858,customer6858@example.com,Bengaluru,Karnataka,2025-02-16,Corporate
C06859,Customer 6859,customer6859@example.com,Chennai,Tamil Nadu,2024-04-12,Corporate
C06860,Customer 6860,customer6860@example.com,Hyderabad,Telangana,2025-10-03,Small Business
C06861,Customer 6861,customer6861@example.com,Panipat,Haryana,2026-02-12,Consumer
C06862,Customer 6862,customer6862@example.com,Delhi,Delhi,2024-02-21,Corporate
C06863,Customer 6863,customer6863@example.com,Ahmedabad,Gujarat,2025-05-12,Small Business
C06864,Customer 6864,customer6864@example.com,Kolkata,West Bengal,2024-05-07,Corporate
C06865,Customer 6865,customer6865@example.com,Panipat,Haryana,2024-01-21,Small Business
C06866,Customer 6866,customer6866@example.com,Bengaluru,Karnataka,2025-08-22,Consumer
C06867,Customer 6867,customer6867@example.com,Jaipur,Rajasthan,2026-02-25,Small Business
C06868,Customer 6868,customer6868@example.com,Delhi,Delhi,2026-04-20,Small Business
C06869,Customer 6869,customer6869@example.com,Ahmedabad,Gujarat,2026-02-14,Small Business
C06870,Customer 6870,customer6870@example.com,Bengaluru,Karnataka,2025-08-10,Consumer
C06871,Customer 6871,customer6871@example.com,Hyderabad,Telangana,2024-09-12,Small Business
C06872,Customer 6872,customer6872@example.com,Delhi,Delhi,2024-11-20,Consumer
C06873,Customer 6873,customer6873@example.com,Panipat,Haryana,2024-09-18,Small Business
C06874,Customer 6874,customer6874@example.com,Ahmedabad,Gujarat,2025-05-28,Consumer
C06875,Customer 6875,customer6875@example.com,Ahmedabad,Gujarat,2024-10-31,Small Business
C06876,Customer 6876,customer6876@example.com,Ahmedabad,Gujarat,2026-04-21,Corporate
C06877,Customer 6877,customer6877@example.com,Chennai,Tamil Nadu,2026-03-13,Small Business
C06878,Customer 6878,customer6878@example.com,Jaipur,Rajasthan,2025-05-19,
C06879,Customer 6879,customer6879@example.com,Pune,Maharashtra,2025-10-25,Consumer
C06880,Customer 6880,customer6880@example.com,Pune,Maharashtra,2025-04-19,Small Business
C06881,Customer 6881,customer6881@example.com,Kolkata,West Bengal,2025-12-02,Consumer
C06882,Customer 6882,customer6882@example.com,Chennai,Tamil Nadu,2025-01-26,Small Business
C06883,Customer 6883,customer6883@example.com,Jaipur,Rajasthan,2026-02-06,Corporate
C06884,Customer 6884,customer6884@example.com,Delhi,Delhi,2025-02-24,Corporate
C06885,Customer 6885,customer6885@example.com,Delhi,Delhi,2024-06-01,Consumer
C06886,Customer 6886,customer6886@example.com,Kolkata,West Bengal,2024-10-20,Consumer
C06887,Customer 6887,customer6887@example.com,Kolkata,West Bengal,2025-05-06,Small Business
C06888,Customer 6888,customer6888@example.com,Bengaluru,Karnataka,2024-09-11,Consumer
C06889,Customer 6889,customer6889@example.com,Mumbai,Maharashtra,2026-02-19,Corporate
C06890,Customer 6890,customer6890@example.com,Chennai,Tamil Nadu,2024-07-06,Consumer
C06891,Customer 6891,customer6891@example.com,Jaipur,Rajasthan,2025-11-16,Small Business
C06892,Customer 6892,customer6892@example.com,Ahmedabad,Gujarat,2024-10-23,Small Business
C06893,Customer 6893,customer6893@example.com,Ahmedabad,Gujarat,2024-04-26,Small Business
C06894,Customer 6894,customer6894@example.com,Kolkata,West Bengal,2026-04-06,Consumer
C06895,Customer 6895,customer6895@example.com,Delhi,Delhi,2025-12-29,Corporate
C06896,Customer 6896,customer6896@example.com,Mumbai,Maharashtra,2025-03-17,Small Business
C06897,Customer 6897,customer6897@example.com,Mumbai,Maharashtra,2024-01-27,Consumer
C06898,Customer 6898,customer6898@example.com,Kolkata,West Bengal,2024-02-22,Small Business
C06899,Customer 6899,customer6899@example.com,Kolkata,West Bengal,2026-04-19,Small Business
C06900,Customer 6900,customer6900@example.com,Mumbai,Maharashtra,2024-04-18,Consumer
C06901,Customer 6901,customer6901@example.com,Chennai,Tamil Nadu,2024-02-26,Consumer
C06902,Customer 6902,customer6902@example.com,Panipat,Haryana,2025-10-07,Small Business
C06903,Customer 6903,customer6903@example.com,Bengaluru,Karnataka,2024-04-07,Small Business
C06904,Customer 6904,customer6904@example.com,Delhi,Delhi,2024-08-28,Corporate
C06905,Customer 6905,customer6905@example.com,Ahmedabad,Gujarat,2025-08-08,Small Business
C06906,Customer 6906,customer6906@example.com,Ahmedabad,Gujarat,2025-05-31,Small Business
C06907,Customer 6907,customer6907@example.com,Kolkata,West Bengal,2024-05-30,Consumer
C06908,Customer 6908,customer6908@example.com,Delhi,Delhi,2025-03-31,Consumer
C06909,Customer 6909,customer6909@example.com,Jaipur,Rajasthan,2025-05-30,Small Business
C06910,Customer 6910,customer6910@example.com,Ahmedabad,Gujarat,2024-10-23,Small Business
C06911,Customer 6911,customer6911@example.com,Jaipur,Rajasthan,2024-02-01,Consumer
C06912,Customer 6912,customer6912@example.com,Jaipur,Rajasthan,2025-02-12,Corporate
C06913,Customer 6913,customer6913@example.com,Bengaluru,Karnataka,2025-07-01,Consumer
C06914,Customer 6914,customer6914@example.com,Mumbai,Maharashtra,2026-02-15,Consumer
C06915,Customer 6915,customer6915@example.com,Kolkata,West Bengal,2024-12-30,Small Business
C06916,Customer 6916,customer6916@example.com,Jaipur,Rajasthan,2026-01-25,Consumer
C06917,Customer 6917,customer6917@example.com,Ahmedabad,Gujarat,2025-03-26,Small Business
C06918,Customer 6918,customer6918@example.com,Hyderabad,Telangana,2025-03-24,Consumer
C06919,Customer 6919,customer6919@example.com,Jaipur,Rajasthan,2024-06-25,Consumer
C06920,Customer 6920,customer6920@example.com,Panipat,Haryana,2024-09-22,Small Business
C06921,Customer 6921,customer6921@example.com,Panipat,Haryana,2025-03-04,Corporate
C06922,Customer 6922,customer6922@example.com,Hyderabad,Telangana,2025-04-29,Small Business
C06923,Customer 6923,customer6923@example.com,Delhi,Delhi,2026-04-28,Consumer
C06924,Customer 6924,customer6924@example.com,Pune,Maharashtra,2025-01-24,Small Business
C06925,Customer 6925,customer6925@example.com,Delhi,Delhi,2024-11-02,Small Business
C06926,Customer 6926,customer6926@example.com,Chennai,Tamil Nadu,2024-04-03,Small Business
C06927,Customer 6927,customer6927@example.com,Delhi,Delhi,2024-06-10,Small Business
C06928,Customer 6928,customer6928@example.com,Kolkata,West Bengal,2025-11-21,Small Business
C06929,Customer 6929,customer6929@example.com,Bengaluru,Karnataka,2026-03-21,Consumer
C06930,Customer 6930,customer6930@example.com,Ahmedabad,Gujarat,2025-11-17,Corporate
C06931,Customer 6931,customer6931@example.com,Jaipur,Rajasthan,2025-05-31,Consumer
C06932,Customer 6932,customer6932@example.com,Kolkata,West Bengal,2026-01-13,Corporate
C06933,Customer 6933,customer6933@example.com,Ahmedabad,Gujarat,2025-11-17,Corporate
C06934,Customer 6934,customer6934@example.com,Panipat,Haryana,2024-09-30,Consumer
C06935,Customer 6935,customer6935@example.com,Ahmedabad,Gujarat,2024-12-29,Consumer
C06936,Customer 6936,customer6936@example.com,Delhi,Delhi,2024-09-21,Consumer
C06937,Customer 6937,customer6937@example.com,Ahmedabad,Gujarat,2025-03-09,Consumer
C06938,Customer 6938,customer6938@example.com,Hyderabad,Telangana,2025-03-13,Consumer
C06939,Customer 6939,customer6939@example.com,Kolkata,West Bengal,2025-07-19,Small Business
C06940,Customer 6940,customer6940@example.com,Pune,Maharashtra,2024-06-30,
C06941,Customer 6941,customer6941@example.com,Bengaluru,Karnataka,2025-11-21,Small Business
C06942,Customer 6942,customer6942@example.com,Jaipur,Rajasthan,2025-07-25,Consumer
C06943,Customer 6943,customer6943@example.com,Hyderabad,Telangana,2026-01-10,
C06944,Customer 6944,customer6944@example.com,Hyderabad,Telangana,2024-04-19,Corporate
C06945,Customer 6945,customer6945@example.com,Ahmedabad,Gujarat,2026-03-28,Small Business
C06946,Customer 6946,customer6946@example.com,Chennai,Tamil Nadu,2024-07-05,Corporate
C06947,Customer 6947,customer6947@example.com,Panipat,Haryana,2025-09-11,Corporate
C06948,Customer 6948,customer6948@example.com,Bengaluru,Karnataka,2026-05-05,Small Business
C06949,Customer 6949,customer6949@example.com,Chennai,Tamil Nadu,2025-01-27,Small Business
C06950,Customer 6950,customer6950@example.com,Pune,Maharashtra,2026-01-07,
C06951,Customer 6951,customer6951@example.com,Ahmedabad,Gujarat,2025-03-15,Consumer
C06952,Customer 6952,customer6952@example.com,Bengaluru,Karnataka,2025-04-08,Small Business
C06953,Customer 6953,customer6953@example.com,Bengaluru,Karnataka,2024-06-04,Consumer
C06954,Customer 6954,customer6954@example.com,Kolkata,West Bengal,2024-01-12,Consumer
C06955,Customer 6955,customer6955@example.com,Jaipur,Rajasthan,2024-12-12,Consumer
C06956,Customer 6956,customer6956@example.com,Chennai,Tamil Nadu,2024-05-25,Consumer
C06957,Customer 6957,customer6957@example.com,Hyderabad,Telangana,2025-08-16,Consumer
C06958,Customer 6958,customer6958@example.com,Chennai,Tamil Nadu,2024-10-08,Small Business
C06959,Customer 6959,customer6959@example.com,Jaipur,Rajasthan,2024-05-08,Consumer
C06960,Customer 6960,customer6960@example.com,Jaipur,Rajasthan,2025-08-10,Consumer
C06961,Customer 6961,customer6961@example.com,Bengaluru,Karnataka,2025-07-01,Corporate
C06962,Customer 6962,customer6962@example.com,Jaipur,Rajasthan,2025-12-14,Small Business
C06963,Customer 6963,customer6963@example.com,Pune,Maharashtra,2025-09-20,Consumer
C06964,Customer 6964,customer6964@example.com,Chennai,Tamil Nadu,2024-05-20,Corporate
C06965,Customer 6965,customer6965@example.com,Chennai,Tamil Nadu,2025-05-06,Consumer
C06966,Customer 6966,customer6966@example.com,Jaipur,Rajasthan,2025-03-31,Small Business
C06967,Customer 6967,customer6967@example.com,Ahmedabad,Gujarat,2024-03-10,Corporate
C06968,Customer 6968,customer6968@example.com,Panipat,Haryana,2025-09-30,Consumer
C06969,Customer 6969,customer6969@example.com,Delhi,Delhi,2024-11-03,Consumer
C06970,Customer 6970,customer6970@example.com,Pune,Maharashtra,2026-04-29,Consumer
C06971,Customer 6971,customer6971@example.com,Ahmedabad,Gujarat,2026-02-13,Small Business
C06972,Customer 6972,customer6972@example.com,Pune,Maharashtra,2025-01-01,Small Business
C06973,Customer 6973,customer6973@example.com,Ahmedabad,Gujarat,2025-10-17,Consumer
C06974,Customer 6974,customer6974@example.com,Pune,Maharashtra,2026-01-01,Corporate
C06975,Customer 6975,customer6975@example.com,Delhi,Delhi,2024-08-26,Consumer
C06976,Customer 6976,customer6976@example.com,Kolkata,West Bengal,2026-01-06,Corporate
C06977,Customer 6977,customer6977@example.com,Panipat,Haryana,2024-12-15,Consumer
C06978,Customer 6978,customer6978@example.com,Pune,Maharashtra,2024-02-14,Corporate
C06979,Customer 6979,customer6979@example.com,Hyderabad,Telangana,2025-07-23,Small Business
C06980,Customer 6980,customer6980@example.com,Delhi,Delhi,2025-02-14,Corporate
C06981,Customer 6981,customer6981@example.com,Panipat,Haryana,2024-06-18,Corporate
C06982,Customer 6982,customer6982@example.com,Bengaluru,Karnataka,2026-02-07,Corporate
C06983,Customer 6983,customer6983@example.com,Kolkata,West Bengal,2024-05-28,Corporate
C06984,Customer 6984,customer6984@example.com,Delhi,Delhi,2025-09-23,Consumer
C06985,Customer 6985,customer6985@example.com,Chennai,Tamil Nadu,2024-11-21,Small Business
C06986,Customer 6986,customer6986@example.com,Panipat,Haryana,2026-06-12,Consumer
C06987,Customer 6987,customer6987@example.com,Bengaluru,Karnataka,2024-10-07,Consumer
C06988,Customer 6988,customer6988@example.com,Ahmedabad,Gujarat,2025-03-02,Corporate
C06989,Customer 6989,customer6989@example.com,Delhi,Delhi,2025-04-26,Small Business
C06990,Customer 6990,customer6990@example.com,Kolkata,West Bengal,2026-02-04,Consumer
C06991,Customer 6991,customer6991@example.com,Jaipur,Rajasthan,2024-05-09,Small Business
C06992,Customer 6992,customer6992@example.com,Bengaluru,Karnataka,2025-08-31,Small Business
C06993,Customer 6993,customer6993@example.com,Ahmedabad,Gujarat,2026-02-10,Small Business
C06994,Customer 6994,customer6994@example.com,Panipat,Haryana,2025-07-13,Small Business
C06995,Customer 6995,customer6995@example.com,Panipat,Haryana,2026-06-06,Corporate
C06996,Customer 6996,customer6996@example.com,Kolkata,West Bengal,2026-05-03,Small Business
C06997,Customer 6997,customer6997@example.com,Mumbai,Maharashtra,2024-04-09,Corporate
C06998,Customer 6998,customer6998@example.com,Delhi,Delhi,2025-03-29,Corporate
C06999,Customer 6999,customer6999@example.com,Chennai,Tamil Nadu,2025-06-13,Consumer
C07000,Customer 7000,customer7000@example.com,Pune,Maharashtra,2026-05-09,Corporate
C07001,Customer 7001,customer7001@example.com,Ahmedabad,Gujarat,2024-07-08,Corporate
C07002,Customer 7002,customer7002@example.com,Chennai,Tamil Nadu,2024-09-28,Small Business
C07003,Customer 7003,customer7003@example.com,Chennai,Tamil Nadu,2025-09-23,Small Business
C07004,Customer 7004,customer7004@example.com,Jaipur,Rajasthan,2025-09-24,Consumer
C07005,Customer 7005,customer7005@example.com,Ahmedabad,Gujarat,2025-02-09,Small Business
C07006,Customer 7006,customer7006@example.com,Ahmedabad,Gujarat,2025-07-16,Corporate
C07007,Customer 7007,customer7007@example.com,Bengaluru,Karnataka,2025-06-02,Corporate
C07008,Customer 7008,customer7008@example.com,Ahmedabad,Gujarat,2024-11-15,Small Business
C07009,Customer 7009,customer7009@example.com,Delhi,Delhi,2024-12-01,Corporate
C07010,Customer 7010,customer7010@example.com,Ahmedabad,Gujarat,2024-09-24,Corporate
C07011,Customer 7011,customer7011@example.com,Panipat,Haryana,2024-04-23,Consumer
C07012,Customer 7012,customer7012@example.com,Ahmedabad,Gujarat,2024-05-18,Small Business
C07013,Customer 7013,customer7013@example.com,Ahmedabad,Gujarat,2025-11-26,Consumer
C07014,Customer 7014,customer7014@example.com,Panipat,Haryana,2026-05-15,Small Business
C07015,Customer 7015,customer7015@example.com,Kolkata,West Bengal,2025-01-04,Consumer
C07016,Customer 7016,customer7016@example.com,Chennai,Tamil Nadu,2025-12-12,Consumer
C07017,Customer 7017,customer7017@example.com,Hyderabad,Telangana,2024-04-26,Consumer
C07018,Customer 7018,customer7018@example.com,Kolkata,West Bengal,2024-03-21,Corporate
C07019,Customer 7019,customer7019@example.com,Panipat,Haryana,2024-08-20,Small Business
C07020,Customer 7020,customer7020@example.com,Jaipur,Rajasthan,2026-02-09,Small Business
C07021,Customer 7021,customer7021@example.com,Chennai,Tamil Nadu,2024-07-31,Corporate
C07022,Customer 7022,customer7022@example.com,Hyderabad,Telangana,2024-09-11,Corporate
C07023,Customer 7023,customer7023@example.com,Mumbai,Maharashtra,2024-04-12,Small Business
C07024,Customer 7024,customer7024@example.com,Ahmedabad,Gujarat,2024-09-23,Corporate
C07025,Customer 7025,customer7025@example.com,Hyderabad,Telangana,2025-09-05,Consumer
C07026,Customer 7026,customer7026@example.com,Chennai,Tamil Nadu,2025-05-12,Consumer
C07027,Customer 7027,customer7027@example.com,Panipat,Haryana,2024-01-26,Small Business
C07028,Customer 7028,customer7028@example.com,Ahmedabad,Gujarat,2024-11-04,Consumer
C07029,Customer 7029,customer7029@example.com,Bengaluru,Karnataka,2025-06-27,Small Business
C07030,Customer 7030,customer7030@example.com,Bengaluru,Karnataka,2024-07-02,Consumer
C07031,Customer 7031,customer7031@example.com,Bengaluru,Karnataka,2025-01-20,Corporate
C07032,Customer 7032,customer7032@example.com,Bengaluru,Karnataka,2026-03-15,Small Business
C07033,Customer 7033,customer7033@example.com,Jaipur,Rajasthan,2025-09-20,Corporate
C07034,Customer 7034,customer7034@example.com,Chennai,Tamil Nadu,2025-05-24,Corporate
C07035,Customer 7035,customer7035@example.com,Panipat,Haryana,2024-11-30,Corporate
C07036,Customer 7036,customer7036@example.com,Bengaluru,Karnataka,2024-06-14,Consumer
C07037,Customer 7037,customer7037@example.com,Bengaluru,Karnataka,2024-11-18,Corporate
C07038,Customer 7038,customer7038@example.com,Hyderabad,Telangana,2025-05-16,
C07039,Customer 7039,customer7039@example.com,Hyderabad,Telangana,2025-07-04,Consumer
C07040,Customer 7040,customer7040@example.com,Ahmedabad,Gujarat,2025-04-06,Corporate
C07041,Customer 7041,customer7041@example.com,Hyderabad,Telangana,2024-08-14,Consumer
C07042,Customer 7042,customer7042@example.com,Jaipur,Rajasthan,2026-04-04,Small Business
C07043,Customer 7043,customer7043@example.com,Panipat,Haryana,2025-03-11,Consumer
C07044,Customer 7044,customer7044@example.com,Pune,Maharashtra,2026-05-27,
C07045,Customer 7045,customer7045@example.com,Bengaluru,Karnataka,2026-03-29,Corporate
C07046,Customer 7046,customer7046@example.com,Chennai,Tamil Nadu,2026-03-13,Consumer
C07047,Customer 7047,customer7047@example.com,Mumbai,Maharashtra,2026-02-27,Corporate
C07048,Customer 7048,customer7048@example.com,Hyderabad,Telangana,2025-12-18,Corporate
C07049,Customer 7049,customer7049@example.com,Panipat,Haryana,2024-04-21,Corporate
C07050,Customer 7050,customer7050@example.com,Hyderabad,Telangana,2025-09-10,Small Business
C07051,Customer 7051,customer7051@example.com,Hyderabad,Telangana,2024-08-22,Consumer
C07052,Customer 7052,customer7052@example.com,Panipat,Haryana,2025-12-12,Small Business
C07053,Customer 7053,customer7053@example.com,Chennai,Tamil Nadu,2024-06-13,Consumer
C07054,Customer 7054,customer7054@example.com,Delhi,Delhi,2024-06-28,Consumer
C07055,Customer 7055,customer7055@example.com,Bengaluru,Karnataka,2024-07-04,Corporate
C07056,Customer 7056,customer7056@example.com,Chennai,Tamil Nadu,2025-05-04,Small Business
C07057,Customer 7057,customer7057@example.com,Kolkata,West Bengal,2024-11-14,Corporate
C07058,Customer 7058,customer7058@example.com,Mumbai,Maharashtra,2026-02-21,Corporate
C07059,Customer 7059,customer7059@example.com,Ahmedabad,Gujarat,2024-03-09,Corporate
C07060,Customer 7060,customer7060@example.com,Panipat,Haryana,2024-04-16,
C07061,Customer 7061,customer7061@example.com,Mumbai,Maharashtra,2024-10-14,Small Business
C07062,Customer 7062,customer7062@example.com,Delhi,Delhi,2024-04-04,Corporate
C07063,Customer 7063,customer7063@example.com,Jaipur,Rajasthan,2026-04-14,Corporate
C07064,Customer 7064,customer7064@example.com,Jaipur,Rajasthan,2026-03-27,Small Business
C07065,Customer 7065,customer7065@example.com,Chennai,Tamil Nadu,2024-03-02,Consumer
C07066,Customer 7066,customer7066@example.com,Jaipur,Rajasthan,2024-01-16,Consumer
C07067,Customer 7067,customer7067@example.com,Kolkata,West Bengal,2025-08-25,Small Business
C07068,Customer 7068,customer7068@example.com,Chennai,Tamil Nadu,2025-05-07,Small Business
C07069,Customer 7069,customer7069@example.com,Kolkata,West Bengal,2025-07-26,Consumer
C07070,Customer 7070,customer7070@example.com,Pune,Maharashtra,2026-06-14,Consumer
C07071,Customer 7071,customer7071@example.com,Mumbai,Maharashtra,2025-08-14,Small Business
C07072,Customer 7072,customer7072@example.com,Hyderabad,Telangana,2025-03-30,Consumer
C07073,Customer 7073,,Bengaluru,Karnataka,2025-04-01,Consumer
C07074,Customer 7074,customer7074@example.com,Chennai,Tamil Nadu,2026-03-22,Corporate
C07075,Customer 7075,customer7075@example.com,Mumbai,Maharashtra,2025-10-15,Corporate
C07076,Customer 7076,customer7076@example.com,Delhi,Delhi,2024-05-30,Small Business
C07077,Customer 7077,customer7077@example.com,Delhi,Delhi,2024-06-17,Consumer
C07078,Customer 7078,customer7078@example.com,Pune,Maharashtra,2025-06-25,Corporate
C07079,Customer 7079,customer7079@example.com,Pune,Maharashtra,2026-01-23,Corporate
C07080,Customer 7080,customer7080@example.com,Hyderabad,Telangana,2024-08-21,Corporate
C07081,Customer 7081,customer7081@example.com,Hyderabad,Telangana,2025-12-14,Small Business
C07082,Customer 7082,customer7082@example.com,Chennai,Tamil Nadu,2026-06-06,Small Business
C07083,Customer 7083,customer7083@example.com,Panipat,Haryana,2025-04-17,Small Business
C07084,Customer 7084,customer7084@example.com,Hyderabad,Telangana,2026-04-18,Small Business
C07085,Customer 7085,customer7085@example.com,Mumbai,Maharashtra,2025-01-12,Corporate
C07086,Customer 7086,customer7086@example.com,Jaipur,Rajasthan,2024-06-28,Corporate
C07087,Customer 7087,customer7087@example.com,Mumbai,Maharashtra,2024-05-06,Small Business
C07088,Customer 7088,customer7088@example.com,Jaipur,Rajasthan,2025-12-12,Consumer
C07089,Customer 7089,customer7089@example.com,Jaipur,Rajasthan,2024-11-28,Corporate
C07090,Customer 7090,customer7090@example.com,Hyderabad,Telangana,2026-03-27,Corporate
C07091,Customer 7091,customer7091@example.com,Panipat,Haryana,2024-02-02,Small Business
C07092,Customer 7092,customer7092@example.com,Chennai,Tamil Nadu,2024-09-17,Corporate
C07093,Customer 7093,customer7093@example.com,Hyderabad,Telangana,2024-10-19,Small Business
C07094,Customer 7094,customer7094@example.com,Kolkata,West Bengal,2024-12-12,Small Business
C07095,Customer 7095,customer7095@example.com,Mumbai,Maharashtra,2026-06-09,Consumer
C07096,Customer 7096,customer7096@example.com,Delhi,Delhi,2024-04-24,Consumer
C07097,Customer 7097,customer7097@example.com,Pune,Maharashtra,2024-06-06,Small Business
C07098,Customer 7098,customer7098@example.com,Kolkata,West Bengal,2024-10-19,
C07099,Customer 7099,customer7099@example.com,Ahmedabad,Gujarat,2026-02-22,Small Business
C07100,Customer 7100,customer7100@example.com,KOLKATA,West Bengal,2025-11-29,Small Business
C07101,Customer 7101,customer7101@example.com,Delhi,Delhi,2025-04-06,Corporate
C07102,Customer 7102,customer7102@example.com,Chennai,Tamil Nadu,2026-02-21,Consumer
C07103,Customer 7103,customer7103@example.com,Pune,Maharashtra,2025-11-11,Corporate
C07104,Customer 7104,customer7104@example.com,Mumbai,Maharashtra,2025-05-16,Consumer
C07105,Customer 7105,customer7105@example.com,Panipat,Haryana,2024-07-15,Small Business
C07106,Customer 7106,customer7106@example.com,Jaipur,Rajasthan,2025-01-23,Small Business
C07107,Customer 7107,customer7107@example.com,Mumbai,Maharashtra,2026-04-19,Consumer
C07108,Customer 7108,customer7108@example.com,Kolkata,West Bengal,2024-12-28,Small Business
C07109,Customer 7109,customer7109@example.com,Panipat,Haryana,2025-11-01,Small Business
C07110,Customer 7110,customer7110@example.com,Panipat,Haryana,2026-03-31,Consumer
C07111,Customer 7111,customer7111@example.com,Ahmedabad,Gujarat,2026-03-13,Corporate
C07112,Customer 7112,invalid-email-7111,Pune,Maharashtra,2026-04-26,Consumer
C07113,Customer 7113,customer7113@example.com,Bengaluru,Karnataka,2024-12-02,Small Business
C07114,Customer 7114,customer7114@example.com,Pune,Maharashtra,2024-02-03,Corporate
C07115,Customer 7115,customer7115@example.com,Ahmedabad,Gujarat,2026-03-22,Consumer
C07116,Customer 7116,customer7116@example.com,Hyderabad,Telangana,2026-01-06,Small Business
C07117,Customer 7117,customer7117@example.com,Jaipur,Rajasthan,2026-04-29,Consumer
C07118,Customer 7118,customer7118@example.com,Bengaluru,Karnataka,2025-10-01,Consumer
C07119,Customer 7119,customer7119@example.com,Hyderabad,Telangana,2026-05-18,Consumer
C07120,Customer 7120,customer7120@example.com,Bengaluru,Karnataka,2024-01-13,Consumer
C07121,Customer 7121,,Delhi,Delhi,2025-06-11,Consumer
C07122,Customer 7122,customer7122@example.com,Chennai,Tamil Nadu,2025-03-27,Corporate
C07123,Customer 7123,customer7123@example.com,Jaipur,Rajasthan,2024-10-20,Small Business
C07124,Customer 7124,customer7124@example.com,Delhi,Delhi,2026-05-12,Corporate
C07125,Customer 7125,customer7125@example.com,Hyderabad,Telangana,2024-06-25,Corporate
C07126,Customer 7126,customer7126@example.com,Bengaluru,Karnataka,2024-09-17,Small Business
C07127,Customer 7127,customer7127@example.com,Hyderabad,Telangana,2024-09-24,Corporate
C07128,Customer 7128,customer7128@example.com,Chennai,Tamil Nadu,2024-02-24,Small Business
C07129,Customer 7129,customer7129@example.com,Pune,Maharashtra,2026-04-19,Small Business
C07130,Customer 7130,customer7130@example.com,Hyderabad,Telangana,2025-12-05,Consumer
C07131,Customer 7131,,Kolkata,West Bengal,2025-09-09,Small Business
C07132,Customer 7132,customer7132@example.com,Pune,Maharashtra,2025-04-06,Small Business
C07133,Customer 7133,customer7133@example.com,Jaipur,Rajasthan,2024-04-19,Consumer
C07134,Customer 7134,customer7134@example.com,Hyderabad,Telangana,2024-09-03,Small Business
C07135,Customer 7135,customer7135@example.com,Ahmedabad,Gujarat,2024-05-06,Consumer
C07136,Customer 7136,customer7136@example.com,Jaipur,Rajasthan,2025-04-12,Small Business
C07137,Customer 7137,customer7137@example.com,Jaipur,Rajasthan,2025-11-07,Corporate
C07138,Customer 7138,customer7138@example.com,Jaipur,Rajasthan,2026-01-22,Corporate
C07139,Customer 7139,customer7139@example.com,Ahmedabad,Gujarat,2025-08-04,Small Business
C07140,Customer 7140,customer7140@example.com,Chennai,Tamil Nadu,2025-08-23,Small Business
C07141,Customer 7141,customer7141@example.com,Jaipur,Rajasthan,2026-03-06,Consumer
C07142,Customer 7142,customer7142@example.com,Ahmedabad,Gujarat,2024-03-03,Corporate
C07143,Customer 7143,customer7143@example.com,Hyderabad,Telangana,2025-05-07,Small Business
C07144,Customer 7144,customer7144@example.com,Mumbai,Maharashtra,2026-05-07,Corporate
C07145,Customer 7145,customer7145@example.com,Delhi,Delhi,2024-10-07,Corporate
C07146,Customer 7146,customer7146@example.com,Mumbai,Maharashtra,2024-09-16,Corporate
C07147,Customer 7147,customer7147@example.com,Pune,Maharashtra,2024-02-07,Consumer
C07148,Customer 7148,customer7148@example.com,Ahmedabad,Gujarat,2025-07-07,Small Business
C07149,Customer 7149,customer7149@example.com,Chennai,Tamil Nadu,2025-12-28,Corporate
C07150,Customer 7150,customer7150@example.com,Mumbai,Maharashtra,2024-10-01,Consumer
C07151,Customer 7151,customer7151@example.com,Pune,Maharashtra,2026-05-01,Small Business
C07152,Customer 7152,customer7152@example.com,Pune,Maharashtra,2025-08-29,Corporate
C07153,Customer 7153,customer7153@example.com,Mumbai,Maharashtra,2025-06-17,Consumer
C07154,Customer 7154,customer7154@example.com,PUNE,Maharashtra,2025-08-04,Consumer
C07155,Customer 7155,customer7155@example.com,Mumbai,Maharashtra,2024-04-25,Small Business
C07156,Customer 7156,customer7156@example.com,Jaipur,Rajasthan,2025-05-26,Consumer
C07157,Customer 7157,customer7157@example.com,Chennai,Tamil Nadu,2026-04-16,Consumer
C07158,Customer 7158,customer7158@example.com,Ahmedabad,Gujarat,2024-08-03,Consumer
C07159,Customer 7159,customer7159@example.com,Jaipur,Rajasthan,2026-06-06,Small Business
C07160,Customer 7160,customer7160@example.com,Panipat,Haryana,2025-12-29,Small Business
C07161,Customer 7161,customer7161@example.com,Jaipur,Rajasthan,2024-08-05,Consumer
C07162,Customer 7162,customer7162@example.com,Mumbai,Maharashtra,2024-05-04,Consumer
C07163,Customer 7163,customer7163@example.com,Delhi,Delhi,2024-01-16,Consumer
C07164,Customer 7164,customer7164@example.com,Pune,Maharashtra,2024-06-28,Consumer
C07165,Customer 7165,,Panipat,Haryana,2024-03-05,Small Business
C07166,Customer 7166,customer7166@example.com,Jaipur,Rajasthan,2025-01-30,Corporate
C07167,Customer 7167,customer7167@example.com,Chennai,Tamil Nadu,2025-01-23,Consumer
C07168,Customer 7168,customer7168@example.com,PANIPAT,Haryana,2024-01-31,Small Business
C07169,Customer 7169,customer7169@example.com,Ahmedabad,Gujarat,2025-11-18,Small Business
C07170,Customer 7170,customer7170@example.com,Kolkata,West Bengal,2026-01-02,Corporate
C07171,Customer 7171,customer7171@example.com,Delhi,Delhi,2024-01-12,Small Business
C07172,Customer 7172,,Delhi,Delhi,2026-04-17,Corporate
C07173,Customer 7173,customer7173@example.com,Pune,Maharashtra,2025-01-16,Corporate
C07174,Customer 7174,customer7174@example.com,Delhi,Delhi,2024-10-22,Consumer
C07175,Customer 7175,customer7175@example.com,Pune,Maharashtra,2025-07-20,Corporate
C07176,Customer 7176,customer7176@example.com,Hyderabad,Telangana,2025-10-27,Consumer
C07177,Customer 7177,customer7177@example.com,Delhi,Delhi,2025-08-26,Small Business
C07178,Customer 7178,customer7178@example.com,Panipat,Haryana,2026-03-16,Corporate
C07179,Customer 7179,customer7179@example.com,Bengaluru,Karnataka,2025-03-07,Small Business
C07180,Customer 7180,customer7180@example.com,Mumbai,Maharashtra,2024-07-18,Corporate
C07181,Customer 7181,customer7181@example.com,Bengaluru,Karnataka,2025-02-22,Small Business
C07182,Customer 7182,customer7182@example.com,Hyderabad,Telangana,2026-05-02,Small Business
C07183,Customer 7183,customer7183@example.com,Delhi,Delhi,2024-02-05,Consumer
C07184,Customer 7184,customer7184@example.com,Pune,Maharashtra,2026-01-20,Consumer
C07185,Customer 7185,customer7185@example.com,Kolkata,West Bengal,2026-05-05,Corporate
C07186,Customer 7186,customer7186@example.com,Mumbai,Maharashtra,2024-01-04,
C07187,Customer 7187,customer7187@example.com,Bengaluru,Karnataka,2024-12-03,Small Business
C07188,Customer 7188,customer7188@example.com,Ahmedabad,Gujarat,2025-01-23,Corporate
C07189,Customer 7189,customer7189@example.com,Delhi,Delhi,2024-12-05,Consumer
C07190,Customer 7190,customer7190@example.com,Panipat,Haryana,2025-03-22,Corporate
C07191,Customer 7191,customer7191@example.com,Chennai,Tamil Nadu,2025-03-08,Corporate
C07192,Customer 7192,customer7192@example.com,Delhi,Delhi,2024-03-16,Consumer
C07193,Customer 7193,customer7193@example.com,Chennai,Tamil Nadu,2025-01-14,Corporate
C07194,Customer 7194,customer7194@example.com,Delhi,Delhi,2025-12-26,Consumer
C07195,Customer 7195,customer7195@example.com,Pune,Maharashtra,2024-10-15,Consumer
C07196,Customer 7196,customer7196@example.com,Kolkata,West Bengal,2025-07-08,Corporate
C07197,Customer 7197,customer7197@example.com,Delhi,Delhi,2025-02-12,Small Business
C07198,Customer 7198,customer7198@example.com,Ahmedabad,Gujarat,2024-10-02,Small Business
C07199,Customer 7199,customer7199@example.com,Kolkata,West Bengal,2024-02-12,Small Business
C07200,Customer 7200,customer7200@example.com,Ahmedabad,Gujarat,2024-01-16,Corporate
C07201,Customer 7201,customer7201@example.com,Jaipur,Rajasthan,2026-02-17,Consumer
C07202,Customer 7202,,Chennai,Tamil Nadu,2025-03-05,Small Business
C07203,Customer 7203,customer7203@example.com,Pune,Maharashtra,2024-10-28,Small Business
C07204,Customer 7204,customer7204@example.com,Mumbai,Maharashtra,2025-01-21,Small Business
C07205,Customer 7205,customer7205@example.com,Ahmedabad,Gujarat,2025-08-01,Small Business
C07206,Customer 7206,customer7206@example.com,Chennai,Tamil Nadu,2024-06-12,Corporate
C07207,Customer 7207,customer7207@example.com,Ahmedabad,Gujarat,2025-04-15,Consumer
C07208,Customer 7208,customer7208@example.com,Jaipur,Rajasthan,2024-08-27,Small Business
C07209,Customer 7209,customer7209@example.com,Chennai,Tamil Nadu,2025-07-25,Small Business
C07210,Customer 7210,customer7210@example.com,Jaipur,Rajasthan,2025-10-12,Small Business
C07211,Customer 7211,customer7211@example.com,Delhi,Delhi,2025-04-28,Small Business
C07212,Customer 7212,customer7212@example.com,Kolkata,West Bengal,2026-03-11,Small Business
C07213,Customer 7213,customer7213@example.com,Delhi,Delhi,2025-01-07,Consumer
C07214,Customer 7214,customer7214@example.com,Hyderabad,Telangana,2026-04-02,Small Business
C07215,Customer 7215,customer7215@example.com,Chennai,Tamil Nadu,2024-07-03,Corporate
C07216,Customer 7216,customer7216@example.com,Kolkata,West Bengal,2026-05-14,Consumer
C07217,Customer 7217,customer7217@example.com,Ahmedabad,Gujarat,2025-04-10,Corporate
C07218,Customer 7218,customer7218@example.com,Panipat,Haryana,2025-12-10,Small Business
C07219,Customer 7219,customer7219@example.com,Pune,Maharashtra,2024-05-09,Consumer
C07220,Customer 7220,customer7220@example.com,Delhi,Delhi,2024-05-15,Corporate
C07221,Customer 7221,customer7221@example.com,Hyderabad,Telangana,2025-04-10,Small Business
C07222,Customer 7222,customer7222@example.com,Jaipur,Rajasthan,2025-08-14,Small Business
C07223,Customer 7223,customer7223@example.com,Mumbai,Maharashtra,2025-01-24,Consumer
C07224,Customer 7224,customer7224@example.com,Bengaluru,Karnataka,2024-03-21,Small Business
C07225,Customer 7225,customer7225@example.com,Panipat,Haryana,2026-02-18,Small Business
C07226,Customer 7226,customer7226@example.com,Hyderabad,Telangana,2024-05-22,Consumer
C07227,Customer 7227,customer7227@example.com,Kolkata,West Bengal,2025-01-04,Corporate
C07228,Customer 7228,customer7228@example.com,Jaipur,Rajasthan,2024-11-17,Consumer
C07229,Customer 7229,customer7229@example.com,Kolkata,West Bengal,2025-05-13,Corporate
C07230,Customer 7230,customer7230@example.com,Bengaluru,Karnataka,2025-12-24,Consumer
C07231,Customer 7231,customer7231@example.com,Mumbai,Maharashtra,2025-05-14,Corporate
C07232,Customer 7232,customer7232@example.com,Chennai,Tamil Nadu,2025-09-08,Consumer
C07233,Customer 7233,customer7233@example.com,Delhi,Delhi,2024-04-08,Small Business
C07234,Customer 7234,customer7234@example.com,Jaipur,Rajasthan,2024-05-28,Corporate
C07235,Customer 7235,customer7235@example.com,Delhi,Delhi,2025-09-15,Small Business
C07236,Customer 7236,customer7236@example.com,Ahmedabad,Gujarat,2025-02-16,Consumer
C07237,Customer 7237,customer7237@example.com,Chennai,Tamil Nadu,2024-09-29,Consumer
C07238,Customer 7238,customer7238@example.com,Mumbai,Maharashtra,2024-05-24,Small Business
C07239,Customer 7239,customer7239@example.com,Kolkata,West Bengal,2024-12-08,Small Business
C07240,Customer 7240,customer7240@example.com,Ahmedabad,Gujarat,2024-03-17,Corporate
C07241,Customer 7241,customer7241@example.com,Panipat,Haryana,2026-04-10,Small Business
C07242,Customer 7242,customer7242@example.com,Bengaluru,Karnataka,2026-01-08,Small Business
C07243,Customer 7243,customer7243@example.com,Hyderabad,Telangana,2024-09-29,Consumer
C07244,Customer 7244,customer7244@example.com,Delhi,Delhi,2026-04-23,Small Business
C07245,Customer 7245,customer7245@example.com,Hyderabad,Telangana,2025-11-28,Corporate
C07246,Customer 7246,customer7246@example.com,Hyderabad,Telangana,2025-05-12,Consumer
C07247,Customer 7247,customer7247@example.com,Hyderabad,Telangana,2025-03-21,Small Business
C07248,Customer 7248,customer7248@example.com,Mumbai,Maharashtra,2024-01-03,Small Business
C07249,Customer 7249,customer7249@example.com,Mumbai,Maharashtra,2024-05-09,Corporate
C07250,Customer 7250,customer7250@example.com,Kolkata,West Bengal,2026-04-30,Consumer
C07251,Customer 7251,customer7251@example.com,Ahmedabad,Gujarat,2024-01-19,Small Business
C07252,Customer 7252,customer7252@example.com,Panipat,Haryana,2024-03-05,Small Business
C07253,Customer 7253,customer7253@example.com,Chennai,Tamil Nadu,2024-08-12,Small Business
C07254,Customer 7254,customer7254@example.com,Hyderabad,Telangana,2025-02-23,Corporate
C07255,Customer 7255,customer7255@example.com,Panipat,Haryana,2025-04-15,Consumer
C07256,Customer 7256,customer7256@example.com,Pune,Maharashtra,2026-04-27,Consumer
C07257,Customer 7257,customer7257@example.com,Bengaluru,Karnataka,2026-05-17,Corporate
C07258,Customer 7258,customer7258@example.com,Mumbai,Maharashtra,2025-05-30,Consumer
C07259,Customer 7259,customer7259@example.com,Jaipur,Rajasthan,2025-09-17,Corporate
C07260,Customer 7260,customer7260@example.com,Bengaluru,Karnataka,2024-01-06,Consumer
C07261,Customer 7261,customer7261@example.com,Delhi,Delhi,2025-05-12,Small Business
C07262,Customer 7262,customer7262@example.com,Jaipur,Rajasthan,2024-07-06,Consumer
C07263,Customer 7263,customer7263@example.com,Bengaluru,Karnataka,2026-01-04,Corporate
C07264,Customer 7264,customer7264@example.com,Pune,Maharashtra,2024-04-02,Consumer
C07265,Customer 7265,customer7265@example.com,Chennai,Tamil Nadu,2024-03-15,Corporate
C07266,Customer 7266,customer7266@example.com,Jaipur,Rajasthan,2026-03-24,Corporate
C07267,Customer 7267,customer7267@example.com,Panipat,Haryana,2025-05-08,Consumer
C07268,Customer 7268,customer7268@example.com,Panipat,Haryana,2026-03-16,Corporate
C07269,Customer 7269,customer7269@example.com,Jaipur,Rajasthan,2025-10-18,Small Business
C07270,Customer 7270,customer7270@example.com,Panipat,Haryana,2024-04-03,Consumer
C07271,Customer 7271,customer7271@example.com,Ahmedabad,Gujarat,2025-01-15,Consumer
C07272,Customer 7272,customer7272@example.com,Ahmedabad,Gujarat,2024-07-01,Corporate
C07273,Customer 7273,customer7273@example.com,Delhi,Delhi,2026-04-15,Small Business
C07274,Customer 7274,customer7274@example.com,Delhi,Delhi,2024-11-18,Consumer
C07275,Customer 7275,customer7275@example.com,Chennai,Tamil Nadu,2024-03-23,Small Business
C07276,Customer 7276,customer7276@example.com,Panipat,Haryana,2026-01-31,Corporate
C07277,Customer 7277,customer7277@example.com,Pune,Maharashtra,2026-04-16,Corporate
C07278,Customer 7278,customer7278@example.com,Panipat,Haryana,2026-04-20,Small Business
C07279,Customer 7279,customer7279@example.com,Mumbai,Maharashtra,2024-07-23,Consumer
C07280,Customer 7280,customer7280@example.com,Panipat,Haryana,2025-04-18,Consumer
C07281,Customer 7281,customer7281@example.com,Chennai,Tamil Nadu,2025-08-30,Corporate
C07282,Customer 7282,customer7282@example.com,Panipat,Haryana,2024-01-05,Corporate
C07283,Customer 7283,customer7283@example.com,Bengaluru,Karnataka,2025-12-18,Small Business
C07284,Customer 7284,customer7284@example.com,Delhi,Delhi,2026-06-17,Small Business
C07285,Customer 7285,customer7285@example.com,Ahmedabad,Gujarat,2026-03-15,Corporate
C07286,Customer 7286,customer7286@example.com,Jaipur,Rajasthan,2025-12-29,Corporate
C07287,Customer 7287,customer7287@example.com,Bengaluru,Karnataka,2024-08-20,Small Business
C07288,Customer 7288,customer7288@example.com,Mumbai,Maharashtra,2026-03-27,Small Business
C07289,Customer 7289,customer7289@example.com,Jaipur,Rajasthan,2025-04-24,Corporate
C07290,Customer 7290,customer7290@example.com,Ahmedabad,Gujarat,2025-07-22,Small Business
C07291,Customer 7291,customer7291@example.com,Pune,Maharashtra,2026-06-04,Corporate
C07292,Customer 7292,customer7292@example.com,Hyderabad,Telangana,2024-05-14,Small Business
C07293,Customer 7293,customer7293@example.com,Bengaluru,Karnataka,2024-10-12,Corporate
C07294,Customer 7294,customer7294@example.com,Delhi,Delhi,2025-02-27,Small Business
C07295,Customer 7295,customer7295@example.com,Delhi,Delhi,2025-10-01,Small Business
C07296,Customer 7296,customer7296@example.com,Jaipur,Rajasthan,2024-05-24,Corporate
C07297,Customer 7297,customer7297@example.com,Pune,Maharashtra,2026-04-04,Corporate
C07298,Customer 7298,customer7298@example.com,Jaipur,Rajasthan,2024-03-25,Consumer
C07299,Customer 7299,customer7299@example.com,Delhi,Delhi,2024-02-06,Corporate
C07300,Customer 7300,customer7300@example.com,Hyderabad,Telangana,2024-02-16,Consumer
C07301,Customer 7301,customer7301@example.com,Hyderabad,Telangana,2026-03-04,Small Business
C07302,Customer 7302,customer7302@example.com,Ahmedabad,Gujarat,2025-02-16,Consumer
C07303,Customer 7303,customer7303@example.com,Mumbai,Maharashtra,2024-03-11,Corporate
C07304,Customer 7304,customer7304@example.com,Bengaluru,Karnataka,2024-08-06,Small Business
C07305,Customer 7305,customer7305@example.com,Hyderabad,Telangana,2025-03-24,Corporate
C07306,Customer 7306,customer7306@example.com,Jaipur,Rajasthan,2026-02-21,Consumer
C07307,Customer 7307,customer7307@example.com,Hyderabad,Telangana,2026-06-11,Consumer
C07308,Customer 7308,customer7308@example.com,Chennai,Tamil Nadu,2025-06-26,Consumer
C07309,Customer 7309,customer7309@example.com,Chennai,Tamil Nadu,2026-06-01,Corporate
C07310,Customer 7310,customer7310@example.com,Jaipur,Rajasthan,2025-03-21,Consumer
C07311,Customer 7311,customer7311@example.com,Chennai,Tamil Nadu,2025-04-03,Consumer
C07312,Customer 7312,customer7312@example.com,Ahmedabad,Gujarat,2025-07-15,Consumer
C07313,Customer 7313,customer7313@example.com,Bengaluru,Karnataka,2024-11-02,Small Business
C07314,Customer 7314,customer7314@example.com,Jaipur,Rajasthan,2024-07-18,Small Business
C07315,Customer 7315,,Bengaluru,Karnataka,2024-06-30,Corporate
C07316,Customer 7316,customer7316@example.com,Pune,Maharashtra,2025-01-26,Small Business
C07317,Customer 7317,customer7317@example.com,Bengaluru,Karnataka,2025-02-19,Consumer
C07318,Customer 7318,customer7318@example.com,Jaipur,Rajasthan,2024-02-18,Corporate
C07319,Customer 7319,customer7319@example.com,Hyderabad,Telangana,2024-02-24,Corporate
C07320,Customer 7320,customer7320@example.com,Kolkata,West Bengal,2024-10-10,Small Business
C07321,Customer 7321,customer7321@example.com,Panipat,Haryana,2025-02-06,Corporate
C07322,Customer 7322,customer7322@example.com,Kolkata,West Bengal,2025-09-26,Corporate
C07323,Customer 7323,customer7323@example.com,HYDERABAD,Telangana,2024-03-22,Corporate
C07324,Customer 7324,customer7324@example.com,Chennai,Tamil Nadu,2024-06-12,Consumer
C07325,Customer 7325,,Ahmedabad,Gujarat,2024-07-06,Small Business
C07326,Customer 7326,customer7326@example.com,Panipat,Haryana,2025-08-31,Consumer
C07327,Customer 7327,customer7327@example.com,Jaipur,Rajasthan,2024-12-07,Corporate
C07328,Customer 7328,customer7328@example.com,Delhi,Delhi,2024-02-13,Corporate
C07329,Customer 7329,customer7329@example.com,Bengaluru,Karnataka,2026-01-18,Consumer
C07330,Customer 7330,customer7330@example.com,Ahmedabad,Gujarat,2024-04-14,Consumer
C07331,Customer 7331,customer7331@example.com,Delhi,Delhi,2024-03-26,Consumer
C07332,Customer 7332,customer7332@example.com,Kolkata,West Bengal,2026-03-08,Small Business
C07333,Customer 7333,customer7333@example.com,Chennai,Tamil Nadu,2024-04-07,Small Business
C07334,Customer 7334,customer7334@example.com,Panipat,Haryana,2024-05-25,Corporate
C07335,Customer 7335,customer7335@example.com,Bengaluru,Karnataka,2025-12-22,Corporate
C07336,Customer 7336,customer7336@example.com,Chennai,Tamil Nadu,2024-02-25,Small Business
C07337,Customer 7337,customer7337@example.com,Mumbai,Maharashtra,2024-06-21,Small Business
C07338,Customer 7338,customer7338@example.com,Panipat,Haryana,2025-02-19,Small Business
C07339,Customer 7339,customer7339@example.com,Ahmedabad,Gujarat,2025-01-14,Consumer
C07340,Customer 7340,,Hyderabad,Telangana,2026-04-17,Corporate
C07341,Customer 7341,customer7341@example.com,Delhi,Delhi,2025-11-29,Consumer
C07342,Customer 7342,customer7342@example.com,Panipat,Haryana,2024-03-25,Small Business
C07343,Customer 7343,customer7343@example.com,Mumbai,Maharashtra,2024-07-05,Corporate
C07344,Customer 7344,customer7344@example.com,Hyderabad,Telangana,2026-03-14,Small Business
C07345,Customer 7345,customer7345@example.com,Hyderabad,Telangana,2026-06-11,Consumer
C07346,Customer 7346,customer7346@example.com,Panipat,Haryana,2024-06-10,Corporate
C07347,Customer 7347,customer7347@example.com,Panipat,Haryana,2024-03-21,Corporate
C07348,Customer 7348,customer7348@example.com,Delhi,Delhi,2024-12-11,Consumer
C07349,Customer 7349,customer7349@example.com,Mumbai,Maharashtra,2026-06-18,Corporate
C07350,Customer 7350,customer7350@example.com,Ahmedabad,Gujarat,2024-09-22,Corporate
C07351,Customer 7351,customer7351@example.com,Ahmedabad,Gujarat,2024-12-13,Consumer
C07352,Customer 7352,customer7352@example.com,Kolkata,West Bengal,2024-10-16,Consumer
C07353,Customer 7353,customer7353@example.com,Kolkata,West Bengal,2024-04-12,Corporate
C07354,Customer 7354,customer7354@example.com,Pune,Maharashtra,2026-05-14,Consumer
C07355,Customer 7355,customer7355@example.com,Kolkata,West Bengal,2025-09-01,Small Business
C07356,Customer 7356,customer7356@example.com,Panipat,Haryana,2024-12-28,Small Business
C07357,Customer 7357,customer7357@example.com,Ahmedabad,Gujarat,2025-11-21,Corporate
C07358,Customer 7358,,Panipat,Haryana,2024-08-24,Small Business
C07359,Customer 7359,customer7359@example.com,Delhi,Delhi,2024-02-19,Consumer
C07360,Customer 7360,customer7360@example.com,CHENNAI,Tamil Nadu,2024-10-21,Small Business
C07361,Customer 7361,customer7361@example.com,Ahmedabad,Gujarat,2024-08-09,Corporate
C07362,Customer 7362,customer7362@example.com,Panipat,Haryana,2024-07-27,Small Business
C07363,Customer 7363,customer7363@example.com,Ahmedabad,Gujarat,2024-05-01,Consumer
C07364,Customer 7364,customer7364@example.com,Bengaluru,Karnataka,2024-12-22,Consumer
C07365,Customer 7365,customer7365@example.com,Panipat,Haryana,2026-06-18,Consumer
C07366,Customer 7366,customer7366@example.com,Chennai,Tamil Nadu,2024-02-16,Small Business
C07367,Customer 7367,customer7367@example.com,Ahmedabad,Gujarat,2025-12-16,Corporate
C07368,Customer 7368,customer7368@example.com,Delhi,Delhi,2024-03-14,Small Business
C07369,Customer 7369,customer7369@example.com,Bengaluru,Karnataka,2025-10-03,Small Business
C07370,Customer 7370,customer7370@example.com,Delhi,Delhi,2024-08-14,Small Business
C07371,Customer 7371,customer7371@example.com,Hyderabad,Telangana,2025-09-22,Small Business
C07372,Customer 7372,,Mumbai,Maharashtra,2025-07-12,Corporate
C07373,Customer 7373,invalid-email-7372,Hyderabad,Telangana,2026-02-17,Consumer
C07374,Customer 7374,customer7374@example.com,Hyderabad,Telangana,2025-12-03,Small Business
C07375,Customer 7375,customer7375@example.com,Hyderabad,Telangana,2024-05-30,Consumer
C07376,Customer 7376,customer7376@example.com,Hyderabad,Telangana,2025-02-01,Consumer
C07377,Customer 7377,customer7377@example.com,Panipat,Haryana,2024-03-01,Corporate
C07378,Customer 7378,customer7378@example.com,Kolkata,West Bengal,2025-08-06,
C07379,Customer 7379,customer7379@example.com,Panipat,Haryana,2025-10-21,Consumer
C07380,Customer 7380,customer7380@example.com,Chennai,Tamil Nadu,2025-08-07,Corporate
C07381,Customer 7381,customer7381@example.com,Jaipur,Rajasthan,2024-03-01,Consumer
C07382,Customer 7382,customer7382@example.com,Jaipur,Rajasthan,2025-01-31,Small Business
C07383,Customer 7383,customer7383@example.com,Kolkata,West Bengal,2025-05-03,Corporate
C07384,Customer 7384,customer7384@example.com,Panipat,Haryana,2026-03-07,Small Business
C07385,Customer 7385,customer7385@example.com,Pune,Maharashtra,2025-05-05,Small Business
C07386,Customer 7386,customer7386@example.com,Bengaluru,Karnataka,2025-12-12,Small Business
C07387,Customer 7387,customer7387@example.com,Mumbai,Maharashtra,2026-01-03,Consumer
C07388,Customer 7388,customer7388@example.com,Pune,Maharashtra,2025-08-06,Corporate
C07389,Customer 7389,customer7389@example.com,Bengaluru,Karnataka,2025-08-17,Small Business
C07390,Customer 7390,customer7390@example.com,Hyderabad,Telangana,2026-06-01,Consumer
C07391,Customer 7391,customer7391@example.com,Panipat,Haryana,2024-01-03,
C07392,Customer 7392,customer7392@example.com,Kolkata,West Bengal,2025-04-14,Corporate
C07393,Customer 7393,customer7393@example.com,Mumbai,Maharashtra,2024-12-08,Corporate
C07394,Customer 7394,customer7394@example.com,Panipat,Haryana,2024-08-11,Consumer
C07395,Customer 7395,customer7395@example.com,Hyderabad,Telangana,2026-04-28,Consumer
C07396,Customer 7396,customer7396@example.com,Delhi,Delhi,2025-05-20,Consumer
C07397,Customer 7397,customer7397@example.com,Chennai,Tamil Nadu,2024-11-16,Corporate
C07398,Customer 7398,customer7398@example.com,Mumbai,Maharashtra,2025-02-04,Consumer
C07399,Customer 7399,customer7399@example.com,Bengaluru,Karnataka,2024-04-18,Corporate
C07400,Customer 7400,customer7400@example.com,Jaipur,Rajasthan,2024-09-17,Consumer
C07401,Customer 7401,,Ahmedabad,Gujarat,2024-03-03,Small Business
C07402,Customer 7402,customer7402@example.com,Mumbai,Maharashtra,2025-11-08,Small Business
C07403,Customer 7403,customer7403@example.com,Mumbai,Maharashtra,2024-08-12,Consumer
C07404,Customer 7404,customer7404@example.com,Bengaluru,Karnataka,2024-12-04,Consumer
C07405,Customer 7405,customer7405@example.com,Delhi,Delhi,2024-01-16,Small Business
C07406,Customer 7406,customer7406@example.com,Panipat,Haryana,2025-08-08,Consumer
C07407,Customer 7407,customer7407@example.com,Chennai,Tamil Nadu,2026-05-09,Small Business
C07408,Customer 7408,customer7408@example.com,Panipat,Haryana,2024-12-30,Consumer
C07409,Customer 7409,customer7409@example.com,Panipat,Haryana,2025-10-14,Small Business
C07410,Customer 7410,customer7410@example.com,Jaipur,Rajasthan,2025-02-27,Small Business
C07411,Customer 7411,customer7411@example.com,Bengaluru,Karnataka,2024-09-05,Consumer
C07412,Customer 7412,customer7412@example.com,Mumbai,Maharashtra,2024-04-29,Consumer
C07413,Customer 7413,customer7413@example.com,Chennai,Tamil Nadu,2025-02-06,Corporate
C07414,Customer 7414,customer7414@example.com,Pune,Maharashtra,2026-03-24,Consumer
C07415,Customer 7415,customer7415@example.com,Ahmedabad,Gujarat,2024-01-07,Corporate
C07416,Customer 7416,customer7416@example.com,Hyderabad,Telangana,2025-04-12,Corporate
C07417,Customer 7417,customer7417@example.com,Ahmedabad,Gujarat,2025-07-23,Small Business
C07418,Customer 7418,,Kolkata,West Bengal,2024-11-27,Small Business
C07419,Customer 7419,customer7419@example.com,Mumbai,Maharashtra,2024-03-30,Consumer
C07420,Customer 7420,customer7420@example.com,Ahmedabad,Gujarat,2026-01-24,Small Business
C07421,Customer 7421,customer7421@example.com,Chennai,Tamil Nadu,2024-11-15,Consumer
C07422,Customer 7422,customer7422@example.com,Chennai,Tamil Nadu,2024-02-17,Consumer
C07423,Customer 7423,customer7423@example.com,Pune,Maharashtra,2025-03-05,Small Business
C07424,Customer 7424,customer7424@example.com,Mumbai,Maharashtra,2026-03-27,Consumer
C07425,Customer 7425,customer7425@example.com,Mumbai,Maharashtra,2025-04-13,Corporate
C07426,Customer 7426,customer7426@example.com,Hyderabad,Telangana,2025-06-17,Consumer
C07427,Customer 7427,customer7427@example.com,Delhi,Delhi,2024-09-18,Corporate
C07428,Customer 7428,customer7428@example.com,Kolkata,West Bengal,2024-01-26,Small Business
C07429,Customer 7429,customer7429@example.com,Ahmedabad,Gujarat,2024-05-09,Consumer
C07430,Customer 7430,customer7430@example.com,Kolkata,West Bengal,2024-04-27,Consumer
C07431,Customer 7431,customer7431@example.com,Hyderabad,Telangana,2026-05-12,Consumer
C07432,Customer 7432,customer7432@example.com,Pune,Maharashtra,2025-12-31,Small Business
C07433,Customer 7433,customer7433@example.com,Panipat,Haryana,2024-07-04,Consumer
C07434,Customer 7434,customer7434@example.com,Chennai,Tamil Nadu,2025-12-18,Consumer
C07435,Customer 7435,customer7435@example.com,Delhi,Delhi,2025-10-24,Small Business
C07436,Customer 7436,customer7436@example.com,Mumbai,Maharashtra,2024-03-10,Corporate
C07437,Customer 7437,customer7437@example.com,Jaipur,Rajasthan,2026-03-15,Consumer
C07438,Customer 7438,customer7438@example.com,Jaipur,Rajasthan,2025-08-09,Corporate
C07439,Customer 7439,customer7439@example.com,Panipat,Haryana,2025-12-03,Corporate
C07440,Customer 7440,customer7440@example.com,Ahmedabad,Gujarat,2024-04-06,Corporate
C07441,Customer 7441,customer7441@example.com,Delhi,Delhi,2026-03-02,Consumer
C07442,Customer 7442,customer7442@example.com,Jaipur,Rajasthan,2025-03-23,Consumer
C07443,Customer 7443,customer7443@example.com,Jaipur,Rajasthan,2025-01-15,Corporate
C07444,Customer 7444,customer7444@example.com,Jaipur,Rajasthan,2025-07-17,Consumer
C07445,Customer 7445,customer7445@example.com,Ahmedabad,Gujarat,2024-11-16,Small Business
C07446,Customer 7446,customer7446@example.com,Kolkata,West Bengal,2025-12-07,Corporate
C07447,Customer 7447,customer7447@example.com,Mumbai,Maharashtra,2025-12-21,Small Business
C07448,Customer 7448,customer7448@example.com,Delhi,Delhi,2025-01-25,Small Business
C07449,Customer 7449,customer7449@example.com,Jaipur,Rajasthan,2024-02-15,Small Business
C07450,Customer 7450,customer7450@example.com,Panipat,Haryana,2026-02-07,Corporate
C07451,Customer 7451,customer7451@example.com,Pune,Maharashtra,2025-05-05,Small Business
C07452,Customer 7452,customer7452@example.com,Ahmedabad,Gujarat,2026-05-28,Consumer
C07453,Customer 7453,customer7453@example.com,Delhi,Delhi,2025-07-14,Corporate
C07454,Customer 7454,customer7454@example.com,Ahmedabad,Gujarat,2024-06-07,Small Business
C07455,Customer 7455,customer7455@example.com,Ahmedabad,Gujarat,2025-05-06,Consumer
C07456,Customer 7456,customer7456@example.com,Jaipur,Rajasthan,2024-10-09,Corporate
C07457,Customer 7457,customer7457@example.com,Bengaluru,Karnataka,2026-06-06,Consumer
C07458,Customer 7458,customer7458@example.com,Delhi,Delhi,2025-06-10,Consumer
C07459,Customer 7459,customer7459@example.com,Mumbai,Maharashtra,2026-01-09,Corporate
C07460,Customer 7460,customer7460@example.com,Mumbai,Maharashtra,2024-01-02,Consumer
C07461,Customer 7461,customer7461@example.com,Mumbai,Maharashtra,2025-07-18,Consumer
C07462,Customer 7462,customer7462@example.com,Ahmedabad,Gujarat,2024-10-28,Small Business
C07463,Customer 7463,customer7463@example.com,Mumbai,Maharashtra,2025-10-02,Consumer
C07464,Customer 7464,customer7464@example.com,Mumbai,Maharashtra,2025-11-09,Consumer
C07465,Customer 7465,customer7465@example.com,Panipat,Haryana,2024-09-15,Consumer
C07466,Customer 7466,customer7466@example.com,Bengaluru,Karnataka,2024-10-12,Corporate
C07467,Customer 7467,customer7467@example.com,Bengaluru,Karnataka,2025-11-01,Consumer
C07468,Customer 7468,customer7468@example.com,Mumbai,Maharashtra,2026-02-06,Small Business
C07469,Customer 7469,customer7469@example.com,Delhi,Delhi,2024-03-08,Corporate
C07470,Customer 7470,customer7470@example.com,Hyderabad,Telangana,2025-08-14,Small Business
C07471,Customer 7471,customer7471@example.com,Pune,Maharashtra,2025-12-18,Consumer
C07472,Customer 7472,customer7472@example.com,Mumbai,Maharashtra,2026-01-23,Small Business
C07473,Customer 7473,customer7473@example.com,Panipat,Haryana,2024-05-10,Consumer
C07474,Customer 7474,customer7474@example.com,Pune,Maharashtra,2024-02-21,Corporate
C07475,Customer 7475,customer7475@example.com,Mumbai,Maharashtra,2024-08-12,Consumer
C07476,Customer 7476,customer7476@example.com,Mumbai,Maharashtra,2026-01-04,Corporate
C07477,Customer 7477,customer7477@example.com,Kolkata,West Bengal,2025-01-02,Consumer
C07478,Customer 7478,customer7478@example.com,Delhi,Delhi,2024-09-06,Corporate
C07479,Customer 7479,customer7479@example.com,Pune,Maharashtra,2024-02-12,Consumer
C07480,Customer 7480,customer7480@example.com,Jaipur,Rajasthan,2024-04-05,Corporate
C07481,Customer 7481,customer7481@example.com,Hyderabad,Telangana,2024-02-18,Corporate
C07482,Customer 7482,customer7482@example.com,Bengaluru,Karnataka,2025-02-09,Consumer
C07483,Customer 7483,customer7483@example.com,Panipat,Haryana,2025-11-29,Consumer
C07484,Customer 7484,customer7484@example.com,Hyderabad,Telangana,2026-01-02,Small Business
C07485,Customer 7485,,Pune,Maharashtra,2026-04-28,Corporate
C07486,Customer 7486,customer7486@example.com,Kolkata,West Bengal,2025-04-15,Corporate
C07487,Customer 7487,customer7487@example.com,Chennai,Tamil Nadu,2025-08-21,Consumer
C07488,Customer 7488,customer7488@example.com,Ahmedabad,Gujarat,2025-07-04,Consumer
C07489,Customer 7489,customer7489@example.com,Mumbai,Maharashtra,2026-02-25,Consumer
C07490,Customer 7490,customer7490@example.com,Panipat,Haryana,2025-10-29,Consumer
C07491,Customer 7491,customer7491@example.com,Ahmedabad,Gujarat,2024-04-01,Corporate
C07492,Customer 7492,customer7492@example.com,Delhi,Delhi,2025-04-25,Corporate
C07493,Customer 7493,customer7493@example.com,Chennai,Tamil Nadu,2026-06-04,Small Business
C07494,Customer 7494,customer7494@example.com,Panipat,Haryana,2026-05-31,Consumer
C07495,Customer 7495,,Ahmedabad,Gujarat,2026-02-06,Small Business
C07496,Customer 7496,customer7496@example.com,Pune,Maharashtra,2024-05-02,Consumer
C07497,Customer 7497,customer7497@example.com,Bengaluru,Karnataka,2024-09-10,Small Business
C07498,Customer 7498,customer7498@example.com,Jaipur,Rajasthan,2026-04-20,Corporate
C07499,Customer 7499,customer7499@example.com,Delhi,Delhi,2025-09-26,Corporate
C07500,Customer 7500,customer7500@example.com,Chennai,Tamil Nadu,2024-06-15,Consumer
C07501,Customer 7501,customer7501@example.com,Ahmedabad,Gujarat,2024-03-24,Consumer
C07502,Customer 7502,,Delhi,Delhi,2025-03-05,Corporate
C07503,Customer 7503,customer7503@example.com,Panipat,Haryana,2025-05-28,Consumer
C07504,Customer 7504,customer7504@example.com,Hyderabad,Telangana,2025-02-19,Small Business
C07505,Customer 7505,customer7505@example.com,Hyderabad,Telangana,2026-05-11,Corporate
C07506,Customer 7506,customer7506@example.com,Chennai,Tamil Nadu,2025-04-16,Consumer
C07507,Customer 7507,customer7507@example.com,Chennai,Tamil Nadu,2024-08-27,Small Business
C07508,Customer 7508,customer7508@example.com,Chennai,Tamil Nadu,2024-06-05,Consumer
C07509,Customer 7509,customer7509@example.com,Ahmedabad,Gujarat,2025-06-08,Corporate
C07510,Customer 7510,customer7510@example.com,Hyderabad,Telangana,2025-01-05,Consumer
C07511,Customer 7511,customer7511@example.com,Bengaluru,Karnataka,2025-08-18,Corporate
C07512,Customer 7512,customer7512@example.com,Bengaluru,Karnataka,2024-11-03,Small Business
C07513,Customer 7513,customer7513@example.com,Panipat,Haryana,2025-03-27,
C07514,Customer 7514,customer7514@example.com,Chennai,Tamil Nadu,2024-07-20,Small Business
C07515,Customer 7515,customer7515@example.com,Bengaluru,Karnataka,2025-09-11,Consumer
C07516,Customer 7516,customer7516@example.com,Pune,Maharashtra,2025-08-04,Corporate
C07517,Customer 7517,customer7517@example.com,Hyderabad,Telangana,2024-01-09,Corporate
C07518,Customer 7518,customer7518@example.com,Ahmedabad,Gujarat,2025-01-20,Consumer
C07519,Customer 7519,customer7519@example.com,Kolkata,West Bengal,2024-07-13,Consumer
C07520,Customer 7520,customer7520@example.com,Mumbai,Maharashtra,2025-01-29,Consumer
C07521,Customer 7521,customer7521@example.com,Chennai,Tamil Nadu,2026-05-04,Consumer
C07522,Customer 7522,customer7522@example.com,Delhi,Delhi,2024-10-29,Consumer
C07523,Customer 7523,customer7523@example.com,Bengaluru,Karnataka,2024-08-09,Corporate
C07524,Customer 7524,customer7524@example.com,Mumbai,Maharashtra,2026-04-28,Small Business
C07525,Customer 7525,customer7525@example.com,Hyderabad,Telangana,2025-11-01,Small Business
C07526,Customer 7526,customer7526@example.com,Hyderabad,Telangana,2024-09-29,Small Business
C07527,Customer 7527,customer7527@example.com,Mumbai,Maharashtra,2024-04-13,Small Business
C07528,Customer 7528,customer7528@example.com,Jaipur,Rajasthan,2026-05-20,Small Business
C07529,Customer 7529,customer7529@example.com,Panipat,Haryana,2025-06-30,Small Business
C07530,Customer 7530,customer7530@example.com,Kolkata,West Bengal,2025-08-31,Small Business
C07531,Customer 7531,customer7531@example.com,Ahmedabad,Gujarat,2024-04-10,Small Business
C07532,Customer 7532,customer7532@example.com,Ahmedabad,Gujarat,2025-02-21,Consumer
C07533,Customer 7533,customer7533@example.com,Pune,Maharashtra,2026-01-11,Corporate
C07534,Customer 7534,customer7534@example.com,Delhi,Delhi,2025-11-04,Small Business
C07535,Customer 7535,customer7535@example.com,Ahmedabad,Gujarat,2025-11-30,Corporate
C07536,Customer 7536,customer7536@example.com,BENGALURU,Karnataka,2024-08-13,Consumer
C07537,Customer 7537,customer7537@example.com,Jaipur,Rajasthan,2024-12-12,Consumer
C07538,Customer 7538,customer7538@example.com,Mumbai,Maharashtra,2026-01-07,Corporate
C07539,Customer 7539,customer7539@example.com,Kolkata,West Bengal,2024-07-10,Corporate
C07540,Customer 7540,customer7540@example.com,Panipat,Haryana,2025-01-08,Small Business
C07541,Customer 7541,customer7541@example.com,Pune,Maharashtra,2024-08-18,Consumer
C07542,Customer 7542,customer7542@example.com,Bengaluru,Karnataka,2024-07-26,Consumer
C07543,Customer 7543,customer7543@example.com,Pune,Maharashtra,2024-03-20,Consumer
C07544,Customer 7544,customer7544@example.com,Hyderabad,Telangana,2026-05-18,Small Business
C07545,Customer 7545,customer7545@example.com,Jaipur,Rajasthan,2025-05-26,Corporate
C07546,Customer 7546,customer7546@example.com,Panipat,Haryana,2025-01-17,Small Business
C07547,Customer 7547,customer7547@example.com,Bengaluru,Karnataka,2025-01-13,Corporate
C07548,Customer 7548,customer7548@example.com,Chennai,Tamil Nadu,2025-12-07,Small Business
C07549,Customer 7549,customer7549@example.com,Bengaluru,Karnataka,2025-05-26,Corporate
C07550,Customer 7550,customer7550@example.com,Kolkata,West Bengal,2025-02-15,Small Business
C07551,Customer 7551,customer7551@example.com,Bengaluru,Karnataka,2026-01-09,Small Business
C07552,Customer 7552,customer7552@example.com,Hyderabad,Telangana,2024-07-23,Corporate
C07553,Customer 7553,customer7553@example.com,Pune,Maharashtra,2025-03-23,Corporate
C07554,Customer 7554,customer7554@example.com,Ahmedabad,Gujarat,2025-04-28,Corporate
C07555,Customer 7555,customer7555@example.com,Chennai,Tamil Nadu,2025-01-30,Small Business
C07556,Customer 7556,customer7556@example.com,Ahmedabad,Gujarat,2026-03-06,Small Business
C07557,Customer 7557,customer7557@example.com,Chennai,Tamil Nadu,2026-04-06,Consumer
C07558,Customer 7558,customer7558@example.com,Chennai,Tamil Nadu,2024-08-01,Corporate
C07559,Customer 7559,customer7559@example.com,Mumbai,Maharashtra,2024-03-21,Consumer
C07560,Customer 7560,customer7560@example.com,Hyderabad,Telangana,2024-10-19,Corporate
C07561,Customer 7561,customer7561@example.com,Panipat,Haryana,2025-07-02,Small Business
C07562,Customer 7562,customer7562@example.com,Panipat,Haryana,2025-08-09,Corporate
C07563,Customer 7563,customer7563@example.com,Ahmedabad,Gujarat,2024-11-09,Small Business
C07564,Customer 7564,customer7564@example.com,Delhi,Delhi,2026-04-14,Corporate
C07565,Customer 7565,customer7565@example.com,Mumbai,Maharashtra,2026-02-17,Corporate
C07566,Customer 7566,customer7566@example.com,Ahmedabad,Gujarat,2024-05-26,Corporate
C07567,Customer 7567,customer7567@example.com,Hyderabad,Telangana,2025-08-12,Corporate
C07568,Customer 7568,customer7568@example.com,Chennai,Tamil Nadu,2024-11-05,Corporate
C07569,Customer 7569,customer7569@example.com,Mumbai,Maharashtra,2024-04-25,Consumer
C07570,Customer 7570,customer7570@example.com,Panipat,Haryana,2025-04-09,Corporate
C07571,Customer 7571,customer7571@example.com,Mumbai,Maharashtra,2024-09-02,Corporate
C07572,Customer 7572,customer7572@example.com,Ahmedabad,Gujarat,2024-05-01,Corporate
C07573,Customer 7573,customer7573@example.com,Mumbai,Maharashtra,2025-01-29,Consumer
C07574,Customer 7574,customer7574@example.com,Bengaluru,Karnataka,2024-02-23,Small Business
C07575,Customer 7575,customer7575@example.com,Bengaluru,Karnataka,2025-10-28,Small Business
C07576,Customer 7576,customer7576@example.com,Ahmedabad,Gujarat,2024-07-19,Consumer
C07577,Customer 7577,customer7577@example.com,Mumbai,Maharashtra,2025-03-01,Consumer
C07578,Customer 7578,customer7578@example.com,Bengaluru,Karnataka,2026-03-06,Corporate
C07579,Customer 7579,customer7579@example.com,Bengaluru,Karnataka,2024-08-06,Small Business
C07580,Customer 7580,,Panipat,Haryana,2025-04-08,Small Business
C07581,Customer 7581,customer7581@example.com,Chennai,Tamil Nadu,2024-08-13,Small Business
C07582,Customer 7582,customer7582@example.com,Kolkata,West Bengal,2024-08-19,Consumer
C07583,Customer 7583,customer7583@example.com,Panipat,Haryana,2024-01-31,Small Business
C07584,Customer 7584,customer7584@example.com,Delhi,Delhi,2025-05-22,Small Business
C07585,Customer 7585,customer7585@example.com,Hyderabad,Telangana,2024-06-20,Consumer
C07586,Customer 7586,customer7586@example.com,Delhi,Delhi,2024-03-22,Corporate
C07587,Customer 7587,customer7587@example.com,Jaipur,Rajasthan,2025-04-02,Consumer
C07588,Customer 7588,customer7588@example.com,Jaipur,Rajasthan,2024-10-14,Corporate
C07589,Customer 7589,customer7589@example.com,Mumbai,Maharashtra,2024-08-02,Corporate
C07590,Customer 7590,customer7590@example.com,Bengaluru,Karnataka,2026-01-26,Consumer
C07591,Customer 7591,customer7591@example.com,Chennai,Tamil Nadu,2025-06-01,Corporate
C07592,Customer 7592,customer7592@example.com,Bengaluru,Karnataka,2024-09-30,Small Business
C07593,Customer 7593,customer7593@example.com,Kolkata,West Bengal,2024-02-19,Consumer
C07594,Customer 7594,customer7594@example.com,Kolkata,West Bengal,2024-07-17,Small Business
C07595,Customer 7595,customer7595@example.com,Mumbai,Maharashtra,2026-06-09,Small Business
C07596,Customer 7596,customer7596@example.com,Panipat,Haryana,2025-12-09,Small Business
C07597,Customer 7597,customer7597@example.com,Chennai,Tamil Nadu,2026-03-26,Corporate
C07598,Customer 7598,customer7598@example.com,Mumbai,Maharashtra,2024-08-15,Corporate
C07599,Customer 7599,customer7599@example.com,Kolkata,West Bengal,2025-04-08,Consumer
C07600,Customer 7600,customer7600@example.com,Ahmedabad,Gujarat,2025-03-16,Corporate
C07601,Customer 7601,customer7601@example.com,Hyderabad,Telangana,2025-02-20,Consumer
C07602,Customer 7602,customer7602@example.com,Pune,Maharashtra,2025-04-24,Consumer
C07603,Customer 7603,customer7603@example.com,Delhi,Delhi,2024-10-12,Consumer
C07604,Customer 7604,customer7604@example.com,Panipat,Haryana,2026-02-20,Small Business
C07605,Customer 7605,customer7605@example.com,Hyderabad,Telangana,2026-04-14,Consumer
C07606,Customer 7606,customer7606@example.com,Kolkata,West Bengal,2025-07-03,Consumer
C07607,Customer 7607,customer7607@example.com,Panipat,Haryana,2025-01-11,Corporate
C07608,Customer 7608,customer7608@example.com,Jaipur,Rajasthan,2025-11-05,Consumer
C07609,Customer 7609,customer7609@example.com,Panipat,Haryana,2024-01-26,Consumer
C07610,Customer 7610,customer7610@example.com,Kolkata,West Bengal,2026-05-26,Small Business
C07611,Customer 7611,customer7611@example.com,Mumbai,Maharashtra,2026-01-16,Consumer
C07612,Customer 7612,customer7612@example.com,Delhi,Delhi,2024-11-12,Consumer
C07613,Customer 7613,customer7613@example.com,Hyderabad,Telangana,2025-04-19,Small Business
C07614,Customer 7614,customer7614@example.com,Pune,Maharashtra,2024-05-02,Corporate
C07615,Customer 7615,customer7615@example.com,Panipat,Haryana,2025-09-10,Corporate
C07616,Customer 7616,customer7616@example.com,Pune,Maharashtra,2025-08-10,Small Business
C07617,Customer 7617,customer7617@example.com,Delhi,Delhi,2026-02-26,Consumer
C07618,Customer 7618,customer7618@example.com,Chennai,Tamil Nadu,2025-06-25,Small Business
C07619,Customer 7619,customer7619@example.com,Delhi,Delhi,2025-05-21,Consumer
C07620,Customer 7620,customer7620@example.com,Panipat,Haryana,2024-07-22,Consumer
C07621,Customer 7621,customer7621@example.com,Pune,Maharashtra,2025-01-22,Small Business
C07622,Customer 7622,customer7622@example.com,Hyderabad,Telangana,2024-12-25,Small Business
C07623,Customer 7623,customer7623@example.com,Mumbai,Maharashtra,2025-06-14,Corporate
C07624,Customer 7624,customer7624@example.com,Mumbai,Maharashtra,2026-01-08,Consumer
C07625,Customer 7625,customer7625@example.com,Ahmedabad,Gujarat,2025-10-22,Consumer
C07626,Customer 7626,customer7626@example.com,Ahmedabad,Gujarat,2026-01-13,Small Business
C07627,Customer 7627,customer7627@example.com,Kolkata,West Bengal,2026-03-13,Consumer
C07628,Customer 7628,customer7628@example.com,Hyderabad,Telangana,2024-05-10,Small Business
C07629,Customer 7629,customer7629@example.com,Hyderabad,Telangana,2025-09-22,Corporate
C07630,Customer 7630,customer7630@example.com,Pune,Maharashtra,2024-08-28,Consumer
C07631,Customer 7631,customer7631@example.com,Mumbai,Maharashtra,2024-06-03,Small Business
C07632,Customer 7632,,Kolkata,West Bengal,2024-08-20,Small Business
C07633,Customer 7633,customer7633@example.com,Ahmedabad,Gujarat,2024-07-13,Small Business
C07634,Customer 7634,customer7634@example.com,Ahmedabad,Gujarat,2025-09-14,Consumer
C07635,Customer 7635,customer7635@example.com,Panipat,Haryana,2024-10-21,Corporate
C07636,Customer 7636,customer7636@example.com,Kolkata,West Bengal,2025-12-08,Small Business
C07637,Customer 7637,customer7637@example.com,Pune,Maharashtra,2026-03-11,Corporate
C07638,Customer 7638,customer7638@example.com,Pune,Maharashtra,2024-05-12,Consumer
C07639,Customer 7639,customer7639@example.com,Chennai,Tamil Nadu,2025-03-13,Consumer
C07640,Customer 7640,customer7640@example.com,Jaipur,Rajasthan,2024-12-24,Consumer
C07641,Customer 7641,customer7641@example.com,Kolkata,West Bengal,2025-02-10,Consumer
C07642,Customer 7642,customer7642@example.com,Panipat,Haryana,2025-07-18,Corporate
C07643,Customer 7643,customer7643@example.com,Panipat,Haryana,2025-06-07,Consumer
C07644,Customer 7644,customer7644@example.com,CHENNAI,Tamil Nadu,2025-09-13,Corporate
C07645,Customer 7645,customer7645@example.com,Delhi,Delhi,2026-02-21,Small Business
C07646,Customer 7646,customer7646@example.com,Mumbai,Maharashtra,2026-04-29,Consumer
C07647,Customer 7647,customer7647@example.com,Chennai,Tamil Nadu,2024-02-09,Consumer
C07648,Customer 7648,customer7648@example.com,Panipat,Haryana,2025-05-18,Consumer
C07649,Customer 7649,customer7649@example.com,Mumbai,Maharashtra,2025-02-09,Consumer
C07650,Customer 7650,customer7650@example.com,Hyderabad,Telangana,2025-10-22,Small Business
C07651,Customer 7651,customer7651@example.com,Pune,Maharashtra,2025-07-25,Small Business
C07652,Customer 7652,customer7652@example.com,Jaipur,Rajasthan,2025-10-09,Consumer
C07653,Customer 7653,customer7653@example.com,Delhi,Delhi,2026-05-29,Corporate
C07654,Customer 7654,customer7654@example.com,Chennai,Tamil Nadu,2025-12-25,Corporate
C07655,Customer 7655,customer7655@example.com,Jaipur,Rajasthan,2026-05-30,Corporate
C07656,Customer 7656,customer7656@example.com,Chennai,Tamil Nadu,2025-05-04,Consumer
C07657,Customer 7657,customer7657@example.com,Hyderabad,Telangana,2025-03-29,Corporate
C07658,Customer 7658,customer7658@example.com,Mumbai,Maharashtra,2024-05-28,Consumer
C07659,Customer 7659,customer7659@example.com,Pune,Maharashtra,2025-12-08,Consumer
C07660,Customer 7660,customer7660@example.com,Mumbai,Maharashtra,2024-06-14,Small Business
C07661,Customer 7661,customer7661@example.com,Jaipur,Rajasthan,2024-01-18,Small Business
C07662,Customer 7662,customer7662@example.com,Delhi,Delhi,2026-02-11,Small Business
C07663,Customer 7663,customer7663@example.com,Bengaluru,Karnataka,2024-09-16,Consumer
C07664,Customer 7664,customer7664@example.com,Hyderabad,Telangana,2025-07-27,Small Business
C07665,Customer 7665,customer7665@example.com,Ahmedabad,Gujarat,2024-06-06,Small Business
C07666,Customer 7666,customer7666@example.com,Mumbai,Maharashtra,2024-07-01,Small Business
C07667,Customer 7667,invalid-email-7666,Hyderabad,Telangana,2025-02-18,Consumer
C07668,Customer 7668,customer7668@example.com,Chennai,Tamil Nadu,2024-07-06,Small Business
C07669,Customer 7669,customer7669@example.com,Hyderabad,Telangana,2024-08-04,Corporate
C07670,Customer 7670,customer7670@example.com,Panipat,Haryana,2025-02-02,
C07671,Customer 7671,customer7671@example.com,Kolkata,West Bengal,2026-06-04,Consumer
C07672,Customer 7672,customer7672@example.com,Delhi,Delhi,2026-05-25,Small Business
C07673,Customer 7673,customer7673@example.com,Delhi,Delhi,2025-06-28,Consumer
C07674,Customer 7674,customer7674@example.com,Bengaluru,Karnataka,2025-02-10,Small Business
C07675,Customer 7675,customer7675@example.com,Kolkata,West Bengal,2024-10-09,Consumer
C07676,Customer 7676,customer7676@example.com,Pune,Maharashtra,2024-01-07,Corporate
C07677,Customer 7677,customer7677@example.com,Hyderabad,Telangana,2024-08-22,Small Business
C07678,Customer 7678,customer7678@example.com,Bengaluru,Karnataka,2026-03-01,Consumer
C07679,Customer 7679,customer7679@example.com,Jaipur,Rajasthan,2024-11-27,Consumer
C07680,Customer 7680,customer7680@example.com,Panipat,Haryana,2025-11-06,Consumer
C07681,Customer 7681,customer7681@example.com,Pune,Maharashtra,2026-03-04,Corporate
C07682,Customer 7682,customer7682@example.com,Mumbai,Maharashtra,2025-02-14,Small Business
C07683,Customer 7683,customer7683@example.com,Panipat,Haryana,2025-06-04,Corporate
C07684,Customer 7684,customer7684@example.com,Chennai,Tamil Nadu,2024-08-22,Small Business
C07685,Customer 7685,customer7685@example.com,Kolkata,West Bengal,2025-11-03,Corporate
C07686,Customer 7686,customer7686@example.com,Chennai,Tamil Nadu,2024-03-05,Corporate
C07687,Customer 7687,customer7687@example.com,Bengaluru,Karnataka,2026-03-20,Corporate
C07688,Customer 7688,customer7688@example.com,Panipat,Haryana,2025-01-05,Corporate
C07689,Customer 7689,customer7689@example.com,Bengaluru,Karnataka,2025-08-05,Consumer
C07690,Customer 7690,customer7690@example.com,Mumbai,Maharashtra,2025-10-03,Small Business
C07691,Customer 7691,customer7691@example.com,Delhi,Delhi,2025-01-12,Consumer
C07692,Customer 7692,customer7692@example.com,Chennai,Tamil Nadu,2026-01-07,Corporate
C07693,Customer 7693,customer7693@example.com,Delhi,Delhi,2024-03-20,Small Business
C07694,Customer 7694,customer7694@example.com,Hyderabad,Telangana,2024-12-03,Corporate
C07695,Customer 7695,customer7695@example.com,Bengaluru,Karnataka,2024-01-18,Small Business
C07696,Customer 7696,customer7696@example.com,Delhi,Delhi,2025-08-13,Small Business
C07697,Customer 7697,customer7697@example.com,Chennai,Tamil Nadu,2025-08-29,Consumer
C07698,Customer 7698,customer7698@example.com,Ahmedabad,Gujarat,2024-11-24,Corporate
C07699,Customer 7699,customer7699@example.com,Jaipur,Rajasthan,2025-05-23,Corporate
C07700,Customer 7700,customer7700@example.com,Mumbai,Maharashtra,2024-03-02,Corporate
C07701,Customer 7701,customer7701@example.com,Panipat,Haryana,2026-04-10,Consumer
C07702,Customer 7702,customer7702@example.com,Panipat,Haryana,2024-09-16,Consumer
C07703,Customer 7703,customer7703@example.com,Chennai,Tamil Nadu,2024-06-11,Small Business
C07704,Customer 7704,customer7704@example.com,Panipat,Haryana,2024-03-13,Small Business
C07705,Customer 7705,customer7705@example.com,Kolkata,West Bengal,2024-04-08,Consumer
C07706,Customer 7706,customer7706@example.com,Delhi,Delhi,2024-06-02,Corporate
C07707,Customer 7707,customer7707@example.com,Delhi,Delhi,2024-07-25,Small Business
C07708,Customer 7708,customer7708@example.com,Pune,Maharashtra,2026-02-08,Small Business
C07709,Customer 7709,customer7709@example.com,Chennai,Tamil Nadu,2025-09-27,Corporate
C07710,Customer 7710,customer7710@example.com,Kolkata,West Bengal,2025-06-28,Small Business
C07711,Customer 7711,customer7711@example.com,Kolkata,West Bengal,2025-02-19,Consumer
C07712,Customer 7712,customer7712@example.com,Ahmedabad,Gujarat,2025-06-19,Corporate
C07713,Customer 7713,customer7713@example.com,Pune,Maharashtra,2024-03-16,Consumer
C07714,Customer 7714,customer7714@example.com,Chennai,Tamil Nadu,2025-05-17,Corporate
C07715,Customer 7715,customer7715@example.com,Pune,Maharashtra,2024-03-22,Small Business
C07716,Customer 7716,customer7716@example.com,Mumbai,Maharashtra,2024-05-15,Corporate
C07717,Customer 7717,customer7717@example.com,Chennai,Tamil Nadu,2025-11-22,Consumer
C07718,Customer 7718,customer7718@example.com,Kolkata,West Bengal,2024-12-13,Small Business
C07719,Customer 7719,customer7719@example.com,Ahmedabad,Gujarat,2025-06-27,Small Business
C07720,Customer 7720,customer7720@example.com,Ahmedabad,Gujarat,2025-05-01,Small Business
C07721,Customer 7721,customer7721@example.com,Jaipur,Rajasthan,2025-03-06,Corporate
C07722,Customer 7722,customer7722@example.com,Pune,Maharashtra,2026-05-10,Small Business
C07723,Customer 7723,customer7723@example.com,Pune,Maharashtra,2025-10-08,Small Business
C07724,Customer 7724,customer7724@example.com,Ahmedabad,Gujarat,2025-12-16,Small Business
C07725,Customer 7725,customer7725@example.com,Bengaluru,Karnataka,2024-07-26,Consumer
C07726,Customer 7726,customer7726@example.com,Ahmedabad,Gujarat,2024-04-03,Small Business
C07727,Customer 7727,customer7727@example.com,Chennai,Tamil Nadu,2024-12-02,Corporate
C07728,Customer 7728,customer7728@example.com,Pune,Maharashtra,2024-02-01,Small Business
C07729,Customer 7729,customer7729@example.com,Ahmedabad,Gujarat,2025-10-14,Corporate
C07730,Customer 7730,customer7730@example.com,Mumbai,Maharashtra,2024-08-26,Consumer
C07731,Customer 7731,customer7731@example.com,Mumbai,Maharashtra,2024-02-16,Consumer
C07732,Customer 7732,customer7732@example.com,Delhi,Delhi,2025-08-23,Consumer
C07733,Customer 7733,customer7733@example.com,Hyderabad,Telangana,2026-05-12,Consumer
C07734,Customer 7734,customer7734@example.com,Hyderabad,Telangana,2025-05-12,Corporate
C07735,Customer 7735,customer7735@example.com,Bengaluru,Karnataka,2024-10-16,Small Business
C07736,Customer 7736,customer7736@example.com,Kolkata,West Bengal,2026-03-29,Corporate
C07737,Customer 7737,customer7737@example.com,Kolkata,West Bengal,2024-01-08,Small Business
C07738,Customer 7738,customer7738@example.com,Panipat,Haryana,2024-01-02,Consumer
C07739,Customer 7739,customer7739@example.com,Chennai,Tamil Nadu,2025-07-28,Corporate
C07740,Customer 7740,customer7740@example.com,Chennai,Tamil Nadu,2024-11-09,Corporate
C07741,Customer 7741,customer7741@example.com,Jaipur,Rajasthan,2025-11-12,Corporate
C07742,Customer 7742,customer7742@example.com,Kolkata,West Bengal,2025-02-14,Corporate
C07743,Customer 7743,customer7743@example.com,Ahmedabad,Gujarat,2025-04-03,Small Business
C07744,Customer 7744,customer7744@example.com,Kolkata,West Bengal,2024-11-12,Consumer
C07745,Customer 7745,customer7745@example.com,Chennai,Tamil Nadu,2026-04-15,Consumer
C07746,Customer 7746,customer7746@example.com,Chennai,Tamil Nadu,2024-12-21,Corporate
C07747,Customer 7747,customer7747@example.com,Panipat,Haryana,2024-09-20,Corporate
C07748,Customer 7748,customer7748@example.com,Panipat,Haryana,2024-01-24,Corporate
C07749,Customer 7749,customer7749@example.com,Pune,Maharashtra,2024-12-27,Corporate
C07750,Customer 7750,customer7750@example.com,Pune,Maharashtra,2025-04-26,Consumer
C07751,Customer 7751,customer7751@example.com,Panipat,Haryana,2025-08-25,Small Business
C07752,Customer 7752,customer7752@example.com,Chennai,Tamil Nadu,2024-10-05,Small Business
C07753,Customer 7753,customer7753@example.com,Chennai,Tamil Nadu,2025-09-23,Consumer
C07754,Customer 7754,customer7754@example.com,Kolkata,West Bengal,2025-03-27,Consumer
C07755,Customer 7755,customer7755@example.com,Delhi,Delhi,2025-10-12,Small Business
C07756,Customer 7756,customer7756@example.com,Hyderabad,Telangana,2024-05-20,Small Business
C07757,Customer 7757,customer7757@example.com,Chennai,Tamil Nadu,2024-08-16,Corporate
C07758,Customer 7758,customer7758@example.com,Pune,Maharashtra,2024-02-20,Small Business
C07759,Customer 7759,customer7759@example.com,Hyderabad,Telangana,2025-08-30,Corporate
C07760,Customer 7760,customer7760@example.com,Panipat,Haryana,2024-07-02,Corporate
C07761,Customer 7761,customer7761@example.com,Hyderabad,Telangana,2024-04-22,Consumer
C07762,Customer 7762,customer7762@example.com,Jaipur,Rajasthan,2024-06-13,Corporate
C07763,Customer 7763,customer7763@example.com,Chennai,Tamil Nadu,2025-11-21,Consumer
C07764,Customer 7764,customer7764@example.com,Chennai,Tamil Nadu,2024-11-02,Consumer
C07765,Customer 7765,customer7765@example.com,Delhi,Delhi,2026-05-23,Corporate
C07766,Customer 7766,customer7766@example.com,Ahmedabad,Gujarat,2024-10-23,Small Business
C07767,Customer 7767,customer7767@example.com,Ahmedabad,Gujarat,2026-05-20,Small Business
C07768,Customer 7768,customer7768@example.com,Ahmedabad,Gujarat,2026-02-20,Corporate
C07769,Customer 7769,customer7769@example.com,Ahmedabad,Gujarat,2025-02-06,
C07770,Customer 7770,customer7770@example.com,Bengaluru,Karnataka,2025-02-27,Small Business
C07771,Customer 7771,customer7771@example.com,Chennai,Tamil Nadu,2024-09-10,Corporate
C07772,Customer 7772,customer7772@example.com,Hyderabad,Telangana,2026-02-10,Corporate
C07773,Customer 7773,customer7773@example.com,Bengaluru,Karnataka,2026-02-02,Consumer
C07774,Customer 7774,customer7774@example.com,Bengaluru,Karnataka,2025-12-27,Corporate
C07775,Customer 7775,customer7775@example.com,DELHI,Delhi,2026-03-21,Corporate
C07776,Customer 7776,customer7776@example.com,Ahmedabad,Gujarat,2024-05-04,Corporate
C07777,Customer 7777,customer7777@example.com,Ahmedabad,Gujarat,2025-09-09,Small Business
C07778,Customer 7778,customer7778@example.com,Pune,Maharashtra,2026-02-10,Small Business
C07779,Customer 7779,customer7779@example.com,Pune,Maharashtra,2026-05-03,Small Business
C07780,Customer 7780,customer7780@example.com,Bengaluru,Karnataka,2024-10-09,Small Business
C07781,Customer 7781,customer7781@example.com,Kolkata,West Bengal,2024-10-18,Consumer
C07782,Customer 7782,customer7782@example.com,Ahmedabad,Gujarat,2024-10-03,Corporate
C07783,Customer 7783,customer7783@example.com,Bengaluru,Karnataka,2024-01-18,Small Business
C07784,Customer 7784,customer7784@example.com,Jaipur,Rajasthan,2024-06-24,Consumer
C07785,Customer 7785,customer7785@example.com,Pune,Maharashtra,2024-02-18,
C07786,Customer 7786,customer7786@example.com,Hyderabad,Telangana,2025-05-27,Corporate
C07787,Customer 7787,customer7787@example.com,Mumbai,Maharashtra,2025-09-11,Small Business
C07788,Customer 7788,customer7788@example.com,Kolkata,West Bengal,2026-01-10,Consumer
C07789,Customer 7789,customer7789@example.com,Ahmedabad,Gujarat,2025-11-16,Small Business
C07790,Customer 7790,customer7790@example.com,Jaipur,Rajasthan,2025-08-19,Corporate
C07791,Customer 7791,customer7791@example.com,Delhi,Delhi,2024-09-12,Consumer
C07792,Customer 7792,customer7792@example.com,Delhi,Delhi,2024-01-09,Small Business
C07793,Customer 7793,customer7793@example.com,Kolkata,West Bengal,2024-05-12,Consumer
C07794,Customer 7794,customer7794@example.com,Mumbai,Maharashtra,2024-04-27,Corporate
C07795,Customer 7795,customer7795@example.com,Panipat,Haryana,2025-05-05,Corporate
C07796,Customer 7796,customer7796@example.com,Bengaluru,Karnataka,2026-05-22,Small Business
C07797,Customer 7797,customer7797@example.com,Hyderabad,Telangana,2024-07-16,Corporate
C07798,Customer 7798,customer7798@example.com,Chennai,Tamil Nadu,2025-01-14,Corporate
C07799,Customer 7799,customer7799@example.com,Kolkata,West Bengal,2026-03-30,Small Business
C07800,Customer 7800,customer7800@example.com,Mumbai,Maharashtra,2026-05-29,Consumer
C07801,Customer 7801,customer7801@example.com,Panipat,Haryana,2024-09-07,Consumer
C07802,Customer 7802,customer7802@example.com,Panipat,Haryana,2024-11-05,Corporate
C07803,Customer 7803,customer7803@example.com,Ahmedabad,Gujarat,2025-03-19,Corporate
C07804,Customer 7804,customer7804@example.com,Chennai,Tamil Nadu,2024-03-06,Consumer
C07805,Customer 7805,customer7805@example.com,Ahmedabad,Gujarat,2024-08-16,Small Business
C07806,Customer 7806,customer7806@example.com,Panipat,Haryana,2026-04-22,Consumer
C07807,Customer 7807,customer7807@example.com,Mumbai,Maharashtra,2026-01-24,Corporate
C07808,Customer 7808,customer7808@example.com,Delhi,Delhi,2024-05-19,Consumer
C07809,Customer 7809,customer7809@example.com,Pune,Maharashtra,2026-01-21,Corporate
C07810,Customer 7810,customer7810@example.com,Hyderabad,Telangana,2026-05-29,Corporate
C07811,Customer 7811,customer7811@example.com,Hyderabad,Telangana,2025-06-25,Small Business
C07812,Customer 7812,customer7812@example.com,Ahmedabad,Gujarat,2025-02-05,Consumer
C07813,Customer 7813,customer7813@example.com,Hyderabad,Telangana,2025-08-19,Corporate
C07814,Customer 7814,customer7814@example.com,Kolkata,West Bengal,2024-01-03,Small Business
C07815,Customer 7815,customer7815@example.com,Chennai,Tamil Nadu,2026-04-05,Consumer
C07816,Customer 7816,customer7816@example.com,Ahmedabad,Gujarat,2025-09-16,Consumer
C07817,Customer 7817,customer7817@example.com,Delhi,Delhi,2024-09-24,Small Business
C07818,Customer 7818,customer7818@example.com,Hyderabad,Telangana,2025-07-19,Corporate
C07819,Customer 7819,customer7819@example.com,Pune,Maharashtra,2024-09-22,Small Business
C07820,Customer 7820,customer7820@example.com,Hyderabad,Telangana,2025-02-10,Corporate
C07821,Customer 7821,customer7821@example.com,Pune,Maharashtra,2024-03-27,Consumer
C07822,Customer 7822,customer7822@example.com,Pune,Maharashtra,2025-07-09,Small Business
C07823,Customer 7823,customer7823@example.com,Hyderabad,Telangana,2024-02-19,Consumer
C07824,Customer 7824,customer7824@example.com,BENGALURU,Karnataka,2024-07-06,Consumer
C07825,Customer 7825,customer7825@example.com,Chennai,Tamil Nadu,2024-06-10,Small Business
C07826,Customer 7826,customer7826@example.com,Mumbai,Maharashtra,2024-02-04,Consumer
C07827,Customer 7827,customer7827@example.com,Pune,Maharashtra,2024-11-13,Corporate
C07828,Customer 7828,customer7828@example.com,Bengaluru,Karnataka,2024-07-06,Corporate
C07829,Customer 7829,customer7829@example.com,Chennai,Tamil Nadu,2024-07-31,Small Business
C07830,Customer 7830,customer7830@example.com,Delhi,Delhi,2024-01-20,Corporate
C07831,Customer 7831,customer7831@example.com,Pune,Maharashtra,2025-11-10,Corporate
C07832,Customer 7832,customer7832@example.com,Ahmedabad,Gujarat,2025-03-01,Small Business
C07833,Customer 7833,customer7833@example.com,Chennai,Tamil Nadu,2026-03-11,Small Business
C07834,Customer 7834,customer7834@example.com,Panipat,Haryana,2024-02-03,Small Business
C07835,Customer 7835,customer7835@example.com,Hyderabad,Telangana,2025-12-28,Small Business
C07836,Customer 7836,invalid-email-7835,Mumbai,Maharashtra,2025-08-05,Corporate
C07837,Customer 7837,customer7837@example.com,Chennai,Tamil Nadu,2026-02-10,Small Business
C07838,Customer 7838,customer7838@example.com,Panipat,Haryana,2024-06-05,Small Business
C07839,Customer 7839,customer7839@example.com,Delhi,Delhi,2025-10-24,Small Business
C07840,Customer 7840,customer7840@example.com,Kolkata,West Bengal,2025-03-24,Corporate
C07841,Customer 7841,customer7841@example.com,Delhi,Delhi,2025-04-21,Corporate
C07842,Customer 7842,customer7842@example.com,Pune,Maharashtra,2024-02-08,Corporate
C07843,Customer 7843,customer7843@example.com,Pune,Maharashtra,2026-05-11,Corporate
C07844,Customer 7844,customer7844@example.com,Panipat,Haryana,2024-06-07,Consumer
C07845,Customer 7845,customer7845@example.com,Jaipur,Rajasthan,2026-03-23,
C07846,Customer 7846,customer7846@example.com,Panipat,Haryana,2024-06-16,Consumer
C07847,Customer 7847,invalid-email-7846,Jaipur,Rajasthan,2025-09-16,Corporate
C07848,Customer 7848,customer7848@example.com,Chennai,Tamil Nadu,2025-02-04,Corporate
C07849,Customer 7849,customer7849@example.com,Mumbai,Maharashtra,2025-04-04,Corporate
C07850,Customer 7850,customer7850@example.com,Mumbai,Maharashtra,2024-07-22,Consumer
C07851,Customer 7851,customer7851@example.com,Mumbai,Maharashtra,2025-06-16,Consumer
C07852,Customer 7852,customer7852@example.com,Ahmedabad,Gujarat,2026-03-23,Consumer
C07853,Customer 7853,customer7853@example.com,Panipat,Haryana,2024-05-19,Consumer
C07854,Customer 7854,customer7854@example.com,Mumbai,Maharashtra,2024-12-04,Corporate
C07855,Customer 7855,customer7855@example.com,Ahmedabad,Gujarat,2024-04-20,Consumer
C07856,Customer 7856,customer7856@example.com,Pune,Maharashtra,2026-06-17,Consumer
C07857,Customer 7857,customer7857@example.com,Pune,Maharashtra,2024-01-23,Consumer
C07858,Customer 7858,customer7858@example.com,Pune,Maharashtra,2024-09-16,Corporate
C07859,Customer 7859,customer7859@example.com,Kolkata,West Bengal,2025-03-27,Consumer
C07860,Customer 7860,customer7860@example.com,Delhi,Delhi,2025-11-17,Corporate
C07861,Customer 7861,customer7861@example.com,Kolkata,West Bengal,2025-01-08,Consumer
C07862,Customer 7862,customer7862@example.com,Kolkata,West Bengal,2026-05-26,Corporate
C07863,Customer 7863,customer7863@example.com,Mumbai,Maharashtra,2026-03-05,Corporate
C07864,Customer 7864,customer7864@example.com,Ahmedabad,Gujarat,2025-09-16,Corporate
C07865,Customer 7865,customer7865@example.com,Hyderabad,Telangana,2024-09-12,Small Business
C07866,Customer 7866,customer7866@example.com,Panipat,Haryana,2024-06-26,Corporate
C07867,Customer 7867,customer7867@example.com,Hyderabad,Telangana,2024-08-03,Consumer
C07868,Customer 7868,customer7868@example.com,Delhi,Delhi,2024-06-26,Consumer
C07869,Customer 7869,customer7869@example.com,Ahmedabad,Gujarat,2025-07-23,Corporate
C07870,Customer 7870,customer7870@example.com,KOLKATA,West Bengal,2024-06-23,Consumer
C07871,Customer 7871,customer7871@example.com,Panipat,Haryana,2024-08-09,Corporate
C07872,Customer 7872,customer7872@example.com,Mumbai,Maharashtra,2024-02-17,Consumer
C07873,Customer 7873,customer7873@example.com,Jaipur,Rajasthan,2024-10-30,Corporate
C07874,Customer 7874,customer7874@example.com,Delhi,Delhi,2026-03-29,Small Business
C07875,Customer 7875,customer7875@example.com,Panipat,Haryana,2024-04-03,Corporate
C07876,Customer 7876,customer7876@example.com,Mumbai,Maharashtra,2024-06-16,Small Business
C07877,Customer 7877,customer7877@example.com,Mumbai,Maharashtra,2024-10-26,Consumer
C07878,Customer 7878,customer7878@example.com,Hyderabad,Telangana,2024-02-29,Corporate
C07879,Customer 7879,customer7879@example.com,Chennai,Tamil Nadu,2026-05-01,Corporate
C07880,Customer 7880,customer7880@example.com,Jaipur,Rajasthan,2025-04-18,Small Business
C07881,Customer 7881,customer7881@example.com,Delhi,Delhi,2026-05-01,Corporate
C07882,Customer 7882,customer7882@example.com,Kolkata,West Bengal,2024-11-24,Corporate
C07883,Customer 7883,customer7883@example.com,Chennai,Tamil Nadu,2024-04-18,Small Business
C07884,Customer 7884,customer7884@example.com,Ahmedabad,Gujarat,2026-06-01,
C07885,Customer 7885,customer7885@example.com,Bengaluru,Karnataka,2024-02-21,Corporate
C07886,Customer 7886,customer7886@example.com,Hyderabad,Telangana,2025-10-17,Small Business
C07887,Customer 7887,customer7887@example.com,Pune,Maharashtra,2025-07-03,Corporate
C07888,Customer 7888,customer7888@example.com,Mumbai,Maharashtra,2026-03-18,Small Business
C07889,Customer 7889,customer7889@example.com,Kolkata,West Bengal,2025-10-06,Consumer
C07890,Customer 7890,customer7890@example.com,Hyderabad,Telangana,2025-06-01,Consumer
C07891,Customer 7891,customer7891@example.com,Mumbai,Maharashtra,2024-06-08,Corporate
C07892,Customer 7892,customer7892@example.com,Ahmedabad,Gujarat,2024-02-11,Small Business
C07893,Customer 7893,customer7893@example.com,Hyderabad,Telangana,2025-01-29,Corporate
C07894,Customer 7894,customer7894@example.com,Jaipur,Rajasthan,2024-10-15,Small Business
C07895,Customer 7895,customer7895@example.com,Bengaluru,Karnataka,2025-06-03,Small Business
C07896,Customer 7896,customer7896@example.com,Mumbai,Maharashtra,2024-09-10,Corporate
C07897,Customer 7897,customer7897@example.com,Pune,Maharashtra,2025-10-04,Consumer
C07898,Customer 7898,customer7898@example.com,Kolkata,West Bengal,2025-08-10,Consumer
C07899,Customer 7899,customer7899@example.com,Mumbai,Maharashtra,2024-04-12,Consumer
C07900,Customer 7900,customer7900@example.com,Delhi,Delhi,2024-03-29,Consumer
C07901,Customer 7901,customer7901@example.com,Delhi,Delhi,2025-06-27,Corporate
C07902,Customer 7902,customer7902@example.com,Jaipur,Rajasthan,2024-02-12,Consumer
C07903,Customer 7903,customer7903@example.com,Hyderabad,Telangana,2025-12-05,Small Business
C07904,Customer 7904,customer7904@example.com,Chennai,Tamil Nadu,2026-04-06,Small Business
C07905,Customer 7905,customer7905@example.com,Ahmedabad,Gujarat,2024-02-21,Small Business
C07906,Customer 7906,customer7906@example.com,Delhi,Delhi,2025-04-10,Consumer
C07907,Customer 7907,customer7907@example.com,Kolkata,West Bengal,2024-10-25,Small Business
C07908,Customer 7908,,Panipat,Haryana,2026-03-28,Small Business
C07909,Customer 7909,customer7909@example.com,Pune,Maharashtra,2025-09-04,Consumer
C07910,Customer 7910,customer7910@example.com,Hyderabad,Telangana,2024-04-16,Small Business
C07911,Customer 7911,customer7911@example.com,Ahmedabad,Gujarat,2025-09-24,Corporate
C07912,Customer 7912,customer7912@example.com,Hyderabad,Telangana,2024-07-01,Small Business
C07913,Customer 7913,customer7913@example.com,Hyderabad,Telangana,2026-01-22,Consumer
C07914,Customer 7914,customer7914@example.com,Kolkata,West Bengal,2024-04-14,Consumer
C07915,Customer 7915,customer7915@example.com,Mumbai,Maharashtra,2024-05-25,Corporate
C07916,Customer 7916,customer7916@example.com,Chennai,Tamil Nadu,2026-02-05,Corporate
C07917,Customer 7917,customer7917@example.com,Pune,Maharashtra,2024-08-13,Small Business
C07918,Customer 7918,customer7918@example.com,Kolkata,West Bengal,2024-07-05,Consumer
C07919,Customer 7919,customer7919@example.com,Panipat,Haryana,2025-01-04,Corporate
C07920,Customer 7920,customer7920@example.com,Mumbai,Maharashtra,2024-05-27,Consumer
C07921,Customer 7921,customer7921@example.com,Chennai,Tamil Nadu,2024-06-29,Corporate
C07922,Customer 7922,customer7922@example.com,Hyderabad,Telangana,2025-12-02,Corporate
C07923,Customer 7923,customer7923@example.com,Ahmedabad,Gujarat,2026-06-19,Small Business
C07924,Customer 7924,customer7924@example.com,Chennai,Tamil Nadu,2026-05-20,Consumer
C07925,Customer 7925,customer7925@example.com,Pune,Maharashtra,2026-01-27,Small Business
C07926,Customer 7926,customer7926@example.com,Panipat,Haryana,2025-12-09,Small Business
C07927,Customer 7927,customer7927@example.com,Pune,Maharashtra,2024-07-26,Corporate
C07928,Customer 7928,customer7928@example.com,Bengaluru,Karnataka,2024-11-05,Corporate
C07929,Customer 7929,customer7929@example.com,Panipat,Haryana,2024-11-08,Small Business
C07930,Customer 7930,customer7930@example.com,Jaipur,Rajasthan,2025-05-26,Small Business
C07931,Customer 7931,customer7931@example.com,Ahmedabad,Gujarat,2025-08-17,Corporate
C07932,Customer 7932,customer7932@example.com,Panipat,Haryana,2024-10-04,Corporate
C07933,Customer 7933,customer7933@example.com,Panipat,Haryana,2026-04-03,Consumer
C07934,Customer 7934,customer7934@example.com,Panipat,Haryana,2026-05-30,Corporate
C07935,Customer 7935,customer7935@example.com,Ahmedabad,Gujarat,2025-11-30,Corporate
C07936,Customer 7936,customer7936@example.com,Jaipur,Rajasthan,2025-12-01,Corporate
C07937,Customer 7937,customer7937@example.com,Delhi,Delhi,2025-09-18,Corporate
C07938,Customer 7938,customer7938@example.com,Pune,Maharashtra,2026-03-17,Small Business
C07939,Customer 7939,customer7939@example.com,Kolkata,West Bengal,2025-05-23,Corporate
C07940,Customer 7940,customer7940@example.com,Ahmedabad,Gujarat,2025-12-19,Consumer
C07941,Customer 7941,customer7941@example.com,Chennai,Tamil Nadu,2025-03-13,Small Business
C07942,Customer 7942,customer7942@example.com,Pune,Maharashtra,2024-06-12,Small Business
C07943,Customer 7943,customer7943@example.com,Hyderabad,Telangana,2025-02-28,Consumer
C07944,Customer 7944,customer7944@example.com,Bengaluru,Karnataka,2024-07-08,Corporate
C07945,Customer 7945,customer7945@example.com,Kolkata,West Bengal,2025-04-30,Corporate
C07946,Customer 7946,customer7946@example.com,Mumbai,Maharashtra,2024-06-12,Corporate
C07947,Customer 7947,customer7947@example.com,Ahmedabad,Gujarat,2024-06-06,Consumer
C07948,Customer 7948,customer7948@example.com,Chennai,Tamil Nadu,2024-03-23,Corporate
C07949,Customer 7949,customer7949@example.com,Hyderabad,Telangana,2025-07-09,Consumer
C07950,Customer 7950,customer7950@example.com,Mumbai,Maharashtra,2026-04-08,Small Business
C07951,Customer 7951,customer7951@example.com,Mumbai,Maharashtra,2024-01-29,Small Business
C07952,Customer 7952,customer7952@example.com,Hyderabad,Telangana,2025-08-09,Small Business
C07953,Customer 7953,customer7953@example.com,Mumbai,Maharashtra,2024-06-03,Small Business
C07954,Customer 7954,customer7954@example.com,Bengaluru,Karnataka,2024-04-29,Consumer
C07955,Customer 7955,customer7955@example.com,Hyderabad,Telangana,2026-06-04,Corporate
C07956,Customer 7956,customer7956@example.com,Pune,Maharashtra,2024-02-13,Consumer
C07957,Customer 7957,,Ahmedabad,Gujarat,2024-11-21,Corporate
C07958,Customer 7958,customer7958@example.com,Ahmedabad,Gujarat,2025-02-15,Consumer
C07959,Customer 7959,customer7959@example.com,Chennai,Tamil Nadu,2024-09-07,Corporate
C07960,Customer 7960,customer7960@example.com,Mumbai,Maharashtra,2025-10-23,Corporate
C07961,Customer 7961,customer7961@example.com,Mumbai,Maharashtra,2026-04-26,Small Business
C07962,Customer 7962,customer7962@example.com,Bengaluru,Karnataka,2025-11-11,Consumer
C07963,Customer 7963,customer7963@example.com,Panipat,Haryana,2025-03-17,Corporate
C07964,Customer 7964,customer7964@example.com,Delhi,Delhi,2024-12-09,Small Business
C07965,Customer 7965,customer7965@example.com,Bengaluru,Karnataka,2025-09-30,Small Business
C07966,Customer 7966,customer7966@example.com,Panipat,Haryana,2025-10-23,Small Business
C07967,Customer 7967,customer7967@example.com,Jaipur,Rajasthan,2024-12-13,Consumer
C07968,Customer 7968,customer7968@example.com,Pune,Maharashtra,2024-07-28,Small Business
C07969,Customer 7969,customer7969@example.com,Delhi,Delhi,2024-08-16,Small Business
C07970,Customer 7970,customer7970@example.com,Jaipur,Rajasthan,2026-02-17,Consumer
C07971,Customer 7971,customer7971@example.com,Panipat,Haryana,2024-10-06,Small Business
C07972,Customer 7972,customer7972@example.com,Jaipur,Rajasthan,2026-05-22,Consumer
C07973,Customer 7973,customer7973@example.com,Mumbai,Maharashtra,2024-03-06,Small Business
C07974,Customer 7974,customer7974@example.com,Delhi,Delhi,2024-06-30,Consumer
C07975,Customer 7975,customer7975@example.com,Delhi,Delhi,2026-04-28,Consumer
C07976,Customer 7976,customer7976@example.com,Delhi,Delhi,2025-01-16,Small Business
C07977,Customer 7977,customer7977@example.com,Bengaluru,Karnataka,2025-06-07,Small Business
C07978,Customer 7978,customer7978@example.com,Delhi,Delhi,2025-12-29,Corporate
C07979,Customer 7979,customer7979@example.com,Jaipur,Rajasthan,2024-06-06,Corporate
C07980,Customer 7980,customer7980@example.com,Jaipur,Rajasthan,2025-03-03,Small Business
C07981,Customer 7981,customer7981@example.com,Kolkata,West Bengal,2025-02-15,Corporate
C07982,Customer 7982,customer7982@example.com,Panipat,Haryana,2024-04-16,Small Business
C07983,Customer 7983,customer7983@example.com,Delhi,Delhi,2025-06-27,Corporate
C07984,Customer 7984,customer7984@example.com,Bengaluru,Karnataka,2025-07-23,Small Business
C07985,Customer 7985,customer7985@example.com,Panipat,Haryana,2025-02-02,Corporate
C07986,Customer 7986,customer7986@example.com,Bengaluru,Karnataka,2026-02-07,Consumer
C07987,Customer 7987,customer7987@example.com,Panipat,Haryana,2024-02-13,Corporate
C07988,Customer 7988,customer7988@example.com,Mumbai,Maharashtra,2025-08-06,Small Business
C07989,Customer 7989,customer7989@example.com,Kolkata,West Bengal,2025-03-28,Small Business
C07990,Customer 7990,customer7990@example.com,Jaipur,Rajasthan,2025-05-06,Consumer
C07991,Customer 7991,customer7991@example.com,Hyderabad,Telangana,2025-06-17,Corporate
C07992,Customer 7992,customer7992@example.com,Chennai,Tamil Nadu,2025-10-15,Corporate
C07993,Customer 7993,customer7993@example.com,Bengaluru,Karnataka,2026-06-10,Corporate
C07994,Customer 7994,customer7994@example.com,Bengaluru,Karnataka,2026-03-04,Small Business
C07995,Customer 7995,customer7995@example.com,Delhi,Delhi,2025-09-02,Corporate
C07996,Customer 7996,customer7996@example.com,Mumbai,Maharashtra,2024-08-10,Corporate
C07997,Customer 7997,customer7997@example.com,Mumbai,Maharashtra,2024-04-24,Small Business
C07998,Customer 7998,customer7998@example.com,Mumbai,Maharashtra,2026-01-02,Corporate
C07999,Customer 7999,customer7999@example.com,Mumbai,Maharashtra,2024-07-02,Consumer
C08000,Customer 8000,customer8000@example.com,Pune,Maharashtra,2024-07-06,Consumer
C08001,Customer 8001,customer8001@example.com,Bengaluru,Karnataka,2025-12-07,Consumer
C08002,Customer 8002,customer8002@example.com,Panipat,Haryana,2024-10-18,Consumer
C08003,Customer 8003,customer8003@example.com,Ahmedabad,Gujarat,2024-09-16,Small Business
C08004,Customer 8004,customer8004@example.com,Pune,Maharashtra,2026-03-25,Consumer
C08005,Customer 8005,customer8005@example.com,Bengaluru,Karnataka,2026-01-20,Corporate
C08006,Customer 8006,customer8006@example.com,Jaipur,Rajasthan,2025-08-04,Small Business
C08007,Customer 8007,customer8007@example.com,Delhi,Delhi,2024-04-02,Corporate
C08008,Customer 8008,customer8008@example.com,Ahmedabad,Gujarat,2025-04-02,Consumer
C08009,Customer 8009,customer8009@example.com,Chennai,Tamil Nadu,2025-08-25,Small Business
C08010,Customer 8010,customer8010@example.com,Ahmedabad,Gujarat,2025-09-19,Corporate
C08011,Customer 8011,customer8011@example.com,Ahmedabad,Gujarat,2025-12-08,Small Business
C08012,Customer 8012,customer8012@example.com,Delhi,Delhi,2025-10-29,Consumer
C08013,Customer 8013,customer8013@example.com,Jaipur,Rajasthan,2025-12-16,Consumer
C08014,Customer 8014,customer8014@example.com,Delhi,Delhi,2026-01-23,Small Business
C08015,Customer 8015,customer8015@example.com,Panipat,Haryana,2024-02-28,Consumer
C08016,Customer 8016,customer8016@example.com,Chennai,Tamil Nadu,2025-03-08,Corporate
C08017,Customer 8017,customer8017@example.com,Panipat,Haryana,2026-01-25,Small Business
C08018,Customer 8018,customer8018@example.com,Mumbai,Maharashtra,2025-12-24,Consumer
C08019,Customer 8019,customer8019@example.com,Panipat,Haryana,2024-01-06,Corporate
C08020,Customer 8020,customer8020@example.com,Pune,Maharashtra,2026-02-04,Consumer
C08021,Customer 8021,customer8021@example.com,Jaipur,Rajasthan,2024-12-10,Consumer
C08022,Customer 8022,customer8022@example.com,Jaipur,Rajasthan,2025-02-09,Consumer
C08023,Customer 8023,customer8023@example.com,Delhi,Delhi,2024-01-04,Corporate
C08024,Customer 8024,customer8024@example.com,Panipat,Haryana,2024-11-30,Consumer
C08025,Customer 8025,customer8025@example.com,Bengaluru,Karnataka,2024-09-07,Small Business
C08026,Customer 8026,customer8026@example.com,Pune,Maharashtra,2025-07-17,Small Business
C08027,Customer 8027,customer8027@example.com,Panipat,Haryana,2024-12-29,Small Business
C08028,Customer 8028,,Mumbai,Maharashtra,2025-03-03,Small Business
C08029,Customer 8029,customer8029@example.com,Mumbai,Maharashtra,2025-11-06,Small Business
C08030,Customer 8030,customer8030@example.com,Ahmedabad,Gujarat,2024-03-04,Consumer
C08031,Customer 8031,customer8031@example.com,Kolkata,West Bengal,2025-02-11,Small Business
C08032,Customer 8032,customer8032@example.com,Chennai,Tamil Nadu,2024-06-16,Corporate
C08033,Customer 8033,customer8033@example.com,Chennai,Tamil Nadu,2024-09-06,Consumer
C08034,Customer 8034,customer8034@example.com,Mumbai,Maharashtra,2026-05-14,Small Business
C08035,Customer 8035,customer8035@example.com,Pune,Maharashtra,2026-06-12,Small Business
C08036,Customer 8036,customer8036@example.com,Ahmedabad,Gujarat,2025-01-29,Small Business
C08037,Customer 8037,customer8037@example.com,Pune,Maharashtra,2024-08-07,Corporate
C08038,Customer 8038,customer8038@example.com,Chennai,Tamil Nadu,2026-02-03,Consumer
C08039,Customer 8039,customer8039@example.com,Jaipur,Rajasthan,2024-12-10,Small Business
C08040,Customer 8040,customer8040@example.com,Delhi,Delhi,2025-10-08,Small Business
C08041,Customer 8041,customer8041@example.com,Chennai,Tamil Nadu,2024-06-30,Corporate
C08042,Customer 8042,customer8042@example.com,Kolkata,West Bengal,2024-04-17,Consumer
C08043,Customer 8043,customer8043@example.com,Chennai,Tamil Nadu,2025-07-19,Corporate
C08044,Customer 8044,customer8044@example.com,Delhi,Delhi,2024-01-01,Consumer
C08045,Customer 8045,customer8045@example.com,Pune,Maharashtra,2024-06-07,Small Business
C08046,Customer 8046,customer8046@example.com,Jaipur,Rajasthan,2026-03-21,Consumer
C08047,Customer 8047,customer8047@example.com,Pune,Maharashtra,2024-08-19,Small Business
C08048,Customer 8048,customer8048@example.com,Ahmedabad,Gujarat,2024-06-05,Consumer
C08049,Customer 8049,customer8049@example.com,Jaipur,Rajasthan,2026-05-19,Small Business
C08050,Customer 8050,customer8050@example.com,Pune,Maharashtra,2024-12-23,
C08051,Customer 8051,customer8051@example.com,Kolkata,West Bengal,2026-01-24,Small Business
C08052,Customer 8052,customer8052@example.com,Delhi,Delhi,2025-06-25,Corporate
C08053,Customer 8053,customer8053@example.com,Hyderabad,Telangana,2025-12-26,Small Business
C08054,Customer 8054,customer8054@example.com,Panipat,Haryana,2025-02-19,Corporate
C08055,Customer 8055,customer8055@example.com,Kolkata,West Bengal,2025-01-29,Consumer
C08056,Customer 8056,customer8056@example.com,Panipat,Haryana,2025-03-08,Small Business
C08057,Customer 8057,customer8057@example.com,Hyderabad,Telangana,2026-04-25,Small Business
C08058,Customer 8058,customer8058@example.com,Mumbai,Maharashtra,2024-01-07,Small Business
C08059,Customer 8059,customer8059@example.com,Jaipur,Rajasthan,2025-06-19,Consumer
C08060,Customer 8060,customer8060@example.com,Bengaluru,Karnataka,2024-09-10,Consumer
C08061,Customer 8061,customer8061@example.com,Ahmedabad,Gujarat,2024-05-10,Corporate
C08062,Customer 8062,customer8062@example.com,Ahmedabad,Gujarat,2025-03-31,Corporate
C08063,Customer 8063,customer8063@example.com,Delhi,Delhi,2025-04-16,Small Business
C08064,Customer 8064,customer8064@example.com,Delhi,Delhi,2024-12-26,Small Business
C08065,Customer 8065,customer8065@example.com,Chennai,Tamil Nadu,2025-08-16,Small Business
C08066,Customer 8066,customer8066@example.com,Pune,Maharashtra,2025-07-08,Small Business
C08067,Customer 8067,customer8067@example.com,Bengaluru,Karnataka,2024-12-24,Small Business
C08068,Customer 8068,customer8068@example.com,Kolkata,West Bengal,2024-07-01,Small Business
C08069,Customer 8069,customer8069@example.com,Panipat,Haryana,2026-01-03,Small Business
C08070,Customer 8070,customer8070@example.com,Mumbai,Maharashtra,2025-12-19,Corporate
C08071,Customer 8071,customer8071@example.com,Chennai,Tamil Nadu,2025-01-12,Small Business
C08072,Customer 8072,customer8072@example.com,Chennai,Tamil Nadu,2025-06-30,Corporate
C08073,Customer 8073,customer8073@example.com,Mumbai,Maharashtra,2025-09-18,Corporate
C08074,Customer 8074,,Ahmedabad,Gujarat,2026-04-29,Consumer
C08075,Customer 8075,customer8075@example.com,Mumbai,Maharashtra,2024-11-27,Corporate
C08076,Customer 8076,customer8076@example.com,Pune,Maharashtra,2024-11-11,Small Business
C08077,Customer 8077,customer8077@example.com,Jaipur,Rajasthan,2025-08-30,Small Business
C08078,Customer 8078,customer8078@example.com,Mumbai,Maharashtra,2024-12-17,Corporate
C08079,Customer 8079,customer8079@example.com,Pune,Maharashtra,2025-09-08,Corporate
C08080,Customer 8080,customer8080@example.com,Chennai,Tamil Nadu,2025-10-05,Small Business
C08081,Customer 8081,customer8081@example.com,Panipat,Haryana,2026-02-21,Corporate
C08082,Customer 8082,customer8082@example.com,Bengaluru,Karnataka,2024-05-19,Small Business
C08083,Customer 8083,customer8083@example.com,Ahmedabad,Gujarat,2024-01-24,Corporate
C08084,Customer 8084,customer8084@example.com,Bengaluru,Karnataka,2025-10-04,Corporate
C08085,Customer 8085,customer8085@example.com,Mumbai,Maharashtra,2026-02-22,Small Business
C08086,Customer 8086,customer8086@example.com,Chennai,Tamil Nadu,2025-03-09,Small Business
C08087,Customer 8087,customer8087@example.com,BENGALURU,Karnataka,2024-03-05,Corporate
C08088,Customer 8088,customer8088@example.com,Ahmedabad,Gujarat,2025-09-25,Corporate
C08089,Customer 8089,customer8089@example.com,Kolkata,West Bengal,2024-01-23,Small Business
C08090,Customer 8090,customer8090@example.com,Panipat,Haryana,2025-07-20,Small Business
C08091,Customer 8091,customer8091@example.com,Kolkata,West Bengal,2024-11-10,Small Business
C08092,Customer 8092,customer8092@example.com,Kolkata,West Bengal,2024-09-18,Small Business
C08093,Customer 8093,customer8093@example.com,Hyderabad,Telangana,2025-12-03,Small Business
C08094,Customer 8094,customer8094@example.com,Ahmedabad,Gujarat,2024-10-18,Corporate
C08095,Customer 8095,customer8095@example.com,Bengaluru,Karnataka,2024-03-18,Small Business
C08096,Customer 8096,customer8096@example.com,Pune,Maharashtra,2026-04-01,Small Business
C08097,Customer 8097,customer8097@example.com,Jaipur,Rajasthan,2026-05-17,Corporate
C08098,Customer 8098,customer8098@example.com,Delhi,Delhi,2025-02-24,Corporate
C08099,Customer 8099,customer8099@example.com,Pune,Maharashtra,2024-10-22,Corporate
C08100,Customer 8100,customer8100@example.com,Jaipur,Rajasthan,2025-10-07,Corporate
C08101,Customer 8101,customer8101@example.com,Pune,Maharashtra,2025-02-12,Small Business
C08102,Customer 8102,customer8102@example.com,Ahmedabad,Gujarat,2025-07-03,Small Business
C08103,Customer 8103,customer8103@example.com,Delhi,Delhi,2025-01-24,Corporate
C08104,Customer 8104,customer8104@example.com,Ahmedabad,Gujarat,2025-06-30,Consumer
C08105,Customer 8105,customer8105@example.com,Bengaluru,Karnataka,2024-10-23,Corporate
C08106,Customer 8106,customer8106@example.com,Panipat,Haryana,2026-03-22,Small Business
C08107,Customer 8107,customer8107@example.com,Mumbai,Maharashtra,2025-11-09,Small Business
C08108,Customer 8108,customer8108@example.com,Jaipur,Rajasthan,2026-04-05,Corporate
C08109,Customer 8109,customer8109@example.com,Panipat,Haryana,2024-11-30,Consumer
C08110,Customer 8110,customer8110@example.com,Delhi,Delhi,2026-05-05,Consumer
C08111,Customer 8111,customer8111@example.com,Mumbai,Maharashtra,2025-02-12,Consumer
C08112,Customer 8112,customer8112@example.com,Kolkata,West Bengal,2024-02-10,Corporate
C08113,Customer 8113,customer8113@example.com,Chennai,Tamil Nadu,2024-10-23,Small Business
C08114,Customer 8114,customer8114@example.com,Ahmedabad,Gujarat,2024-03-03,Consumer
C08115,Customer 8115,customer8115@example.com,Jaipur,Rajasthan,2024-07-02,Corporate
C08116,Customer 8116,customer8116@example.com,Jaipur,Rajasthan,2026-05-03,Corporate
C08117,Customer 8117,customer8117@example.com,Hyderabad,Telangana,2025-06-16,Consumer
C08118,Customer 8118,customer8118@example.com,Pune,Maharashtra,2024-01-01,Small Business
C08119,Customer 8119,customer8119@example.com,Jaipur,Rajasthan,2025-08-09,Small Business
C08120,Customer 8120,customer8120@example.com,Pune,Maharashtra,2026-06-14,Small Business
C08121,Customer 8121,customer8121@example.com,Panipat,Haryana,2024-12-03,Corporate
C08122,Customer 8122,customer8122@example.com,Bengaluru,Karnataka,2025-11-13,Small Business
C08123,Customer 8123,customer8123@example.com,Jaipur,Rajasthan,2024-08-30,Small Business
C08124,Customer 8124,customer8124@example.com,Ahmedabad,Gujarat,2026-01-24,Corporate
C08125,Customer 8125,customer8125@example.com,Bengaluru,Karnataka,2026-05-03,Small Business
C08126,Customer 8126,customer8126@example.com,Delhi,Delhi,2025-07-20,Corporate
C08127,Customer 8127,customer8127@example.com,Chennai,Tamil Nadu,2026-06-05,Consumer
C08128,Customer 8128,invalid-email-8127,Panipat,Haryana,2024-06-01,Corporate
C08129,Customer 8129,customer8129@example.com,Hyderabad,Telangana,2024-01-14,Consumer
C08130,Customer 8130,customer8130@example.com,Panipat,Haryana,2024-08-05,Consumer
C08131,Customer 8131,customer8131@example.com,Hyderabad,Telangana,2026-01-07,Corporate
C08132,Customer 8132,customer8132@example.com,Chennai,Tamil Nadu,2024-04-14,Small Business
C08133,Customer 8133,customer8133@example.com,Ahmedabad,Gujarat,2024-12-30,Small Business
C08134,Customer 8134,customer8134@example.com,Pune,Maharashtra,2024-01-18,Corporate
C08135,Customer 8135,customer8135@example.com,Chennai,Tamil Nadu,2024-10-26,Consumer
C08136,Customer 8136,customer8136@example.com,Jaipur,Rajasthan,2024-09-24,Small Business
C08137,Customer 8137,customer8137@example.com,Pune,Maharashtra,2026-04-25,Corporate
C08138,Customer 8138,customer8138@example.com,Jaipur,Rajasthan,2025-11-11,Corporate
C08139,Customer 8139,customer8139@example.com,Chennai,Tamil Nadu,2025-04-04,Small Business
C08140,Customer 8140,customer8140@example.com,Panipat,Haryana,2025-05-29,Corporate
C08141,Customer 8141,customer8141@example.com,Panipat,Haryana,2025-10-31,Consumer
C08142,Customer 8142,customer8142@example.com,Jaipur,Rajasthan,2025-04-28,Consumer
C08143,Customer 8143,customer8143@example.com,Chennai,Tamil Nadu,2026-06-18,Small Business
C08144,Customer 8144,customer8144@example.com,Panipat,Haryana,2024-02-01,Consumer
C08145,Customer 8145,customer8145@example.com,Pune,Maharashtra,2025-03-13,Corporate
C08146,Customer 8146,customer8146@example.com,Delhi,Delhi,2024-02-18,Consumer
C08147,Customer 8147,customer8147@example.com,Bengaluru,Karnataka,2024-10-29,Corporate
C08148,Customer 8148,customer8148@example.com,Bengaluru,Karnataka,2024-05-14,Small Business
C08149,Customer 8149,customer8149@example.com,Ahmedabad,Gujarat,2024-02-14,Corporate
C08150,Customer 8150,customer8150@example.com,Kolkata,West Bengal,2024-10-07,Small Business
C08151,Customer 8151,customer8151@example.com,Hyderabad,Telangana,2025-03-08,Small Business
C08152,Customer 8152,customer8152@example.com,Chennai,Tamil Nadu,2026-04-18,Corporate
C08153,Customer 8153,customer8153@example.com,Mumbai,Maharashtra,2024-11-04,Consumer
C08154,Customer 8154,customer8154@example.com,Chennai,Tamil Nadu,2024-05-25,Consumer
C08155,Customer 8155,customer8155@example.com,Delhi,Delhi,2024-11-27,Corporate
C08156,Customer 8156,customer8156@example.com,Ahmedabad,Gujarat,2025-09-03,Corporate
C08157,Customer 8157,customer8157@example.com,Kolkata,West Bengal,2024-05-20,Corporate
C08158,Customer 8158,customer8158@example.com,Chennai,Tamil Nadu,2026-02-25,Consumer
C08159,Customer 8159,customer8159@example.com,Mumbai,Maharashtra,2026-05-25,Consumer
C08160,Customer 8160,customer8160@example.com,Delhi,Delhi,2025-09-15,Consumer
C08161,Customer 8161,customer8161@example.com,Hyderabad,Telangana,2024-08-29,Consumer
C08162,Customer 8162,customer8162@example.com,Bengaluru,Karnataka,2025-03-26,Consumer
C08163,Customer 8163,customer8163@example.com,Bengaluru,Karnataka,2025-05-25,Corporate
C08164,Customer 8164,customer8164@example.com,Kolkata,West Bengal,2025-02-02,Corporate
C08165,Customer 8165,customer8165@example.com,Jaipur,Rajasthan,2024-10-22,Small Business
C08166,Customer 8166,customer8166@example.com,Hyderabad,Telangana,2025-01-16,Small Business
C08167,Customer 8167,customer8167@example.com,Pune,Maharashtra,2025-09-07,Corporate
C08168,Customer 8168,customer8168@example.com,Hyderabad,Telangana,2024-06-23,Consumer
C08169,Customer 8169,customer8169@example.com,Pune,Maharashtra,2025-07-01,Consumer
C08170,Customer 8170,customer8170@example.com,Hyderabad,Telangana,2024-01-07,Corporate
C08171,Customer 8171,customer8171@example.com,Delhi,Delhi,2024-05-20,Corporate
C08172,Customer 8172,customer8172@example.com,Hyderabad,Telangana,2026-01-16,Corporate
C08173,Customer 8173,customer8173@example.com,Pune,Maharashtra,2024-04-14,Consumer
C08174,Customer 8174,customer8174@example.com,Ahmedabad,Gujarat,2024-02-27,Consumer
C08175,Customer 8175,customer8175@example.com,Pune,Maharashtra,2025-02-07,Consumer
C08176,Customer 8176,customer8176@example.com,Mumbai,Maharashtra,2024-04-03,Consumer
C08177,Customer 8177,customer8177@example.com,Kolkata,West Bengal,2024-08-30,Small Business
C08178,Customer 8178,customer8178@example.com,Mumbai,Maharashtra,2025-10-10,Corporate
C08179,Customer 8179,customer8179@example.com,Kolkata,West Bengal,2024-06-09,Corporate
C08180,Customer 8180,customer8180@example.com,Bengaluru,Karnataka,2025-07-02,Small Business
C08181,Customer 8181,customer8181@example.com,Jaipur,Rajasthan,2026-01-19,Consumer
C08182,Customer 8182,customer8182@example.com,Ahmedabad,Gujarat,2024-12-20,Small Business
C08183,Customer 8183,customer8183@example.com,Hyderabad,Telangana,2025-12-30,Small Business
C08184,Customer 8184,customer8184@example.com,Hyderabad,Telangana,2025-07-21,Corporate
C08185,Customer 8185,customer8185@example.com,Mumbai,Maharashtra,2024-07-04,Small Business
C08186,Customer 8186,customer8186@example.com,Bengaluru,Karnataka,2024-06-23,Small Business
C08187,Customer 8187,customer8187@example.com,Hyderabad,Telangana,2024-05-23,Small Business
C08188,Customer 8188,customer8188@example.com,Hyderabad,Telangana,2024-04-13,Corporate
C08189,Customer 8189,customer8189@example.com,Delhi,Delhi,2025-05-29,Corporate
C08190,Customer 8190,customer8190@example.com,Kolkata,West Bengal,2025-01-12,Small Business
C08191,Customer 8191,,Delhi,Delhi,2025-04-04,Consumer
C08192,Customer 8192,customer8192@example.com,Panipat,Haryana,2024-12-10,Consumer
C08193,Customer 8193,customer8193@example.com,Jaipur,Rajasthan,2026-05-22,Small Business
C08194,Customer 8194,customer8194@example.com,Panipat,Haryana,2025-01-06,Corporate
C08195,Customer 8195,customer8195@example.com,Ahmedabad,Gujarat,2024-04-04,Corporate
C08196,Customer 8196,customer8196@example.com,Kolkata,West Bengal,2025-04-10,Corporate
C08197,Customer 8197,,Bengaluru,Karnataka,2025-04-27,Consumer
C08198,Customer 8198,customer8198@example.com,Hyderabad,Telangana,2025-10-15,Consumer
C08199,Customer 8199,customer8199@example.com,Hyderabad,Telangana,2026-03-01,Consumer
C08200,Customer 8200,customer8200@example.com,Bengaluru,Karnataka,2025-03-24,Small Business
C08201,Customer 8201,customer8201@example.com,Bengaluru,Karnataka,2024-04-24,Corporate
C08202,Customer 8202,customer8202@example.com,Delhi,Delhi,2024-12-30,Small Business
C08203,Customer 8203,customer8203@example.com,Bengaluru,Karnataka,2025-12-20,Small Business
C08204,Customer 8204,customer8204@example.com,Kolkata,West Bengal,2024-07-23,Corporate
C08205,Customer 8205,customer8205@example.com,Bengaluru,Karnataka,2026-05-17,Small Business
C08206,Customer 8206,customer8206@example.com,Pune,Maharashtra,2024-02-07,Corporate
C08207,Customer 8207,customer8207@example.com,Pune,Maharashtra,2025-05-15,Small Business
C08208,Customer 8208,customer8208@example.com,Jaipur,Rajasthan,2024-02-01,Consumer
C08209,Customer 8209,customer8209@example.com,Pune,Maharashtra,2024-05-07,Small Business
C08210,Customer 8210,customer8210@example.com,Pune,Maharashtra,2025-03-07,Consumer
C08211,Customer 8211,customer8211@example.com,Delhi,Delhi,2025-12-05,Consumer
C08212,Customer 8212,customer8212@example.com,Pune,Maharashtra,2026-04-25,Small Business
C08213,Customer 8213,customer8213@example.com,Jaipur,Rajasthan,2025-09-07,Consumer
C08214,Customer 8214,customer8214@example.com,Chennai,Tamil Nadu,2024-02-08,Small Business
C08215,Customer 8215,,Kolkata,West Bengal,2025-06-02,Small Business
C08216,Customer 8216,customer8216@example.com,Mumbai,Maharashtra,2026-04-11,Small Business
C08217,Customer 8217,customer8217@example.com,Delhi,Delhi,2024-12-27,Consumer
C08218,Customer 8218,customer8218@example.com,Kolkata,West Bengal,2025-07-10,Corporate
C08219,Customer 8219,customer8219@example.com,Pune,Maharashtra,2024-01-10,Corporate
C08220,Customer 8220,customer8220@example.com,Jaipur,Rajasthan,2025-03-21,Consumer
C08221,Customer 8221,customer8221@example.com,Hyderabad,Telangana,2025-12-01,Consumer
C08222,Customer 8222,customer8222@example.com,Hyderabad,Telangana,2024-07-04,Consumer
C08223,Customer 8223,customer8223@example.com,Kolkata,West Bengal,2025-12-09,Corporate
C08224,Customer 8224,customer8224@example.com,Chennai,Tamil Nadu,2024-11-30,Small Business
C08225,Customer 8225,customer8225@example.com,Pune,Maharashtra,2024-12-01,Small Business
C08226,Customer 8226,customer8226@example.com,Pune,Maharashtra,2025-05-09,Small Business
C08227,Customer 8227,customer8227@example.com,Panipat,Haryana,2024-04-13,Small Business
C08228,Customer 8228,customer8228@example.com,Ahmedabad,Gujarat,2026-06-03,Consumer
C08229,Customer 8229,customer8229@example.com,Hyderabad,Telangana,2025-03-11,Small Business
C08230,Customer 8230,customer8230@example.com,Kolkata,West Bengal,2024-07-11,Corporate
C08231,Customer 8231,customer8231@example.com,Bengaluru,Karnataka,2026-06-09,Corporate
C08232,Customer 8232,customer8232@example.com,Kolkata,West Bengal,2024-03-30,Small Business
C08233,Customer 8233,customer8233@example.com,Kolkata,West Bengal,2025-03-29,Small Business
C08234,Customer 8234,customer8234@example.com,Chennai,Tamil Nadu,2024-06-15,Small Business
C08235,Customer 8235,customer8235@example.com,Chennai,Tamil Nadu,2025-08-25,Consumer
C08236,Customer 8236,customer8236@example.com,Bengaluru,Karnataka,2024-08-17,Consumer
C08237,Customer 8237,customer8237@example.com,Chennai,Tamil Nadu,2024-05-19,Small Business
C08238,Customer 8238,customer8238@example.com,Ahmedabad,Gujarat,2025-08-12,Corporate
C08239,Customer 8239,customer8239@example.com,Chennai,Tamil Nadu,2025-10-06,Corporate
C08240,Customer 8240,customer8240@example.com,Bengaluru,Karnataka,2024-12-15,Consumer
C08241,Customer 8241,customer8241@example.com,Ahmedabad,Gujarat,2025-08-24,Small Business
C08242,Customer 8242,customer8242@example.com,Ahmedabad,Gujarat,2026-03-20,Consumer
C08243,Customer 8243,customer8243@example.com,Panipat,Haryana,2024-04-24,Consumer
C08244,Customer 8244,customer8244@example.com,Jaipur,Rajasthan,2025-09-01,Small Business
C08245,Customer 8245,customer8245@example.com,Hyderabad,Telangana,2025-05-06,Consumer
C08246,Customer 8246,customer8246@example.com,Ahmedabad,Gujarat,2024-01-18,Small Business
C08247,Customer 8247,customer8247@example.com,Pune,Maharashtra,2026-05-02,Small Business
C08248,Customer 8248,customer8248@example.com,Hyderabad,Telangana,2024-06-16,Consumer
C08249,Customer 8249,customer8249@example.com,Delhi,Delhi,2025-07-07,Small Business
C08250,Customer 8250,customer8250@example.com,Chennai,Tamil Nadu,2025-11-10,Small Business
C08251,Customer 8251,customer8251@example.com,Bengaluru,Karnataka,2024-10-21,Consumer
C08252,Customer 8252,customer8252@example.com,Bengaluru,Karnataka,2025-02-03,Corporate
C08253,Customer 8253,customer8253@example.com,Jaipur,Rajasthan,2026-03-06,Small Business
C08254,Customer 8254,customer8254@example.com,Bengaluru,Karnataka,2025-09-26,Small Business
C08255,Customer 8255,customer8255@example.com,Ahmedabad,Gujarat,2026-01-11,Corporate
C08256,Customer 8256,customer8256@example.com,Ahmedabad,Gujarat,2025-01-14,Corporate
C08257,Customer 8257,customer8257@example.com,Mumbai,Maharashtra,2025-07-28,Corporate
C08258,Customer 8258,customer8258@example.com,Kolkata,West Bengal,2024-12-02,Small Business
C08259,Customer 8259,customer8259@example.com,Ahmedabad,Gujarat,2024-12-22,Small Business
C08260,Customer 8260,customer8260@example.com,Mumbai,Maharashtra,2025-06-14,Small Business
C08261,Customer 8261,customer8261@example.com,Delhi,Delhi,2026-05-12,Small Business
C08262,Customer 8262,customer8262@example.com,Panipat,Haryana,2024-07-02,Consumer
C08263,Customer 8263,customer8263@example.com,Delhi,Delhi,2025-03-27,Small Business
C08264,Customer 8264,customer8264@example.com,Ahmedabad,Gujarat,2025-04-18,Small Business
C08265,Customer 8265,customer8265@example.com,Jaipur,Rajasthan,2025-09-15,Small Business
C08266,Customer 8266,customer8266@example.com,Delhi,Delhi,2026-04-19,Consumer
C08267,Customer 8267,customer8267@example.com,Bengaluru,Karnataka,2025-06-25,Small Business
C08268,Customer 8268,customer8268@example.com,Pune,Maharashtra,2025-10-16,Small Business
C08269,Customer 8269,customer8269@example.com,Kolkata,West Bengal,2024-03-24,Corporate
C08270,Customer 8270,customer8270@example.com,Panipat,Haryana,2024-12-02,Small Business
C08271,Customer 8271,customer8271@example.com,Jaipur,Rajasthan,2024-11-02,Corporate
C08272,Customer 8272,customer8272@example.com,Hyderabad,Telangana,2026-04-10,Consumer
C08273,Customer 8273,customer8273@example.com,Bengaluru,Karnataka,2026-03-24,Consumer
C08274,Customer 8274,customer8274@example.com,Chennai,Tamil Nadu,2025-05-23,Consumer
C08275,Customer 8275,customer8275@example.com,Jaipur,Rajasthan,2025-02-04,Small Business
C08276,Customer 8276,customer8276@example.com,Delhi,Delhi,2024-03-25,Consumer
C08277,Customer 8277,customer8277@example.com,Pune,Maharashtra,2025-10-15,Consumer
C08278,Customer 8278,customer8278@example.com,Pune,Maharashtra,2025-06-24,Small Business
C08279,Customer 8279,customer8279@example.com,Hyderabad,Telangana,2026-02-09,Corporate
C08280,Customer 8280,customer8280@example.com,Jaipur,Rajasthan,2024-04-26,Consumer
C08281,Customer 8281,customer8281@example.com,Ahmedabad,Gujarat,2024-09-08,Small Business
C08282,Customer 8282,customer8282@example.com,Kolkata,West Bengal,2026-05-04,Small Business
C08283,Customer 8283,customer8283@example.com,Delhi,Delhi,2024-10-08,Corporate
C08284,Customer 8284,customer8284@example.com,Ahmedabad,Gujarat,2024-01-12,Consumer
C08285,Customer 8285,customer8285@example.com,AHMEDABAD,Gujarat,2025-11-03,Small Business
C08286,Customer 8286,customer8286@example.com,Ahmedabad,Gujarat,2025-10-07,Consumer
C08287,Customer 8287,customer8287@example.com,Delhi,Delhi,2025-03-31,Corporate
C08288,Customer 8288,customer8288@example.com,Ahmedabad,Gujarat,2024-02-18,Corporate
C08289,Customer 8289,customer8289@example.com,Hyderabad,Telangana,2024-05-31,Small Business
C08290,Customer 8290,customer8290@example.com,Chennai,Tamil Nadu,2025-03-09,Small Business
C08291,Customer 8291,customer8291@example.com,Pune,Maharashtra,2024-08-14,Corporate
C08292,Customer 8292,customer8292@example.com,Delhi,Delhi,2025-10-05,Small Business
C08293,Customer 8293,customer8293@example.com,Hyderabad,Telangana,2026-02-01,Small Business
C08294,Customer 8294,customer8294@example.com,Jaipur,Rajasthan,2026-02-07,Consumer
C08295,Customer 8295,customer8295@example.com,Kolkata,West Bengal,2026-02-05,Consumer
C08296,Customer 8296,customer8296@example.com,Hyderabad,Telangana,2024-07-18,Consumer
C08297,Customer 8297,customer8297@example.com,Chennai,Tamil Nadu,2024-01-21,Small Business
C08298,Customer 8298,customer8298@example.com,Delhi,Delhi,2024-05-04,Small Business
C08299,Customer 8299,customer8299@example.com,Pune,Maharashtra,2026-03-17,Small Business
C08300,Customer 8300,customer8300@example.com,Delhi,Delhi,2024-01-11,Consumer
C08301,Customer 8301,customer8301@example.com,Jaipur,Rajasthan,2024-05-08,Small Business
C08302,Customer 8302,customer8302@example.com,Kolkata,West Bengal,2024-11-10,Consumer
C08303,Customer 8303,customer8303@example.com,Hyderabad,Telangana,2024-12-23,Consumer
C08304,Customer 8304,customer8304@example.com,Pune,Maharashtra,2026-01-10,Corporate
C08305,Customer 8305,customer8305@example.com,Panipat,Haryana,2025-08-10,Consumer
C08306,Customer 8306,customer8306@example.com,Jaipur,Rajasthan,2024-12-01,Small Business
C08307,Customer 8307,customer8307@example.com,Delhi,Delhi,2026-05-26,Small Business
C08308,Customer 8308,customer8308@example.com,Delhi,Delhi,2024-02-13,Corporate
C08309,Customer 8309,customer8309@example.com,Hyderabad,Telangana,2024-03-03,Consumer
C08310,Customer 8310,customer8310@example.com,Bengaluru,Karnataka,2024-08-05,Small Business
C08311,Customer 8311,,Kolkata,West Bengal,2024-07-30,Corporate
C08312,Customer 8312,customer8312@example.com,Delhi,Delhi,2024-12-17,
C08313,Customer 8313,customer8313@example.com,Jaipur,Rajasthan,2025-05-23,Consumer
C08314,Customer 8314,customer8314@example.com,Chennai,Tamil Nadu,2026-02-14,Corporate
C08315,Customer 8315,customer8315@example.com,Mumbai,Maharashtra,2025-03-26,
C08316,Customer 8316,customer8316@example.com,Pune,Maharashtra,2025-12-07,Corporate
C08317,Customer 8317,customer8317@example.com,Jaipur,Rajasthan,2026-01-07,Small Business
C08318,Customer 8318,customer8318@example.com,Chennai,Tamil Nadu,2025-08-04,Consumer
C08319,Customer 8319,customer8319@example.com,Pune,Maharashtra,2024-12-27,Consumer
C08320,Customer 8320,customer8320@example.com,Ahmedabad,Gujarat,2024-03-02,Small Business
C08321,Customer 8321,customer8321@example.com,Panipat,Haryana,2025-10-03,Corporate
C08322,Customer 8322,customer8322@example.com,Jaipur,Rajasthan,2024-11-25,Corporate
C08323,Customer 8323,customer8323@example.com,Delhi,Delhi,2025-01-10,Small Business
C08324,Customer 8324,customer8324@example.com,Bengaluru,Karnataka,2025-04-06,Small Business
C08325,Customer 8325,customer8325@example.com,Pune,Maharashtra,2024-03-29,Small Business
C08326,Customer 8326,customer8326@example.com,Hyderabad,Telangana,2026-05-31,Corporate
C08327,Customer 8327,customer8327@example.com,Chennai,Tamil Nadu,2024-09-02,Small Business
C08328,Customer 8328,customer8328@example.com,Kolkata,West Bengal,2025-08-04,Consumer
C08329,Customer 8329,customer8329@example.com,Hyderabad,Telangana,2024-12-21,Consumer
C08330,Customer 8330,customer8330@example.com,Delhi,Delhi,2025-01-23,Corporate
C08331,Customer 8331,customer8331@example.com,Pune,Maharashtra,2025-02-06,Small Business
C08332,Customer 8332,customer8332@example.com,Ahmedabad,Gujarat,2024-02-13,Small Business
C08333,Customer 8333,customer8333@example.com,Mumbai,Maharashtra,2026-05-08,Small Business
C08334,Customer 8334,customer8334@example.com,Pune,Maharashtra,2025-04-27,Corporate
C08335,Customer 8335,customer8335@example.com,Mumbai,Maharashtra,2025-04-12,Consumer
C08336,Customer 8336,,Mumbai,Maharashtra,2025-07-11,Small Business
C08337,Customer 8337,customer8337@example.com,Chennai,Tamil Nadu,2026-02-23,Small Business
C08338,Customer 8338,customer8338@example.com,Chennai,Tamil Nadu,2025-02-23,Consumer
C08339,Customer 8339,customer8339@example.com,Hyderabad,Telangana,2024-09-12,Corporate
C08340,Customer 8340,customer8340@example.com,Mumbai,Maharashtra,2025-06-17,Consumer
C08341,Customer 8341,customer8341@example.com,Chennai,Tamil Nadu,2026-04-06,Corporate
C08342,Customer 8342,customer8342@example.com,Bengaluru,Karnataka,2024-03-11,Small Business
C08343,Customer 8343,customer8343@example.com,Chennai,Tamil Nadu,2024-03-19,Consumer
C08344,Customer 8344,customer8344@example.com,Delhi,Delhi,2025-09-30,Small Business
C08345,Customer 8345,customer8345@example.com,Kolkata,West Bengal,2024-11-27,Small Business
C08346,Customer 8346,customer8346@example.com,Pune,Maharashtra,2024-12-08,Small Business
C08347,Customer 8347,customer8347@example.com,Bengaluru,Karnataka,2025-02-23,Corporate
C08348,Customer 8348,customer8348@example.com,Panipat,Haryana,2025-01-17,Consumer
C08349,Customer 8349,customer8349@example.com,Panipat,Haryana,2024-07-12,Small Business
C08350,Customer 8350,customer8350@example.com,Jaipur,Rajasthan,2025-07-13,Consumer
C08351,Customer 8351,customer8351@example.com,Mumbai,Maharashtra,2025-05-17,Consumer
C08352,Customer 8352,customer8352@example.com,Panipat,Haryana,2024-09-27,Consumer
C08353,Customer 8353,customer8353@example.com,Kolkata,West Bengal,2025-03-05,Consumer
C08354,Customer 8354,customer8354@example.com,Chennai,Tamil Nadu,2024-05-17,Small Business
C08355,Customer 8355,customer8355@example.com,Delhi,Delhi,2024-09-26,Small Business
C08356,Customer 8356,customer8356@example.com,Bengaluru,Karnataka,2025-11-23,Corporate
C08357,Customer 8357,customer8357@example.com,Kolkata,West Bengal,2024-04-28,Small Business
C08358,Customer 8358,customer8358@example.com,Ahmedabad,Gujarat,2024-08-23,Small Business
C08359,Customer 8359,customer8359@example.com,Hyderabad,Telangana,2026-03-24,Consumer
C08360,Customer 8360,customer8360@example.com,Panipat,Haryana,2025-08-12,
C08361,Customer 8361,customer8361@example.com,Ahmedabad,Gujarat,2026-03-27,Consumer
C08362,Customer 8362,customer8362@example.com,Chennai,Tamil Nadu,2025-05-22,Corporate
C08363,Customer 8363,customer8363@example.com,Bengaluru,Karnataka,2025-12-12,Small Business
C08364,Customer 8364,customer8364@example.com,Ahmedabad,Gujarat,2025-10-03,Small Business
C08365,Customer 8365,customer8365@example.com,Panipat,Haryana,2025-08-06,Consumer
C08366,Customer 8366,customer8366@example.com,Mumbai,Maharashtra,2025-06-01,Small Business
C08367,Customer 8367,customer8367@example.com,Bengaluru,Karnataka,2025-09-20,Small Business
C08368,Customer 8368,customer8368@example.com,Kolkata,West Bengal,2026-02-22,Corporate
C08369,Customer 8369,customer8369@example.com,Hyderabad,Telangana,2026-02-11,Corporate
C08370,Customer 8370,customer8370@example.com,Delhi,Delhi,2026-05-26,Small Business
C08371,Customer 8371,customer8371@example.com,Pune,Maharashtra,2026-05-01,Corporate
C08372,Customer 8372,customer8372@example.com,Jaipur,Rajasthan,2026-02-05,Corporate
C08373,Customer 8373,customer8373@example.com,Mumbai,Maharashtra,2026-05-16,Corporate
C08374,Customer 8374,customer8374@example.com,Delhi,Delhi,2025-04-09,Corporate
C08375,Customer 8375,customer8375@example.com,Pune,Maharashtra,2024-01-22,Small Business
C08376,Customer 8376,customer8376@example.com,Chennai,Tamil Nadu,2026-04-05,Small Business
C08377,Customer 8377,customer8377@example.com,Jaipur,Rajasthan,2024-05-02,Consumer
C08378,Customer 8378,customer8378@example.com,Chennai,Tamil Nadu,2026-05-09,Corporate
C08379,Customer 8379,customer8379@example.com,Panipat,Haryana,2024-07-26,Corporate
C08380,Customer 8380,customer8380@example.com,Pune,Maharashtra,2025-08-27,Small Business
C08381,Customer 8381,customer8381@example.com,Jaipur,Rajasthan,2024-03-07,Small Business
C08382,Customer 8382,customer8382@example.com,Kolkata,West Bengal,2024-07-29,Small Business
C08383,Customer 8383,customer8383@example.com,Kolkata,West Bengal,2025-03-29,Small Business
C08384,Customer 8384,customer8384@example.com,Hyderabad,Telangana,2025-06-08,Consumer
C08385,Customer 8385,customer8385@example.com,Pune,Maharashtra,2024-08-07,Corporate
C08386,Customer 8386,customer8386@example.com,Bengaluru,Karnataka,2026-02-18,
C08387,Customer 8387,customer8387@example.com,Kolkata,West Bengal,2024-01-15,Corporate
C08388,Customer 8388,customer8388@example.com,Delhi,Delhi,2024-08-26,Small Business
C08389,Customer 8389,customer8389@example.com,Panipat,Haryana,2025-09-11,Consumer
C08390,Customer 8390,customer8390@example.com,Ahmedabad,Gujarat,2024-04-25,Corporate
C08391,Customer 8391,customer8391@example.com,Pune,Maharashtra,2025-06-08,Small Business
C08392,Customer 8392,customer8392@example.com,Chennai,Tamil Nadu,2024-01-24,Consumer
C08393,Customer 8393,customer8393@example.com,Jaipur,Rajasthan,2024-05-10,Corporate
C08394,Customer 8394,customer8394@example.com,Mumbai,Maharashtra,2024-12-23,Corporate
C08395,Customer 8395,customer8395@example.com,Mumbai,Maharashtra,2024-02-10,Corporate
C08396,Customer 8396,customer8396@example.com,Delhi,Delhi,2025-11-01,Consumer
C08397,Customer 8397,customer8397@example.com,Pune,Maharashtra,2024-03-28,Small Business
C08398,Customer 8398,customer8398@example.com,Panipat,Haryana,2026-01-11,Small Business
C08399,Customer 8399,customer8399@example.com,Hyderabad,Telangana,2025-04-06,Corporate
C08400,Customer 8400,customer8400@example.com,Mumbai,Maharashtra,2024-01-08,Corporate
C08401,Customer 8401,customer8401@example.com,Bengaluru,Karnataka,2024-03-08,Consumer
C08402,Customer 8402,customer8402@example.com,Panipat,Haryana,2025-12-25,Small Business
C08403,Customer 8403,customer8403@example.com,Kolkata,West Bengal,2025-12-07,Small Business
C08404,Customer 8404,customer8404@example.com,Bengaluru,Karnataka,2024-04-12,Small Business
C08405,Customer 8405,customer8405@example.com,Pune,Maharashtra,2024-06-12,Corporate
C08406,Customer 8406,customer8406@example.com,Hyderabad,Telangana,2026-03-10,Consumer
C08407,Customer 8407,customer8407@example.com,Jaipur,Rajasthan,2025-10-20,Consumer
C08408,Customer 8408,customer8408@example.com,Panipat,Haryana,2025-09-28,Corporate
C08409,Customer 8409,customer8409@example.com,Ahmedabad,Gujarat,2024-11-12,Consumer
C08410,Customer 8410,customer8410@example.com,Mumbai,Maharashtra,2024-05-27,Corporate
C08411,Customer 8411,customer8411@example.com,Jaipur,Rajasthan,2025-04-21,
C08412,Customer 8412,customer8412@example.com,Ahmedabad,Gujarat,2026-01-17,Small Business
C08413,Customer 8413,customer8413@example.com,Jaipur,Rajasthan,2025-05-01,Consumer
C08414,Customer 8414,customer8414@example.com,Chennai,Tamil Nadu,2024-09-18,Small Business
C08415,Customer 8415,customer8415@example.com,Chennai,Tamil Nadu,2024-07-28,Consumer
C08416,Customer 8416,customer8416@example.com,Mumbai,Maharashtra,2025-01-17,Consumer
C08417,Customer 8417,customer8417@example.com,Kolkata,West Bengal,2026-05-12,Corporate
C08418,Customer 8418,customer8418@example.com,Mumbai,Maharashtra,2024-07-08,Corporate
C08419,Customer 8419,customer8419@example.com,Panipat,Haryana,2024-09-28,Small Business
C08420,Customer 8420,customer8420@example.com,Pune,Maharashtra,2024-06-25,Corporate
C08421,Customer 8421,customer8421@example.com,Delhi,Delhi,2024-04-20,Small Business
C08422,Customer 8422,customer8422@example.com,Ahmedabad,Gujarat,2024-02-22,Consumer
C08423,Customer 8423,customer8423@example.com,Pune,Maharashtra,2024-11-08,Corporate
C08424,Customer 8424,customer8424@example.com,Jaipur,Rajasthan,2025-03-17,Consumer
C08425,Customer 8425,customer8425@example.com,Chennai,Tamil Nadu,2024-08-08,Consumer
C08426,Customer 8426,customer8426@example.com,Kolkata,West Bengal,2024-01-13,Consumer
C08427,Customer 8427,customer8427@example.com,Jaipur,Rajasthan,2025-02-12,Corporate
C08428,Customer 8428,customer8428@example.com,Mumbai,Maharashtra,2024-02-27,Consumer
C08429,Customer 8429,customer8429@example.com,Panipat,Haryana,2024-02-02,Small Business
C08430,Customer 8430,customer8430@example.com,Hyderabad,Telangana,2026-03-09,Consumer
C08431,Customer 8431,customer8431@example.com,Chennai,Tamil Nadu,2026-04-01,Corporate
C08432,Customer 8432,customer8432@example.com,Mumbai,Maharashtra,2024-03-12,Small Business
C08433,Customer 8433,customer8433@example.com,Hyderabad,Telangana,2024-07-20,Corporate
C08434,Customer 8434,customer8434@example.com,Jaipur,Rajasthan,2025-08-20,Consumer
C08435,Customer 8435,customer8435@example.com,Panipat,Haryana,2024-12-13,Corporate
C08436,Customer 8436,customer8436@example.com,Kolkata,West Bengal,2025-09-11,Corporate
C08437,Customer 8437,customer8437@example.com,Panipat,Haryana,2024-03-02,Consumer
C08438,Customer 8438,customer8438@example.com,Kolkata,West Bengal,2024-09-06,Consumer
C08439,Customer 8439,customer8439@example.com,Hyderabad,Telangana,2026-03-28,Small Business
C08440,Customer 8440,customer8440@example.com,Panipat,Haryana,2024-01-27,Corporate
C08441,Customer 8441,customer8441@example.com,Pune,Maharashtra,2025-09-22,Corporate
C08442,Customer 8442,customer8442@example.com,Delhi,Delhi,2024-07-13,Consumer
C08443,Customer 8443,customer8443@example.com,Kolkata,West Bengal,2024-06-24,Consumer
C08444,Customer 8444,customer8444@example.com,Delhi,Delhi,2024-04-21,Consumer
C08445,Customer 8445,customer8445@example.com,Jaipur,Rajasthan,2026-04-12,Corporate
C08446,Customer 8446,customer8446@example.com,Ahmedabad,Gujarat,2024-02-12,Small Business
C08447,Customer 8447,customer8447@example.com,Jaipur,Rajasthan,2025-04-28,Consumer
C08448,Customer 8448,customer8448@example.com,Chennai,Tamil Nadu,2025-05-22,Consumer
C08449,Customer 8449,customer8449@example.com,Mumbai,Maharashtra,2024-05-02,Consumer
C08450,Customer 8450,customer8450@example.com,Bengaluru,Karnataka,2024-11-19,Small Business
C08451,Customer 8451,customer8451@example.com,Bengaluru,Karnataka,2026-01-31,Corporate
C08452,Customer 8452,customer8452@example.com,Delhi,Delhi,2025-05-22,Consumer
C08453,Customer 8453,customer8453@example.com,Ahmedabad,Gujarat,2024-06-20,Small Business
C08454,Customer 8454,customer8454@example.com,Delhi,Delhi,2025-04-30,Consumer
C08455,Customer 8455,customer8455@example.com,Kolkata,West Bengal,2024-09-19,Corporate
C08456,Customer 8456,customer8456@example.com,Pune,Maharashtra,2025-02-20,Consumer
C08457,Customer 8457,customer8457@example.com,Mumbai,Maharashtra,2026-04-24,Consumer
C08458,Customer 8458,customer8458@example.com,Bengaluru,Karnataka,2024-10-27,Consumer
C08459,Customer 8459,customer8459@example.com,Mumbai,Maharashtra,2025-01-04,Consumer
C08460,Customer 8460,customer8460@example.com,Delhi,Delhi,2025-10-25,Corporate
C08461,Customer 8461,customer8461@example.com,PANIPAT,Haryana,2024-05-27,Corporate
C08462,Customer 8462,customer8462@example.com,Mumbai,Maharashtra,2024-08-07,Small Business
C08463,Customer 8463,customer8463@example.com,Bengaluru,Karnataka,2026-02-12,Consumer
C08464,Customer 8464,customer8464@example.com,Mumbai,Maharashtra,2026-01-20,Small Business
C08465,Customer 8465,customer8465@example.com,Panipat,Haryana,2025-08-20,Corporate
C08466,Customer 8466,customer8466@example.com,Bengaluru,Karnataka,2026-01-29,Corporate
C08467,Customer 8467,customer8467@example.com,Kolkata,West Bengal,2024-07-03,Corporate
C08468,Customer 8468,customer8468@example.com,Ahmedabad,Gujarat,2024-01-24,Consumer
C08469,Customer 8469,customer8469@example.com,Mumbai,Maharashtra,2025-03-06,Small Business
C08470,Customer 8470,customer8470@example.com,Hyderabad,Telangana,2024-11-19,Consumer
C08471,Customer 8471,customer8471@example.com,Pune,Maharashtra,2024-05-13,Corporate
C08472,Customer 8472,customer8472@example.com,Chennai,Tamil Nadu,2024-03-21,Small Business
C08473,Customer 8473,customer8473@example.com,Kolkata,West Bengal,2025-09-09,Corporate
C08474,Customer 8474,customer8474@example.com,Jaipur,Rajasthan,2024-01-25,Small Business
C08475,Customer 8475,customer8475@example.com,Mumbai,Maharashtra,2024-10-03,Corporate
C08476,Customer 8476,customer8476@example.com,Hyderabad,Telangana,2025-08-21,Small Business
C08477,Customer 8477,customer8477@example.com,Hyderabad,Telangana,2024-04-24,Corporate
C08478,Customer 8478,customer8478@example.com,Panipat,Haryana,2024-05-14,Consumer
C08479,Customer 8479,customer8479@example.com,Delhi,Delhi,2025-08-11,Small Business
C08480,Customer 8480,customer8480@example.com,Delhi,Delhi,2024-11-23,Small Business
C08481,Customer 8481,customer8481@example.com,Ahmedabad,Gujarat,2026-05-11,Consumer
C08482,Customer 8482,customer8482@example.com,Mumbai,Maharashtra,2026-04-04,Corporate
C08483,Customer 8483,customer8483@example.com,Jaipur,Rajasthan,2025-02-18,Small Business
C08484,Customer 8484,customer8484@example.com,Bengaluru,Karnataka,2026-01-20,Small Business
C08485,Customer 8485,customer8485@example.com,Jaipur,Rajasthan,2025-02-27,Corporate
C08486,Customer 8486,customer8486@example.com,Kolkata,West Bengal,2025-07-23,Corporate
C08487,Customer 8487,customer8487@example.com,Jaipur,Rajasthan,2025-11-21,Corporate
C08488,Customer 8488,customer8488@example.com,Mumbai,Maharashtra,2024-08-07,Corporate
C08489,Customer 8489,customer8489@example.com,Chennai,Tamil Nadu,2024-03-01,Consumer
C08490,Customer 8490,customer8490@example.com,Jaipur,Rajasthan,2025-06-22,Corporate
C08491,Customer 8491,customer8491@example.com,Bengaluru,Karnataka,2025-04-12,Corporate
C08492,Customer 8492,customer8492@example.com,Panipat,Haryana,2025-06-07,Small Business
C08493,Customer 8493,customer8493@example.com,Pune,Maharashtra,2025-03-24,Small Business
C08494,Customer 8494,customer8494@example.com,Jaipur,Rajasthan,2024-03-31,Small Business
C08495,Customer 8495,customer8495@example.com,Delhi,Delhi,2025-08-08,Consumer
C08496,Customer 8496,customer8496@example.com,Kolkata,West Bengal,2024-10-25,Small Business
C08497,Customer 8497,customer8497@example.com,Ahmedabad,Gujarat,2024-05-13,Consumer
C08498,Customer 8498,customer8498@example.com,Chennai,Tamil Nadu,2024-11-03,Consumer
C08499,Customer 8499,customer8499@example.com,Panipat,Haryana,2025-02-17,Small Business
C08500,Customer 8500,customer8500@example.com,Jaipur,Rajasthan,2026-04-23,Consumer
C08501,Customer 8501,customer8501@example.com,Chennai,Tamil Nadu,2025-09-14,Small Business
C08502,Customer 8502,customer8502@example.com,Mumbai,Maharashtra,2026-05-03,Consumer
C08503,Customer 8503,customer8503@example.com,Hyderabad,Telangana,2024-08-23,Corporate
C08504,Customer 8504,customer8504@example.com,Jaipur,Rajasthan,2024-10-02,Small Business
C08505,Customer 8505,customer8505@example.com,Chennai,Tamil Nadu,2024-10-03,Corporate
C08506,Customer 8506,customer8506@example.com,Panipat,Haryana,2025-05-31,Consumer
C08507,Customer 8507,customer8507@example.com,Delhi,Delhi,2024-08-17,Small Business
C08508,Customer 8508,customer8508@example.com,Jaipur,Rajasthan,2025-02-24,Corporate
C08509,Customer 8509,customer8509@example.com,Bengaluru,Karnataka,2025-03-18,Consumer
C08510,Customer 8510,customer8510@example.com,Mumbai,Maharashtra,2026-01-01,Consumer
C08511,Customer 8511,customer8511@example.com,Mumbai,Maharashtra,2024-03-08,Consumer
C08512,Customer 8512,customer8512@example.com,Pune,Maharashtra,2026-01-31,Small Business
C08513,Customer 8513,customer8513@example.com,Kolkata,West Bengal,2025-12-03,Small Business
C08514,Customer 8514,customer8514@example.com,Mumbai,Maharashtra,2026-06-06,Consumer
C08515,Customer 8515,customer8515@example.com,Hyderabad,Telangana,2024-12-02,Consumer
C08516,Customer 8516,customer8516@example.com,Pune,Maharashtra,2026-02-18,Consumer
C08517,Customer 8517,customer8517@example.com,Panipat,Haryana,2024-03-03,Consumer
C08518,Customer 8518,customer8518@example.com,Panipat,Haryana,2025-07-15,Small Business
C08519,Customer 8519,customer8519@example.com,Chennai,Tamil Nadu,2024-09-11,Corporate
C08520,Customer 8520,customer8520@example.com,Chennai,Tamil Nadu,2025-04-09,
C08521,Customer 8521,customer8521@example.com,Ahmedabad,Gujarat,2024-04-23,Small Business
C08522,Customer 8522,customer8522@example.com,Panipat,Haryana,2024-01-04,Small Business
C08523,Customer 8523,customer8523@example.com,Jaipur,Rajasthan,2025-08-08,Small Business
C08524,Customer 8524,customer8524@example.com,Delhi,Delhi,2024-05-04,Corporate
C08525,Customer 8525,customer8525@example.com,Delhi,Delhi,2025-02-19,Consumer
C08526,Customer 8526,customer8526@example.com,Panipat,Haryana,2025-08-16,Consumer
C08527,Customer 8527,customer8527@example.com,Chennai,Tamil Nadu,2025-08-04,Small Business
C08528,Customer 8528,customer8528@example.com,Mumbai,Maharashtra,2026-04-20,Consumer
C08529,Customer 8529,customer8529@example.com,Mumbai,Maharashtra,2025-12-02,Corporate
C08530,Customer 8530,customer8530@example.com,Pune,Maharashtra,2025-04-12,Small Business
C08531,Customer 8531,customer8531@example.com,Ahmedabad,Gujarat,2025-11-20,Small Business
C08532,Customer 8532,customer8532@example.com,Ahmedabad,Gujarat,2026-01-14,Corporate
C08533,Customer 8533,customer8533@example.com,Ahmedabad,Gujarat,2024-02-15,Corporate
C08534,Customer 8534,customer8534@example.com,Panipat,Haryana,2025-07-08,Small Business
C08535,Customer 8535,customer8535@example.com,Hyderabad,Telangana,2024-11-03,Small Business
C08536,Customer 8536,customer8536@example.com,Delhi,Delhi,2026-05-25,Small Business
C08537,Customer 8537,customer8537@example.com,Chennai,Tamil Nadu,2025-05-06,Corporate
C08538,Customer 8538,customer8538@example.com,Chennai,Tamil Nadu,2024-09-07,Consumer
C08539,Customer 8539,customer8539@example.com,Panipat,Haryana,2024-01-24,Small Business
C08540,Customer 8540,customer8540@example.com,Ahmedabad,Gujarat,2025-06-11,Corporate
C08541,Customer 8541,customer8541@example.com,Pune,Maharashtra,2024-09-12,Corporate
C08542,Customer 8542,customer8542@example.com,Delhi,Delhi,2024-04-09,Small Business
C08543,Customer 8543,customer8543@example.com,Pune,Maharashtra,2025-04-01,Consumer
C08544,Customer 8544,customer8544@example.com,Delhi,Delhi,2025-06-19,Consumer
C08545,Customer 8545,customer8545@example.com,Hyderabad,Telangana,2024-04-04,Small Business
C08546,Customer 8546,customer8546@example.com,Ahmedabad,Gujarat,2025-07-22,Small Business
C08547,Customer 8547,customer8547@example.com,Hyderabad,Telangana,2025-12-11,Corporate
C08548,Customer 8548,customer8548@example.com,Hyderabad,Telangana,2025-05-28,Consumer
C08549,Customer 8549,customer8549@example.com,Ahmedabad,Gujarat,2026-04-04,Corporate
C08550,Customer 8550,customer8550@example.com,Mumbai,Maharashtra,2024-01-19,Consumer
C08551,Customer 8551,customer8551@example.com,Bengaluru,Karnataka,2026-04-04,Small Business
C08552,Customer 8552,customer8552@example.com,Panipat,Haryana,2024-03-11,Corporate
C08553,Customer 8553,customer8553@example.com,Pune,Maharashtra,2024-11-27,Consumer
C08554,Customer 8554,customer8554@example.com,Bengaluru,Karnataka,2025-02-26,Corporate
C08555,Customer 8555,customer8555@example.com,Panipat,Haryana,2025-04-02,Corporate
C08556,Customer 8556,customer8556@example.com,Chennai,Tamil Nadu,2025-08-11,Small Business
C08557,Customer 8557,customer8557@example.com,Ahmedabad,Gujarat,2024-09-13,Corporate
C08558,Customer 8558,customer8558@example.com,Ahmedabad,Gujarat,2025-12-21,Corporate
C08559,Customer 8559,customer8559@example.com,Chennai,Tamil Nadu,2025-03-18,Corporate
C08560,Customer 8560,customer8560@example.com,Mumbai,Maharashtra,2026-01-03,Consumer
C08561,Customer 8561,customer8561@example.com,Delhi,Delhi,2024-02-29,Small Business
C08562,Customer 8562,customer8562@example.com,Mumbai,Maharashtra,2024-09-30,Small Business
C08563,Customer 8563,customer8563@example.com,Panipat,Haryana,2026-04-09,Consumer
C08564,Customer 8564,customer8564@example.com,Jaipur,Rajasthan,2024-04-03,Small Business
C08565,Customer 8565,customer8565@example.com,Jaipur,Rajasthan,2024-06-04,Consumer
C08566,Customer 8566,customer8566@example.com,PUNE,Maharashtra,2025-06-09,Corporate
C08567,Customer 8567,customer8567@example.com,Ahmedabad,Gujarat,2026-02-24,Corporate
C08568,Customer 8568,customer8568@example.com,Panipat,Haryana,2024-06-01,Corporate
C08569,Customer 8569,customer8569@example.com,Mumbai,Maharashtra,2024-02-04,Small Business
C08570,Customer 8570,customer8570@example.com,Hyderabad,Telangana,2025-05-27,Consumer
C08571,Customer 8571,customer8571@example.com,Kolkata,West Bengal,2024-09-25,Small Business
C08572,Customer 8572,customer8572@example.com,Hyderabad,Telangana,2024-05-19,Corporate
C08573,Customer 8573,customer8573@example.com,Pune,Maharashtra,2026-03-19,Corporate
C08574,Customer 8574,customer8574@example.com,Pune,Maharashtra,2025-02-25,Corporate
C08575,Customer 8575,customer8575@example.com,Mumbai,Maharashtra,2024-08-15,Corporate
C08576,Customer 8576,customer8576@example.com,Kolkata,West Bengal,2024-01-18,Consumer
C08577,Customer 8577,customer8577@example.com,Bengaluru,Karnataka,2024-03-30,Consumer
C08578,Customer 8578,customer8578@example.com,Ahmedabad,Gujarat,2024-04-06,Small Business
C08579,Customer 8579,customer8579@example.com,Mumbai,Maharashtra,2025-07-18,Small Business
C08580,Customer 8580,customer8580@example.com,Hyderabad,Telangana,2024-04-19,Small Business
C08581,Customer 8581,customer8581@example.com,Delhi,Delhi,2025-12-04,Corporate
C08582,Customer 8582,customer8582@example.com,Delhi,Delhi,2025-10-05,Consumer
C08583,Customer 8583,customer8583@example.com,Hyderabad,Telangana,2024-12-20,Small Business
C08584,Customer 8584,customer8584@example.com,Panipat,Haryana,2024-10-20,Small Business
C08585,Customer 8585,customer8585@example.com,Chennai,Tamil Nadu,2024-04-27,Consumer
C08586,Customer 8586,customer8586@example.com,Panipat,Haryana,2025-04-20,Small Business
C08587,Customer 8587,customer8587@example.com,Mumbai,Maharashtra,2024-08-12,Consumer
C08588,Customer 8588,customer8588@example.com,Bengaluru,Karnataka,2025-03-12,Corporate
C08589,Customer 8589,customer8589@example.com,Panipat,Haryana,2024-02-25,Consumer
C08590,Customer 8590,customer8590@example.com,Mumbai,Maharashtra,2025-07-29,Consumer
C08591,Customer 8591,customer8591@example.com,Jaipur,Rajasthan,2024-05-26,Corporate
C08592,Customer 8592,customer8592@example.com,Delhi,Delhi,2024-01-31,Consumer
C08593,Customer 8593,customer8593@example.com,Mumbai,Maharashtra,2024-07-24,Consumer
C08594,Customer 8594,customer8594@example.com,Ahmedabad,Gujarat,2026-01-22,Small Business
C08595,Customer 8595,customer8595@example.com,Chennai,Tamil Nadu,2024-03-11,Corporate
C08596,Customer 8596,customer8596@example.com,Delhi,Delhi,2024-05-08,Consumer
C08597,Customer 8597,customer8597@example.com,Bengaluru,Karnataka,2025-06-29,Small Business
C08598,Customer 8598,customer8598@example.com,Hyderabad,Telangana,2024-01-12,Corporate
C08599,Customer 8599,customer8599@example.com,Chennai,Tamil Nadu,2025-03-21,Corporate
C08600,Customer 8600,customer8600@example.com,Pune,Maharashtra,2026-04-14,Small Business
C08601,Customer 8601,customer8601@example.com,Bengaluru,Karnataka,2024-11-15,Corporate
C08602,Customer 8602,customer8602@example.com,Panipat,Haryana,2026-06-15,Corporate
C08603,Customer 8603,customer8603@example.com,Mumbai,Maharashtra,2024-05-27,Corporate
C08604,Customer 8604,customer8604@example.com,Chennai,Tamil Nadu,2024-08-12,Small Business
C08605,Customer 8605,customer8605@example.com,Bengaluru,Karnataka,2025-01-27,Consumer
C08606,Customer 8606,customer8606@example.com,Delhi,Delhi,2025-09-28,Consumer
C08607,Customer 8607,customer8607@example.com,Hyderabad,Telangana,2024-08-30,Consumer
C08608,Customer 8608,customer8608@example.com,Hyderabad,Telangana,2025-05-26,Small Business
C08609,Customer 8609,customer8609@example.com,Pune,Maharashtra,2026-01-19,Corporate
C08610,Customer 8610,customer8610@example.com,Kolkata,West Bengal,2026-05-15,Consumer
C08611,Customer 8611,customer8611@example.com,Bengaluru,Karnataka,2024-08-28,Corporate
C08612,Customer 8612,customer8612@example.com,Jaipur,Rajasthan,2025-03-07,Consumer
C08613,Customer 8613,customer8613@example.com,Kolkata,West Bengal,2025-02-23,Small Business
C08614,Customer 8614,customer8614@example.com,Mumbai,Maharashtra,2024-06-16,Corporate
C08615,Customer 8615,customer8615@example.com,DELHI,Delhi,2026-02-06,Small Business
C08616,Customer 8616,customer8616@example.com,Mumbai,Maharashtra,2026-04-25,Corporate
C08617,Customer 8617,customer8617@example.com,Mumbai,Maharashtra,2025-02-07,Corporate
C08618,Customer 8618,,Panipat,Haryana,2025-06-05,Corporate
C08619,Customer 8619,customer8619@example.com,Chennai,Tamil Nadu,2025-12-21,
C08620,Customer 8620,customer8620@example.com,Hyderabad,Telangana,2025-12-16,Corporate
C08621,Customer 8621,customer8621@example.com,Mumbai,Maharashtra,2026-05-26,Consumer
C08622,Customer 8622,customer8622@example.com,Bengaluru,Karnataka,2024-03-19,Small Business
C08623,Customer 8623,customer8623@example.com,Kolkata,West Bengal,2025-02-22,Small Business
C08624,Customer 8624,customer8624@example.com,Kolkata,West Bengal,2025-06-06,Corporate
C08625,Customer 8625,customer8625@example.com,Ahmedabad,Gujarat,2024-10-27,Corporate
C08626,Customer 8626,customer8626@example.com,Kolkata,West Bengal,2026-04-29,Consumer
C08627,Customer 8627,customer8627@example.com,Mumbai,Maharashtra,2025-08-15,Consumer
C08628,Customer 8628,customer8628@example.com,Pune,Maharashtra,2025-01-05,Consumer
C08629,Customer 8629,customer8629@example.com,PANIPAT,Haryana,2025-02-26,Consumer
C08630,Customer 8630,customer8630@example.com,Jaipur,Rajasthan,2024-11-06,Small Business
C08631,Customer 8631,customer8631@example.com,Ahmedabad,Gujarat,2025-05-09,Corporate
C08632,Customer 8632,customer8632@example.com,Mumbai,Maharashtra,2024-05-08,Consumer
C08633,Customer 8633,customer8633@example.com,Hyderabad,Telangana,2026-06-03,Corporate
C08634,Customer 8634,customer8634@example.com,Pune,Maharashtra,2024-11-10,Consumer
C08635,Customer 8635,customer8635@example.com,Bengaluru,Karnataka,2026-01-13,Corporate
C08636,Customer 8636,customer8636@example.com,Chennai,Tamil Nadu,2025-07-14,Consumer
C08637,Customer 8637,customer8637@example.com,Delhi,Delhi,2024-06-03,Consumer
C08638,Customer 8638,customer8638@example.com,Hyderabad,Telangana,2026-03-20,Small Business
C08639,Customer 8639,customer8639@example.com,Chennai,Tamil Nadu,2026-05-13,Corporate
C08640,Customer 8640,customer8640@example.com,Ahmedabad,Gujarat,2026-01-25,Corporate
C08641,Customer 8641,customer8641@example.com,Mumbai,Maharashtra,2024-12-31,Corporate
C08642,Customer 8642,customer8642@example.com,Ahmedabad,Gujarat,2026-03-15,Consumer
C08643,Customer 8643,customer8643@example.com,Panipat,Haryana,2025-02-13,Small Business
C08644,Customer 8644,customer8644@example.com,Bengaluru,Karnataka,2026-03-31,Corporate
C08645,Customer 8645,customer8645@example.com,Delhi,Delhi,2026-02-23,Consumer
C08646,Customer 8646,customer8646@example.com,Delhi,Delhi,2025-11-17,Small Business
C08647,Customer 8647,customer8647@example.com,Ahmedabad,Gujarat,2025-05-19,Consumer
C08648,Customer 8648,customer8648@example.com,Jaipur,Rajasthan,2025-07-17,Consumer
C08649,Customer 8649,customer8649@example.com,Jaipur,Rajasthan,2024-05-30,Corporate
C08650,Customer 8650,customer8650@example.com,Pune,Maharashtra,2024-01-03,Small Business
C08651,Customer 8651,customer8651@example.com,Chennai,Tamil Nadu,2024-08-27,Corporate
C08652,Customer 8652,customer8652@example.com,Pune,Maharashtra,2024-12-11,Small Business
C08653,Customer 8653,customer8653@example.com,Ahmedabad,Gujarat,2026-03-18,Corporate
C08654,Customer 8654,customer8654@example.com,Jaipur,Rajasthan,2026-06-14,Small Business
C08655,Customer 8655,customer8655@example.com,Mumbai,Maharashtra,2026-01-11,Consumer
C08656,Customer 8656,customer8656@example.com,Jaipur,Rajasthan,2025-06-13,Corporate
C08657,Customer 8657,customer8657@example.com,Ahmedabad,Gujarat,2026-03-31,Corporate
C08658,Customer 8658,customer8658@example.com,Jaipur,Rajasthan,2024-01-24,Corporate
C08659,Customer 8659,customer8659@example.com,Chennai,Tamil Nadu,2024-09-22,Consumer
C08660,Customer 8660,customer8660@example.com,Hyderabad,Telangana,2026-05-17,Consumer
C08661,Customer 8661,customer8661@example.com,Delhi,Delhi,2024-02-14,Consumer
C08662,Customer 8662,customer8662@example.com,Delhi,Delhi,2024-06-13,Corporate
C08663,Customer 8663,customer8663@example.com,Bengaluru,Karnataka,2024-07-19,Small Business
C08664,Customer 8664,customer8664@example.com,Bengaluru,Karnataka,2024-03-25,Small Business
C08665,Customer 8665,customer8665@example.com,Mumbai,Maharashtra,2024-09-10,Consumer
C08666,Customer 8666,customer8666@example.com,Delhi,Delhi,2025-12-26,Corporate
C08667,Customer 8667,customer8667@example.com,Panipat,Haryana,2024-11-14,Small Business
C08668,Customer 8668,customer8668@example.com,Jaipur,Rajasthan,2025-03-10,Consumer
C08669,Customer 8669,customer8669@example.com,Pune,Maharashtra,2025-05-23,Consumer
C08670,Customer 8670,customer8670@example.com,Delhi,Delhi,2025-12-31,Small Business
C08671,Customer 8671,customer8671@example.com,Jaipur,Rajasthan,2025-01-29,Consumer
C08672,Customer 8672,customer8672@example.com,Panipat,Haryana,2024-07-26,Consumer
C08673,Customer 8673,customer8673@example.com,Panipat,Haryana,2025-12-16,Consumer
C08674,Customer 8674,customer8674@example.com,Delhi,Delhi,2025-08-31,Corporate
C08675,Customer 8675,customer8675@example.com,Jaipur,Rajasthan,2026-04-27,Small Business
C08676,Customer 8676,customer8676@example.com,Ahmedabad,Gujarat,2025-09-10,Consumer
C08677,Customer 8677,customer8677@example.com,Delhi,Delhi,2024-04-01,Corporate
C08678,Customer 8678,customer8678@example.com,Panipat,Haryana,2024-01-14,Consumer
C08679,Customer 8679,customer8679@example.com,Bengaluru,Karnataka,2025-05-01,Consumer
C08680,Customer 8680,customer8680@example.com,Pune,Maharashtra,2024-04-19,Small Business
C08681,Customer 8681,customer8681@example.com,Kolkata,West Bengal,2026-02-04,Consumer
C08682,Customer 8682,customer8682@example.com,Ahmedabad,Gujarat,2026-04-22,Corporate
C08683,Customer 8683,customer8683@example.com,Jaipur,Rajasthan,2025-02-28,Consumer
C08684,Customer 8684,customer8684@example.com,Delhi,Delhi,2025-10-07,Corporate
C08685,Customer 8685,customer8685@example.com,Mumbai,Maharashtra,2026-02-17,Corporate
C08686,Customer 8686,customer8686@example.com,Ahmedabad,Gujarat,2026-02-08,Consumer
C08687,Customer 8687,customer8687@example.com,Jaipur,Rajasthan,2024-09-21,Consumer
C08688,Customer 8688,customer8688@example.com,Ahmedabad,Gujarat,2025-10-25,Corporate
C08689,Customer 8689,customer8689@example.com,Kolkata,West Bengal,2026-04-21,Small Business
C08690,Customer 8690,customer8690@example.com,Hyderabad,Telangana,2026-06-07,Corporate
C08691,Customer 8691,customer8691@example.com,Panipat,Haryana,2025-10-05,Consumer
C08692,Customer 8692,customer8692@example.com,Delhi,Delhi,2024-07-29,Corporate
C08693,Customer 8693,customer8693@example.com,Hyderabad,Telangana,2024-08-16,Corporate
C08694,Customer 8694,customer8694@example.com,Jaipur,Rajasthan,2024-06-18,Small Business
C08695,Customer 8695,customer8695@example.com,Delhi,Delhi,2024-01-24,Corporate
C08696,Customer 8696,customer8696@example.com,Mumbai,Maharashtra,2025-07-25,Small Business
C08697,Customer 8697,customer8697@example.com,Kolkata,West Bengal,2025-06-19,Small Business
C08698,Customer 8698,customer8698@example.com,Panipat,Haryana,2025-04-27,Consumer
C08699,Customer 8699,customer8699@example.com,Kolkata,West Bengal,2025-09-05,Consumer
C08700,Customer 8700,customer8700@example.com,Pune,Maharashtra,2025-04-24,Consumer
C08701,Customer 8701,customer8701@example.com,Chennai,Tamil Nadu,2024-04-18,Corporate
C08702,Customer 8702,customer8702@example.com,Panipat,Haryana,2025-07-19,Small Business
C08703,Customer 8703,customer8703@example.com,Jaipur,Rajasthan,2024-04-23,Small Business
C08704,Customer 8704,customer8704@example.com,Kolkata,West Bengal,2026-05-04,Consumer
C08705,Customer 8705,customer8705@example.com,Mumbai,Maharashtra,2024-07-26,Small Business
C08706,Customer 8706,customer8706@example.com,Ahmedabad,Gujarat,2026-06-19,Small Business
C08707,Customer 8707,customer8707@example.com,Chennai,Tamil Nadu,2024-09-14,Corporate
C08708,Customer 8708,customer8708@example.com,Kolkata,West Bengal,2026-03-04,Consumer
C08709,Customer 8709,customer8709@example.com,Jaipur,Rajasthan,2024-07-21,Corporate
C08710,Customer 8710,customer8710@example.com,Hyderabad,Telangana,2026-05-07,Consumer
C08711,Customer 8711,customer8711@example.com,Panipat,Haryana,2025-04-03,Corporate
C08712,Customer 8712,customer8712@example.com,Jaipur,Rajasthan,2026-06-03,Consumer
C08713,Customer 8713,customer8713@example.com,Panipat,Haryana,2024-07-05,Corporate
C08714,Customer 8714,customer8714@example.com,Jaipur,Rajasthan,2024-01-16,Small Business
C08715,Customer 8715,customer8715@example.com,Jaipur,Rajasthan,2025-01-10,Corporate
C08716,Customer 8716,customer8716@example.com,Kolkata,West Bengal,2026-06-06,Small Business
C08717,Customer 8717,customer8717@example.com,Panipat,Haryana,2024-01-16,Consumer
C08718,Customer 8718,customer8718@example.com,Bengaluru,Karnataka,2025-11-16,Corporate
C08719,Customer 8719,,Pune,Maharashtra,2026-03-28,Consumer
C08720,Customer 8720,customer8720@example.com,Pune,Maharashtra,2026-06-16,Corporate
C08721,Customer 8721,customer8721@example.com,Mumbai,Maharashtra,2024-06-15,Consumer
C08722,Customer 8722,customer8722@example.com,Chennai,Tamil Nadu,2025-08-22,Consumer
C08723,Customer 8723,customer8723@example.com,Chennai,Tamil Nadu,2025-09-08,Small Business
C08724,Customer 8724,customer8724@example.com,Chennai,Tamil Nadu,2025-07-18,Corporate
C08725,Customer 8725,customer8725@example.com,Kolkata,West Bengal,2024-09-22,Corporate
C08726,Customer 8726,customer8726@example.com,Kolkata,West Bengal,2024-01-21,Corporate
C08727,Customer 8727,customer8727@example.com,Kolkata,West Bengal,2025-11-29,Small Business
C08728,Customer 8728,customer8728@example.com,Hyderabad,Telangana,2024-03-08,Corporate
C08729,Customer 8729,customer8729@example.com,Ahmedabad,Gujarat,2025-12-07,Consumer
C08730,Customer 8730,customer8730@example.com,Pune,Maharashtra,2025-08-14,Corporate
C08731,Customer 8731,customer8731@example.com,Mumbai,Maharashtra,2024-04-01,Corporate
C08732,Customer 8732,customer8732@example.com,Panipat,Haryana,2026-01-23,Consumer
C08733,Customer 8733,customer8733@example.com,Chennai,Tamil Nadu,2024-11-01,Consumer
C08734,Customer 8734,customer8734@example.com,Chennai,Tamil Nadu,2024-03-15,Consumer
C08735,Customer 8735,customer8735@example.com,Kolkata,West Bengal,2024-01-10,Consumer
C08736,Customer 8736,customer8736@example.com,Pune,Maharashtra,2025-01-07,Consumer
C08737,Customer 8737,customer8737@example.com,Jaipur,Rajasthan,2026-02-24,Corporate
C08738,Customer 8738,customer8738@example.com,Mumbai,Maharashtra,2024-10-15,Consumer
C08739,Customer 8739,customer8739@example.com,Delhi,Delhi,2025-09-26,Small Business
C08740,Customer 8740,customer8740@example.com,Pune,Maharashtra,2025-08-14,Consumer
C08741,Customer 8741,customer8741@example.com,Bengaluru,Karnataka,2025-07-08,Corporate
C08742,Customer 8742,customer8742@example.com,Jaipur,Rajasthan,2024-03-08,Consumer
C08743,Customer 8743,customer8743@example.com,Panipat,Haryana,2024-01-11,Corporate
C08744,Customer 8744,customer8744@example.com,Delhi,Delhi,2026-01-26,Corporate
C08745,Customer 8745,customer8745@example.com,Ahmedabad,Gujarat,2026-04-08,Consumer
C08746,Customer 8746,customer8746@example.com,Panipat,Haryana,2024-11-19,Consumer
C08747,Customer 8747,customer8747@example.com,Panipat,Haryana,2024-05-30,Consumer
C08748,Customer 8748,customer8748@example.com,Hyderabad,Telangana,2024-03-13,Corporate
C08749,Customer 8749,customer8749@example.com,Kolkata,West Bengal,2026-01-06,Corporate
C08750,Customer 8750,customer8750@example.com,Jaipur,Rajasthan,2025-02-01,Small Business
C08751,Customer 8751,customer8751@example.com,Bengaluru,Karnataka,2025-02-17,Small Business
C08752,Customer 8752,customer8752@example.com,Pune,Maharashtra,2024-08-24,Small Business
C08753,Customer 8753,customer8753@example.com,Ahmedabad,Gujarat,2026-06-02,Corporate
C08754,Customer 8754,customer8754@example.com,Pune,Maharashtra,2024-11-13,Small Business
C08755,Customer 8755,customer8755@example.com,Delhi,Delhi,2024-04-05,
C08756,Customer 8756,,Hyderabad,Telangana,2024-01-18,Consumer
C08757,Customer 8757,customer8757@example.com,Bengaluru,Karnataka,2025-05-25,Corporate
C08758,Customer 8758,customer8758@example.com,Bengaluru,Karnataka,2026-02-26,Consumer
C08759,Customer 8759,customer8759@example.com,Kolkata,West Bengal,2025-06-01,Small Business
C08760,Customer 8760,customer8760@example.com,Chennai,Tamil Nadu,2026-05-26,Consumer
C08761,Customer 8761,customer8761@example.com,Hyderabad,Telangana,2025-04-28,Consumer
C08762,Customer 8762,customer8762@example.com,Jaipur,Rajasthan,2024-12-11,Corporate
C08763,Customer 8763,customer8763@example.com,Delhi,Delhi,2024-05-20,Small Business
C08764,Customer 8764,customer8764@example.com,Delhi,Delhi,2025-04-04,Corporate
C08765,Customer 8765,customer8765@example.com,Hyderabad,Telangana,2026-04-06,Consumer
C08766,Customer 8766,customer8766@example.com,Mumbai,Maharashtra,2024-08-27,Small Business
C08767,Customer 8767,customer8767@example.com,Hyderabad,Telangana,2026-02-22,Small Business
C08768,Customer 8768,customer8768@example.com,Kolkata,West Bengal,2025-06-02,Consumer
C08769,Customer 8769,customer8769@example.com,Hyderabad,Telangana,2025-01-05,Corporate
C08770,Customer 8770,customer8770@example.com,Mumbai,Maharashtra,2025-01-20,Small Business
C08771,Customer 8771,customer8771@example.com,Panipat,Haryana,2026-02-19,Small Business
C08772,Customer 8772,customer8772@example.com,Ahmedabad,Gujarat,2025-04-17,Consumer
C08773,Customer 8773,customer8773@example.com,Pune,Maharashtra,2026-01-21,Corporate
C08774,Customer 8774,customer8774@example.com,Panipat,Haryana,2024-06-06,Corporate
C08775,Customer 8775,customer8775@example.com,Bengaluru,Karnataka,2025-03-21,Small Business
C08776,Customer 8776,customer8776@example.com,Hyderabad,Telangana,2026-03-01,Corporate
C08777,Customer 8777,customer8777@example.com,Chennai,Tamil Nadu,2026-03-02,Corporate
C08778,Customer 8778,customer8778@example.com,Kolkata,West Bengal,2024-05-24,Consumer
C08779,Customer 8779,customer8779@example.com,Hyderabad,Telangana,2024-03-07,Corporate
C08780,Customer 8780,customer8780@example.com,Delhi,Delhi,2024-01-28,Corporate
C08781,Customer 8781,customer8781@example.com,Pune,Maharashtra,2024-03-03,Small Business
C08782,Customer 8782,customer8782@example.com,Kolkata,West Bengal,2024-05-05,Corporate
C08783,Customer 8783,customer8783@example.com,Chennai,Tamil Nadu,2026-04-04,Corporate
C08784,Customer 8784,customer8784@example.com,Kolkata,West Bengal,2025-06-28,Small Business
C08785,Customer 8785,customer8785@example.com,Pune,Maharashtra,2025-05-07,Small Business
C08786,Customer 8786,customer8786@example.com,Panipat,Haryana,2024-08-09,Consumer
C08787,Customer 8787,customer8787@example.com,Kolkata,West Bengal,2024-11-21,Corporate
C08788,Customer 8788,customer8788@example.com,Pune,Maharashtra,2025-06-26,Consumer
C08789,Customer 8789,customer8789@example.com,Mumbai,Maharashtra,2025-03-28,Corporate
C08790,Customer 8790,invalid-email-8789,Delhi,Delhi,2026-05-10,Corporate
C08791,Customer 8791,customer8791@example.com,Jaipur,Rajasthan,2026-05-16,Corporate
C08792,Customer 8792,customer8792@example.com,Kolkata,West Bengal,2025-11-18,Consumer
C08793,Customer 8793,customer8793@example.com,Chennai,Tamil Nadu,2024-02-21,Consumer
C08794,Customer 8794,customer8794@example.com,Ahmedabad,Gujarat,2024-06-25,Corporate
C08795,Customer 8795,customer8795@example.com,Bengaluru,Karnataka,2026-02-28,Corporate
C08796,Customer 8796,customer8796@example.com,Jaipur,Rajasthan,2025-02-16,Consumer
C08797,Customer 8797,customer8797@example.com,Kolkata,West Bengal,2024-07-09,Small Business
C08798,Customer 8798,customer8798@example.com,Jaipur,Rajasthan,2026-05-03,Corporate
C08799,Customer 8799,customer8799@example.com,Panipat,Haryana,2025-04-04,Corporate
C08800,Customer 8800,customer8800@example.com,Chennai,Tamil Nadu,2024-09-13,Consumer
C08801,Customer 8801,customer8801@example.com,Panipat,Haryana,2025-04-01,Small Business
C08802,Customer 8802,customer8802@example.com,Chennai,Tamil Nadu,2025-11-30,Consumer
C08803,Customer 8803,customer8803@example.com,Mumbai,Maharashtra,2025-05-04,Consumer
C08804,Customer 8804,customer8804@example.com,Pune,Maharashtra,2024-12-12,Consumer
C08805,Customer 8805,customer8805@example.com,Jaipur,Rajasthan,2025-02-14,Corporate
C08806,Customer 8806,customer8806@example.com,Chennai,Tamil Nadu,2025-12-09,Consumer
C08807,Customer 8807,customer8807@example.com,Hyderabad,Telangana,2025-09-10,Consumer
C08808,Customer 8808,customer8808@example.com,Pune,Maharashtra,2025-06-25,Corporate
C08809,Customer 8809,customer8809@example.com,Jaipur,Rajasthan,2026-05-05,Corporate
C08810,Customer 8810,customer8810@example.com,Ahmedabad,Gujarat,2024-02-23,Corporate
C08811,Customer 8811,customer8811@example.com,Panipat,Haryana,2026-03-27,Corporate
C08812,Customer 8812,customer8812@example.com,Jaipur,Rajasthan,2025-06-19,Corporate
C08813,Customer 8813,customer8813@example.com,Ahmedabad,Gujarat,2025-11-26,Consumer
C08814,Customer 8814,customer8814@example.com,Mumbai,Maharashtra,2024-02-28,Small Business
C08815,Customer 8815,,Hyderabad,Telangana,2026-03-09,Corporate
C08816,Customer 8816,customer8816@example.com,Pune,Maharashtra,2024-09-22,Consumer
C08817,Customer 8817,customer8817@example.com,Hyderabad,Telangana,2026-03-18,Consumer
C08818,Customer 8818,customer8818@example.com,Jaipur,Rajasthan,2026-05-04,Small Business
C08819,Customer 8819,customer8819@example.com,Mumbai,Maharashtra,2025-04-30,Consumer
C08820,Customer 8820,customer8820@example.com,Ahmedabad,Gujarat,2025-03-04,Small Business
C08821,Customer 8821,customer8821@example.com,Delhi,Delhi,2024-12-01,Small Business
C08822,Customer 8822,invalid-email-8821,Kolkata,West Bengal,2025-03-15,Corporate
C08823,Customer 8823,customer8823@example.com,Panipat,Haryana,2024-11-17,Consumer
C08824,Customer 8824,customer8824@example.com,Hyderabad,Telangana,2025-02-25,Corporate
C08825,Customer 8825,customer8825@example.com,Panipat,Haryana,2026-01-24,Corporate
C08826,Customer 8826,customer8826@example.com,Jaipur,Rajasthan,2025-09-01,Corporate
C08827,Customer 8827,customer8827@example.com,Kolkata,West Bengal,2025-12-28,Corporate
C08828,Customer 8828,customer8828@example.com,Hyderabad,Telangana,2024-09-17,Consumer
C08829,Customer 8829,,Chennai,Tamil Nadu,2026-05-20,
C08830,Customer 8830,customer8830@example.com,Ahmedabad,Gujarat,2025-12-22,Consumer
C08831,Customer 8831,customer8831@example.com,Pune,Maharashtra,2026-05-01,Small Business
C08832,Customer 8832,customer8832@example.com,Bengaluru,Karnataka,2024-05-30,Consumer
C08833,Customer 8833,customer8833@example.com,Kolkata,West Bengal,2024-08-03,Corporate
C08834,Customer 8834,customer8834@example.com,Mumbai,Maharashtra,2025-04-11,Small Business
C08835,Customer 8835,customer8835@example.com,Pune,Maharashtra,2024-07-03,Consumer
C08836,Customer 8836,customer8836@example.com,Mumbai,Maharashtra,2024-06-28,Small Business
C08837,Customer 8837,customer8837@example.com,Mumbai,Maharashtra,2025-05-08,Consumer
C08838,Customer 8838,customer8838@example.com,Delhi,Delhi,2026-02-18,Consumer
C08839,Customer 8839,customer8839@example.com,Kolkata,West Bengal,2026-04-30,Corporate
C08840,Customer 8840,customer8840@example.com,Kolkata,West Bengal,2025-03-12,Small Business
C08841,Customer 8841,customer8841@example.com,Delhi,Delhi,2025-05-18,Consumer
C08842,Customer 8842,customer8842@example.com,Chennai,Tamil Nadu,2024-06-17,
C08843,Customer 8843,customer8843@example.com,Bengaluru,Karnataka,2024-06-10,Small Business
C08844,Customer 8844,customer8844@example.com,Jaipur,Rajasthan,2025-01-15,Consumer
C08845,Customer 8845,customer8845@example.com,Bengaluru,Karnataka,2024-10-01,Small Business
C08846,Customer 8846,customer8846@example.com,Chennai,Tamil Nadu,2025-08-13,Small Business
C08847,Customer 8847,customer8847@example.com,Pune,Maharashtra,2024-02-03,Corporate
C08848,Customer 8848,customer8848@example.com,Mumbai,Maharashtra,2024-04-16,Corporate
C08849,Customer 8849,customer8849@example.com,Ahmedabad,Gujarat,2024-01-09,Consumer
C08850,Customer 8850,customer8850@example.com,Ahmedabad,Gujarat,2026-05-27,Consumer
C08851,Customer 8851,customer8851@example.com,Mumbai,Maharashtra,2024-01-31,Consumer
C08852,Customer 8852,customer8852@example.com,Chennai,Tamil Nadu,2025-08-05,Small Business
C08853,Customer 8853,customer8853@example.com,Panipat,Haryana,2024-04-07,Corporate
C08854,Customer 8854,customer8854@example.com,Mumbai,Maharashtra,2025-11-25,Corporate
C08855,Customer 8855,customer8855@example.com,Bengaluru,Karnataka,2025-05-22,Consumer
C08856,Customer 8856,customer8856@example.com,PANIPAT,Haryana,2025-03-08,Small Business
C08857,Customer 8857,customer8857@example.com,Panipat,Haryana,2026-06-08,Consumer
C08858,Customer 8858,customer8858@example.com,Kolkata,West Bengal,2025-04-20,Consumer
C08859,Customer 8859,customer8859@example.com,Pune,Maharashtra,2026-04-05,Consumer
C08860,Customer 8860,customer8860@example.com,Chennai,Tamil Nadu,2024-07-17,Corporate
C08861,Customer 8861,customer8861@example.com,Panipat,Haryana,2024-12-16,Small Business
C08862,Customer 8862,customer8862@example.com,Panipat,Haryana,2024-02-03,Corporate
C08863,Customer 8863,customer8863@example.com,Ahmedabad,Gujarat,2024-07-22,Consumer
C08864,Customer 8864,customer8864@example.com,Mumbai,Maharashtra,2025-02-27,Corporate
C08865,Customer 8865,customer8865@example.com,Mumbai,Maharashtra,2024-09-16,Corporate
C08866,Customer 8866,customer8866@example.com,Chennai,Tamil Nadu,2025-08-14,Consumer
C08867,Customer 8867,customer8867@example.com,Delhi,Delhi,2026-06-02,Corporate
C08868,Customer 8868,customer8868@example.com,Mumbai,Maharashtra,2025-07-30,Corporate
C08869,Customer 8869,customer8869@example.com,Kolkata,West Bengal,2025-03-19,Consumer
C08870,Customer 8870,customer8870@example.com,Jaipur,Rajasthan,2024-01-06,Small Business
C08871,Customer 8871,customer8871@example.com,Pune,Maharashtra,2025-07-30,Consumer
C08872,Customer 8872,customer8872@example.com,Chennai,Tamil Nadu,2026-02-13,Corporate
C08873,Customer 8873,customer8873@example.com,Bengaluru,Karnataka,2024-03-03,Consumer
C08874,Customer 8874,customer8874@example.com,Hyderabad,Telangana,2025-09-22,Small Business
C08875,Customer 8875,customer8875@example.com,Ahmedabad,Gujarat,2026-04-17,Small Business
C08876,Customer 8876,customer8876@example.com,Hyderabad,Telangana,2024-04-21,Small Business
C08877,Customer 8877,customer8877@example.com,Ahmedabad,Gujarat,2024-08-12,Small Business
C08878,Customer 8878,customer8878@example.com,Ahmedabad,Gujarat,2024-08-18,Consumer
C08879,Customer 8879,customer8879@example.com,Kolkata,West Bengal,2025-12-18,Consumer
C08880,Customer 8880,customer8880@example.com,Kolkata,West Bengal,2024-07-03,Small Business
C08881,Customer 8881,customer8881@example.com,Delhi,Delhi,2024-06-12,Small Business
C08882,Customer 8882,customer8882@example.com,Delhi,Delhi,2026-04-21,Corporate
C08883,Customer 8883,customer8883@example.com,Pune,Maharashtra,2024-12-22,Small Business
C08884,Customer 8884,customer8884@example.com,Panipat,Haryana,2024-11-01,Small Business
C08885,Customer 8885,customer8885@example.com,Chennai,Tamil Nadu,2024-03-01,Consumer
C08886,Customer 8886,customer8886@example.com,Chennai,Tamil Nadu,2026-01-05,Corporate
C08887,Customer 8887,customer8887@example.com,Kolkata,West Bengal,2025-02-08,Small Business
C08888,Customer 8888,customer8888@example.com,Hyderabad,Telangana,2026-04-23,Consumer
C08889,Customer 8889,customer8889@example.com,Kolkata,West Bengal,2026-06-02,Consumer
C08890,Customer 8890,customer8890@example.com,Jaipur,Rajasthan,2025-10-21,Corporate
C08891,Customer 8891,customer8891@example.com,Hyderabad,Telangana,2024-07-29,Small Business
C08892,Customer 8892,customer8892@example.com,Kolkata,West Bengal,2024-09-28,Small Business
C08893,Customer 8893,customer8893@example.com,Ahmedabad,Gujarat,2025-01-17,Consumer
C08894,Customer 8894,customer8894@example.com,Kolkata,West Bengal,2026-01-10,Consumer
C08895,Customer 8895,customer8895@example.com,Jaipur,Rajasthan,2026-05-29,Small Business
C08896,Customer 8896,customer8896@example.com,Chennai,Tamil Nadu,2024-11-04,Consumer
C08897,Customer 8897,customer8897@example.com,Chennai,Tamil Nadu,2026-02-05,Corporate
C08898,Customer 8898,customer8898@example.com,Hyderabad,Telangana,2026-02-10,Corporate
C08899,Customer 8899,customer8899@example.com,Panipat,Haryana,2024-06-22,Consumer
C08900,Customer 8900,customer8900@example.com,Jaipur,Rajasthan,2024-01-11,Small Business
C08901,Customer 8901,customer8901@example.com,Delhi,Delhi,2025-08-01,Consumer
C08902,Customer 8902,customer8902@example.com,Ahmedabad,Gujarat,2024-02-17,Consumer
C08903,Customer 8903,customer8903@example.com,Mumbai,Maharashtra,2026-03-01,Consumer
C08904,Customer 8904,customer8904@example.com,Hyderabad,Telangana,2026-03-06,Corporate
C08905,Customer 8905,customer8905@example.com,Pune,Maharashtra,2025-09-26,Consumer
C08906,Customer 8906,customer8906@example.com,Bengaluru,Karnataka,2024-09-22,Small Business
C08907,Customer 8907,customer8907@example.com,Ahmedabad,Gujarat,2024-02-05,Small Business
C08908,Customer 8908,customer8908@example.com,Pune,Maharashtra,2024-06-26,Consumer
C08909,Customer 8909,customer8909@example.com,Hyderabad,Telangana,2024-07-16,Consumer
C08910,Customer 8910,customer8910@example.com,Pune,Maharashtra,2024-06-26,Consumer
C08911,Customer 8911,customer8911@example.com,Mumbai,Maharashtra,2024-09-07,Corporate
C08912,Customer 8912,customer8912@example.com,Delhi,Delhi,2024-02-11,Consumer
C08913,Customer 8913,customer8913@example.com,Hyderabad,Telangana,2025-10-29,Corporate
C08914,Customer 8914,customer8914@example.com,Hyderabad,Telangana,2026-05-23,Consumer
C08915,Customer 8915,customer8915@example.com,Delhi,Delhi,2025-09-25,Small Business
C08916,Customer 8916,customer8916@example.com,Pune,Maharashtra,2024-12-11,Corporate
C08917,Customer 8917,customer8917@example.com,Hyderabad,Telangana,2026-03-26,Small Business
C08918,Customer 8918,customer8918@example.com,Panipat,Haryana,2024-08-19,Corporate
C08919,Customer 8919,customer8919@example.com,Ahmedabad,Gujarat,2025-05-31,Small Business
C08920,Customer 8920,customer8920@example.com,Jaipur,Rajasthan,2024-10-18,Small Business
C08921,Customer 8921,customer8921@example.com,Pune,Maharashtra,2025-09-30,Consumer
C08922,Customer 8922,customer8922@example.com,Pune,Maharashtra,2024-07-16,Consumer
C08923,Customer 8923,customer8923@example.com,Bengaluru,Karnataka,2026-05-20,Consumer
C08924,Customer 8924,customer8924@example.com,Chennai,Tamil Nadu,2024-06-16,Small Business
C08925,Customer 8925,customer8925@example.com,Chennai,Tamil Nadu,2024-05-15,Consumer
C08926,Customer 8926,customer8926@example.com,Jaipur,Rajasthan,2024-01-28,Corporate
C08927,Customer 8927,customer8927@example.com,Ahmedabad,Gujarat,2026-02-03,Small Business
C08928,Customer 8928,customer8928@example.com,Jaipur,Rajasthan,2025-10-22,Consumer
C08929,Customer 8929,customer8929@example.com,Delhi,Delhi,2024-05-09,Corporate
C08930,Customer 8930,customer8930@example.com,Bengaluru,Karnataka,2024-04-02,Consumer
C08931,Customer 8931,customer8931@example.com,Ahmedabad,Gujarat,2024-02-28,Corporate
C08932,Customer 8932,customer8932@example.com,Hyderabad,Telangana,2026-02-08,Small Business
C08933,Customer 8933,customer8933@example.com,Chennai,Tamil Nadu,2024-11-16,Small Business
C08934,Customer 8934,customer8934@example.com,Ahmedabad,Gujarat,2025-09-21,Consumer
C08935,Customer 8935,customer8935@example.com,Panipat,Haryana,2024-04-30,Consumer
C08936,Customer 8936,customer8936@example.com,Pune,Maharashtra,2025-05-23,Corporate
C08937,Customer 8937,customer8937@example.com,Pune,Maharashtra,2024-03-18,Corporate
C08938,Customer 8938,customer8938@example.com,Kolkata,West Bengal,2024-11-12,Small Business
C08939,Customer 8939,customer8939@example.com,Hyderabad,Telangana,2024-10-11,Consumer
C08940,Customer 8940,customer8940@example.com,Delhi,Delhi,2024-01-16,Corporate
C08941,Customer 8941,customer8941@example.com,Mumbai,Maharashtra,2025-09-01,Corporate
C08942,Customer 8942,customer8942@example.com,Delhi,Delhi,2025-08-02,Consumer
C08943,Customer 8943,customer8943@example.com,Kolkata,West Bengal,2024-12-16,Small Business
C08944,Customer 8944,customer8944@example.com,Delhi,Delhi,2025-08-23,Consumer
C08945,Customer 8945,customer8945@example.com,Mumbai,Maharashtra,2025-02-09,Corporate
C08946,Customer 8946,customer8946@example.com,Delhi,Delhi,2025-12-20,Consumer
C08947,Customer 8947,customer8947@example.com,Delhi,Delhi,2025-05-08,Corporate
C08948,Customer 8948,customer8948@example.com,Pune,Maharashtra,2026-01-09,Corporate
C08949,Customer 8949,customer8949@example.com,Mumbai,Maharashtra,2025-03-09,Corporate
C08950,Customer 8950,customer8950@example.com,Kolkata,West Bengal,2024-11-22,Consumer
C08951,Customer 8951,customer8951@example.com,Jaipur,Rajasthan,2025-10-06,Corporate
C08952,Customer 8952,customer8952@example.com,Bengaluru,Karnataka,2025-01-27,Consumer
C08953,Customer 8953,customer8953@example.com,Mumbai,Maharashtra,2025-12-19,Consumer
C08954,Customer 8954,customer8954@example.com,Ahmedabad,Gujarat,2025-03-11,Consumer
C08955,Customer 8955,customer8955@example.com,Kolkata,West Bengal,2026-04-08,Consumer
C08956,Customer 8956,customer8956@example.com,Panipat,Haryana,2024-01-05,Small Business
C08957,Customer 8957,customer8957@example.com,Ahmedabad,Gujarat,2024-06-11,
C08958,Customer 8958,customer8958@example.com,Jaipur,Rajasthan,2024-10-02,Corporate
C08959,Customer 8959,customer8959@example.com,Mumbai,Maharashtra,2024-10-03,Consumer
C08960,Customer 8960,customer8960@example.com,Pune,Maharashtra,2024-06-19,Small Business
C08961,Customer 8961,customer8961@example.com,Delhi,Delhi,2024-03-05,Corporate
C08962,Customer 8962,customer8962@example.com,Pune,Maharashtra,2026-05-30,Corporate
C08963,Customer 8963,customer8963@example.com,Hyderabad,Telangana,2024-01-11,Corporate
C08964,Customer 8964,customer8964@example.com,Delhi,Delhi,2024-10-04,Consumer
C08965,Customer 8965,customer8965@example.com,Mumbai,Maharashtra,2024-04-12,Small Business
C08966,Customer 8966,customer8966@example.com,Delhi,Delhi,2024-11-02,Consumer
C08967,Customer 8967,customer8967@example.com,Panipat,Haryana,2025-06-13,Corporate
C08968,Customer 8968,customer8968@example.com,Kolkata,West Bengal,2025-08-28,Corporate
C08969,Customer 8969,customer8969@example.com,Mumbai,Maharashtra,2024-09-24,Corporate
C08970,Customer 8970,customer8970@example.com,Ahmedabad,Gujarat,2024-05-09,Corporate
C08971,Customer 8971,customer8971@example.com,Bengaluru,Karnataka,2026-05-30,Consumer
C08972,Customer 8972,customer8972@example.com,Mumbai,Maharashtra,2024-04-05,Small Business
C08973,Customer 8973,customer8973@example.com,Jaipur,Rajasthan,2024-08-29,Small Business
C08974,Customer 8974,customer8974@example.com,Bengaluru,Karnataka,2025-10-05,Small Business
C08975,Customer 8975,customer8975@example.com,Hyderabad,Telangana,2025-12-18,Small Business
C08976,Customer 8976,customer8976@example.com,Delhi,Delhi,2025-08-27,Consumer
C08977,Customer 8977,customer8977@example.com,Panipat,Haryana,2024-11-05,Small Business
C08978,Customer 8978,customer8978@example.com,Kolkata,West Bengal,2025-05-19,Consumer
C08979,Customer 8979,customer8979@example.com,Chennai,Tamil Nadu,2025-05-19,Small Business
C08980,Customer 8980,customer8980@example.com,Chennai,Tamil Nadu,2026-04-29,Small Business
C08981,Customer 8981,customer8981@example.com,Pune,Maharashtra,2024-08-01,Consumer
C08982,Customer 8982,customer8982@example.com,Mumbai,Maharashtra,2025-08-26,Small Business
C08983,Customer 8983,customer8983@example.com,Jaipur,Rajasthan,2025-03-16,Corporate
C08984,Customer 8984,customer8984@example.com,Delhi,Delhi,2025-01-01,Small Business
C08985,Customer 8985,customer8985@example.com,Panipat,Haryana,2024-06-18,Corporate
C08986,Customer 8986,customer8986@example.com,Kolkata,West Bengal,2026-01-03,Small Business
C08987,Customer 8987,customer8987@example.com,Bengaluru,Karnataka,2025-03-19,Corporate
C08988,Customer 8988,customer8988@example.com,Panipat,Haryana,2025-06-16,Corporate
C08989,Customer 8989,customer8989@example.com,Jaipur,Rajasthan,2026-03-15,Corporate
C08990,Customer 8990,customer8990@example.com,Jaipur,Rajasthan,2025-06-27,Consumer
C08991,Customer 8991,customer8991@example.com,Jaipur,Rajasthan,2024-06-24,Corporate
C08992,Customer 8992,customer8992@example.com,Chennai,Tamil Nadu,2025-12-28,Corporate
C08993,Customer 8993,customer8993@example.com,Mumbai,Maharashtra,2025-02-18,Consumer
C08994,Customer 8994,customer8994@example.com,Panipat,Haryana,2026-01-27,Small Business
C08995,Customer 8995,customer8995@example.com,Bengaluru,Karnataka,2025-02-11,Corporate
C08996,Customer 8996,customer8996@example.com,Mumbai,Maharashtra,2025-11-05,Small Business
C08997,Customer 8997,customer8997@example.com,Mumbai,Maharashtra,2025-01-06,Corporate
C08998,Customer 8998,customer8998@example.com,Pune,Maharashtra,2026-06-01,Small Business
C08999,Customer 8999,customer8999@example.com,Hyderabad,Telangana,2026-01-24,Corporate
C09000,Customer 9000,customer9000@example.com,Delhi,Delhi,2026-03-15,Small Business
C09001,Customer 9001,customer9001@example.com,Chennai,Tamil Nadu,2024-06-21,Small Business
C09002,Customer 9002,customer9002@example.com,Mumbai,Maharashtra,2024-06-25,Consumer
C09003,Customer 9003,customer9003@example.com,Hyderabad,Telangana,2024-01-09,Consumer
C09004,Customer 9004,customer9004@example.com,Jaipur,Rajasthan,2024-07-06,Corporate
C09005,Customer 9005,customer9005@example.com,Chennai,Tamil Nadu,2024-06-21,Corporate
C09006,Customer 9006,customer9006@example.com,Kolkata,West Bengal,2024-06-25,Small Business
C09007,Customer 9007,customer9007@example.com,Chennai,Tamil Nadu,2024-07-12,Small Business
C09008,Customer 9008,customer9008@example.com,Bengaluru,Karnataka,2024-07-03,Small Business
C09009,Customer 9009,customer9009@example.com,Panipat,Haryana,2024-04-02,Consumer
C09010,Customer 9010,customer9010@example.com,Mumbai,Maharashtra,2024-09-08,Corporate
C09011,Customer 9011,customer9011@example.com,Delhi,Delhi,2024-10-21,Small Business
C09012,Customer 9012,customer9012@example.com,Ahmedabad,Gujarat,2024-06-28,Small Business
C09013,Customer 9013,customer9013@example.com,Panipat,Haryana,2026-03-17,Consumer
C09014,Customer 9014,customer9014@example.com,Ahmedabad,Gujarat,2025-12-20,Small Business
C09015,Customer 9015,customer9015@example.com,Chennai,Tamil Nadu,2025-02-07,Consumer
C09016,Customer 9016,customer9016@example.com,Kolkata,West Bengal,2024-02-10,Consumer
C09017,Customer 9017,customer9017@example.com,Chennai,Tamil Nadu,2025-02-12,Consumer
C09018,Customer 9018,customer9018@example.com,Bengaluru,Karnataka,2026-04-30,Corporate
C09019,Customer 9019,customer9019@example.com,Panipat,Haryana,2025-08-17,Corporate
C09020,Customer 9020,customer9020@example.com,Chennai,Tamil Nadu,2024-07-17,Consumer
C09021,Customer 9021,customer9021@example.com,Delhi,Delhi,2025-05-03,Corporate
C09022,Customer 9022,customer9022@example.com,Panipat,Haryana,2024-01-20,Small Business
C09023,Customer 9023,customer9023@example.com,Pune,Maharashtra,2025-09-21,Consumer
C09024,Customer 9024,customer9024@example.com,Panipat,Haryana,2026-01-25,Consumer
C09025,Customer 9025,customer9025@example.com,Ahmedabad,Gujarat,2024-08-12,Consumer
C09026,Customer 9026,customer9026@example.com,Hyderabad,Telangana,2026-02-20,Consumer
C09027,Customer 9027,customer9027@example.com,Jaipur,Rajasthan,2025-09-26,Consumer
C09028,Customer 9028,customer9028@example.com,Mumbai,Maharashtra,2024-06-13,Corporate
C09029,Customer 9029,customer9029@example.com,Kolkata,West Bengal,2024-04-05,Consumer
C09030,Customer 9030,customer9030@example.com,Ahmedabad,Gujarat,2024-08-15,Corporate
C09031,Customer 9031,customer9031@example.com,Panipat,Haryana,2025-12-12,Consumer
C09032,Customer 9032,customer9032@example.com,Chennai,Tamil Nadu,2024-01-22,Small Business
C09033,Customer 9033,customer9033@example.com,Mumbai,Maharashtra,2025-04-17,Corporate
C09034,Customer 9034,customer9034@example.com,Panipat,Haryana,2024-11-24,Corporate
C09035,Customer 9035,customer9035@example.com,Bengaluru,Karnataka,2025-02-13,Consumer
C09036,Customer 9036,customer9036@example.com,Chennai,Tamil Nadu,2026-04-30,Consumer
C09037,Customer 9037,customer9037@example.com,Kolkata,West Bengal,2025-03-22,Consumer
C09038,Customer 9038,customer9038@example.com,Chennai,Tamil Nadu,2024-10-15,Consumer
C09039,Customer 9039,customer9039@example.com,Jaipur,Rajasthan,2025-12-31,Corporate
C09040,Customer 9040,customer9040@example.com,Panipat,Haryana,2024-01-16,
C09041,Customer 9041,customer9041@example.com,Hyderabad,Telangana,2024-08-21,Corporate
C09042,Customer 9042,customer9042@example.com,Mumbai,Maharashtra,2024-07-23,Corporate
C09043,Customer 9043,customer9043@example.com,Chennai,Tamil Nadu,2024-04-02,Corporate
C09044,Customer 9044,customer9044@example.com,Chennai,Tamil Nadu,2025-11-05,Consumer
C09045,Customer 9045,customer9045@example.com,Pune,Maharashtra,2025-11-20,Consumer
C09046,Customer 9046,customer9046@example.com,Pune,Maharashtra,2026-06-07,Consumer
C09047,Customer 9047,customer9047@example.com,Chennai,Tamil Nadu,2024-04-27,Consumer
C09048,Customer 9048,customer9048@example.com,Ahmedabad,Gujarat,2024-09-22,Corporate
C09049,Customer 9049,customer9049@example.com,Delhi,Delhi,2025-03-21,Corporate
C09050,Customer 9050,customer9050@example.com,Mumbai,Maharashtra,2024-07-23,Small Business
C09051,Customer 9051,customer9051@example.com,Delhi,Delhi,2025-02-02,Corporate
C09052,Customer 9052,customer9052@example.com,Bengaluru,Karnataka,2026-04-16,Corporate
C09053,Customer 9053,customer9053@example.com,Delhi,Delhi,2026-02-05,Consumer
C09054,Customer 9054,customer9054@example.com,Kolkata,West Bengal,2024-07-01,Corporate
C09055,Customer 9055,,Kolkata,West Bengal,2025-11-05,Corporate
C09056,Customer 9056,customer9056@example.com,Jaipur,Rajasthan,2025-01-05,Corporate
C09057,Customer 9057,customer9057@example.com,Chennai,Tamil Nadu,2026-02-09,Consumer
C09058,Customer 9058,customer9058@example.com,Chennai,Tamil Nadu,2026-05-29,Small Business
C09059,Customer 9059,customer9059@example.com,Pune,Maharashtra,2026-03-20,Corporate
C09060,Customer 9060,customer9060@example.com,Ahmedabad,Gujarat,2024-10-26,Consumer
C09061,Customer 9061,customer9061@example.com,Ahmedabad,Gujarat,2024-02-16,Corporate
C09062,Customer 9062,customer9062@example.com,Chennai,Tamil Nadu,2026-04-08,Consumer
C09063,Customer 9063,,Kolkata,West Bengal,2024-12-01,Corporate
C09064,Customer 9064,customer9064@example.com,Delhi,Delhi,2025-06-07,Small Business
C09065,Customer 9065,customer9065@example.com,Kolkata,West Bengal,2024-01-21,Consumer
C09066,Customer 9066,customer9066@example.com,Kolkata,West Bengal,2025-09-26,Small Business
C09067,Customer 9067,customer9067@example.com,Ahmedabad,Gujarat,2024-07-12,Consumer
C09068,Customer 9068,customer9068@example.com,Bengaluru,Karnataka,2025-12-15,Consumer
C09069,Customer 9069,customer9069@example.com,Panipat,Haryana,2024-06-21,Corporate
C09070,Customer 9070,customer9070@example.com,Jaipur,Rajasthan,2024-08-12,Corporate
C09071,Customer 9071,customer9071@example.com,Bengaluru,Karnataka,2024-09-30,Corporate
C09072,Customer 9072,customer9072@example.com,Delhi,Delhi,2026-02-26,Corporate
C09073,Customer 9073,customer9073@example.com,Mumbai,Maharashtra,2024-08-12,Corporate
C09074,Customer 9074,customer9074@example.com,Hyderabad,Telangana,2025-03-14,Corporate
C09075,Customer 9075,customer9075@example.com,Pune,Maharashtra,2025-05-28,Corporate
C09076,Customer 9076,customer9076@example.com,Ahmedabad,Gujarat,2024-09-18,Corporate
C09077,Customer 9077,customer9077@example.com,Ahmedabad,Gujarat,2026-02-18,Consumer
C09078,Customer 9078,customer9078@example.com,Mumbai,Maharashtra,2025-01-02,Corporate
C09079,Customer 9079,customer9079@example.com,Jaipur,Rajasthan,2025-01-13,Small Business
C09080,Customer 9080,customer9080@example.com,Pune,Maharashtra,2025-01-22,Consumer
C09081,Customer 9081,customer9081@example.com,Chennai,Tamil Nadu,2025-07-26,Small Business
C09082,Customer 9082,customer9082@example.com,Panipat,Haryana,2024-10-14,Small Business
C09083,Customer 9083,customer9083@example.com,Kolkata,West Bengal,2024-06-26,Consumer
C09084,Customer 9084,customer9084@example.com,Jaipur,Rajasthan,2025-03-20,Small Business
C09085,Customer 9085,customer9085@example.com,Bengaluru,Karnataka,2024-03-05,Small Business
C09086,Customer 9086,customer9086@example.com,Panipat,Haryana,2024-01-04,Small Business
C09087,Customer 9087,customer9087@example.com,Hyderabad,Telangana,2024-08-20,Small Business
C09088,Customer 9088,customer9088@example.com,Hyderabad,Telangana,2025-10-02,Corporate
C09089,Customer 9089,customer9089@example.com,Kolkata,West Bengal,2026-01-29,Corporate
C09090,Customer 9090,customer9090@example.com,Mumbai,Maharashtra,2024-04-03,Corporate
C09091,Customer 9091,customer9091@example.com,Bengaluru,Karnataka,2024-08-28,Corporate
C09092,Customer 9092,customer9092@example.com,Ahmedabad,Gujarat,2025-09-09,Consumer
C09093,Customer 9093,invalid-email-9092,Panipat,Haryana,2025-08-18,Consumer
C09094,Customer 9094,customer9094@example.com,Kolkata,West Bengal,2025-06-30,Consumer
C09095,Customer 9095,customer9095@example.com,Bengaluru,Karnataka,2025-11-19,Corporate
C09096,Customer 9096,customer9096@example.com,Panipat,Haryana,2024-11-08,Corporate
C09097,Customer 9097,customer9097@example.com,Chennai,Tamil Nadu,2026-01-24,Consumer
C09098,Customer 9098,customer9098@example.com,Bengaluru,Karnataka,2024-08-15,Corporate
C09099,Customer 9099,customer9099@example.com,Jaipur,Rajasthan,2025-06-19,Corporate
C09100,Customer 9100,customer9100@example.com,Bengaluru,Karnataka,2024-08-05,Corporate
C09101,Customer 9101,customer9101@example.com,Panipat,Haryana,2025-02-09,Small Business
C09102,Customer 9102,customer9102@example.com,Chennai,Tamil Nadu,2024-03-25,Small Business
C09103,Customer 9103,customer9103@example.com,Kolkata,West Bengal,2026-05-13,Small Business
C09104,Customer 9104,customer9104@example.com,Hyderabad,Telangana,2026-06-18,Corporate
C09105,Customer 9105,customer9105@example.com,Bengaluru,Karnataka,2025-02-28,Corporate
C09106,Customer 9106,customer9106@example.com,Mumbai,Maharashtra,2025-11-26,Corporate
C09107,Customer 9107,customer9107@example.com,Pune,Maharashtra,2025-02-17,Small Business
C09108,Customer 9108,customer9108@example.com,Delhi,Delhi,2025-01-11,Small Business
C09109,Customer 9109,customer9109@example.com,Bengaluru,Karnataka,2025-12-11,Consumer
C09110,Customer 9110,customer9110@example.com,Jaipur,Rajasthan,2025-01-16,Small Business
C09111,Customer 9111,customer9111@example.com,Ahmedabad,Gujarat,2025-08-07,Consumer
C09112,Customer 9112,customer9112@example.com,Panipat,Haryana,2024-06-01,Corporate
C09113,Customer 9113,customer9113@example.com,Kolkata,West Bengal,2025-12-13,Consumer
C09114,Customer 9114,customer9114@example.com,Ahmedabad,Gujarat,2026-05-13,Consumer
C09115,Customer 9115,customer9115@example.com,Panipat,Haryana,2026-03-06,Small Business
C09116,Customer 9116,customer9116@example.com,Bengaluru,Karnataka,2024-12-08,Consumer
C09117,Customer 9117,customer9117@example.com,Kolkata,West Bengal,2025-10-27,Small Business
C09118,Customer 9118,customer9118@example.com,CHENNAI,Tamil Nadu,2024-01-21,Corporate
C09119,Customer 9119,customer9119@example.com,Pune,Maharashtra,2025-01-07,Corporate
C09120,Customer 9120,customer9120@example.com,Chennai,Tamil Nadu,2024-02-04,Corporate
C09121,Customer 9121,customer9121@example.com,Panipat,Haryana,2024-08-21,Small Business
C09122,Customer 9122,customer9122@example.com,Pune,Maharashtra,2025-03-30,Corporate
C09123,Customer 9123,customer9123@example.com,Chennai,Tamil Nadu,2025-08-29,Small Business
C09124,Customer 9124,customer9124@example.com,Pune,Maharashtra,2024-08-04,Consumer
C09125,Customer 9125,customer9125@example.com,Chennai,Tamil Nadu,2025-05-09,Small Business
C09126,Customer 9126,customer9126@example.com,Kolkata,West Bengal,2025-11-12,Consumer
C09127,Customer 9127,customer9127@example.com,Panipat,Haryana,2026-04-17,Corporate
C09128,Customer 9128,customer9128@example.com,Kolkata,West Bengal,2025-12-18,Consumer
C09129,Customer 9129,customer9129@example.com,Jaipur,Rajasthan,2024-05-18,Consumer
C09130,Customer 9130,,Mumbai,Maharashtra,2025-03-06,Corporate
C09131,Customer 9131,customer9131@example.com,Kolkata,West Bengal,2025-08-11,Small Business
C09132,Customer 9132,customer9132@example.com,Bengaluru,Karnataka,2026-03-05,Consumer
C09133,Customer 9133,customer9133@example.com,Ahmedabad,Gujarat,2024-01-17,Small Business
C09134,Customer 9134,customer9134@example.com,Kolkata,West Bengal,2025-06-04,Small Business
C09135,Customer 9135,customer9135@example.com,Jaipur,Rajasthan,2025-03-17,Corporate
C09136,Customer 9136,customer9136@example.com,Pune,Maharashtra,2025-05-29,Corporate
C09137,Customer 9137,customer9137@example.com,Ahmedabad,Gujarat,2026-04-07,Consumer
C09138,Customer 9138,customer9138@example.com,Chennai,Tamil Nadu,2025-04-27,Consumer
C09139,Customer 9139,customer9139@example.com,Ahmedabad,Gujarat,2025-02-28,Consumer
C09140,Customer 9140,customer9140@example.com,Bengaluru,Karnataka,2025-11-27,Consumer
C09141,Customer 9141,customer9141@example.com,Jaipur,Rajasthan,2025-12-11,Small Business
C09142,Customer 9142,customer9142@example.com,Jaipur,Rajasthan,2026-02-13,Corporate
C09143,Customer 9143,customer9143@example.com,Chennai,Tamil Nadu,2024-01-25,Small Business
C09144,Customer 9144,customer9144@example.com,Hyderabad,Telangana,2026-03-28,Small Business
C09145,Customer 9145,customer9145@example.com,Hyderabad,Telangana,2026-05-18,Consumer
C09146,Customer 9146,customer9146@example.com,Bengaluru,Karnataka,2025-08-07,Consumer
C09147,Customer 9147,customer9147@example.com,Mumbai,Maharashtra,2026-04-28,Consumer
C09148,Customer 9148,customer9148@example.com,Kolkata,West Bengal,2024-03-01,Corporate
C09149,Customer 9149,customer9149@example.com,Jaipur,Rajasthan,2025-03-08,Small Business
C09150,Customer 9150,customer9150@example.com,Delhi,Delhi,2025-07-12,Corporate
C09151,Customer 9151,,Kolkata,West Bengal,2024-01-31,Corporate
C09152,Customer 9152,customer9152@example.com,Chennai,Tamil Nadu,2024-07-29,Consumer
C09153,Customer 9153,customer9153@example.com,Panipat,Haryana,2026-02-19,Consumer
C09154,Customer 9154,customer9154@example.com,Chennai,Tamil Nadu,2026-02-20,Consumer
C09155,Customer 9155,customer9155@example.com,Ahmedabad,Gujarat,2025-11-23,Consumer
C09156,Customer 9156,customer9156@example.com,Kolkata,West Bengal,2024-07-15,Small Business
C09157,Customer 9157,customer9157@example.com,Ahmedabad,Gujarat,2024-06-30,Small Business
C09158,Customer 9158,customer9158@example.com,Ahmedabad,Gujarat,2024-03-23,Small Business
C09159,Customer 9159,customer9159@example.com,Ahmedabad,Gujarat,2026-04-15,Small Business
C09160,Customer 9160,customer9160@example.com,Mumbai,Maharashtra,2025-05-17,Consumer
C09161,Customer 9161,customer9161@example.com,Jaipur,Rajasthan,2024-06-06,Corporate
C09162,Customer 9162,customer9162@example.com,Hyderabad,Telangana,2026-02-26,Consumer
C09163,Customer 9163,customer9163@example.com,Pune,Maharashtra,2025-04-19,Consumer
C09164,Customer 9164,customer9164@example.com,Kolkata,West Bengal,2026-01-25,Consumer
C09165,Customer 9165,customer9165@example.com,Jaipur,Rajasthan,2025-03-09,Corporate
C09166,Customer 9166,customer9166@example.com,Ahmedabad,Gujarat,2024-09-25,Consumer
C09167,Customer 9167,customer9167@example.com,Chennai,Tamil Nadu,2025-08-24,Corporate
C09168,Customer 9168,customer9168@example.com,Mumbai,Maharashtra,2024-01-31,Consumer
C09169,Customer 9169,customer9169@example.com,Ahmedabad,Gujarat,2025-07-02,Small Business
C09170,Customer 9170,customer9170@example.com,Pune,Maharashtra,2024-03-30,Small Business
C09171,Customer 9171,customer9171@example.com,Pune,Maharashtra,2024-11-30,Corporate
C09172,Customer 9172,customer9172@example.com,Ahmedabad,Gujarat,2025-12-09,Consumer
C09173,Customer 9173,customer9173@example.com,Delhi,Delhi,2024-10-16,Corporate
C09174,Customer 9174,customer9174@example.com,Ahmedabad,Gujarat,2025-09-17,Corporate
C09175,Customer 9175,customer9175@example.com,Kolkata,West Bengal,2024-01-28,Corporate
C09176,Customer 9176,customer9176@example.com,Ahmedabad,Gujarat,2024-07-02,Consumer
C09177,Customer 9177,customer9177@example.com,Ahmedabad,Gujarat,2024-12-14,Small Business
C09178,Customer 9178,customer9178@example.com,Kolkata,West Bengal,2024-07-13,Consumer
C09179,Customer 9179,customer9179@example.com,Hyderabad,Telangana,2024-09-21,Small Business
C09180,Customer 9180,customer9180@example.com,Jaipur,Rajasthan,2024-06-15,Corporate
C09181,Customer 9181,customer9181@example.com,Pune,Maharashtra,2025-07-28,Small Business
C09182,Customer 9182,customer9182@example.com,Bengaluru,Karnataka,2025-11-05,Consumer
C09183,Customer 9183,customer9183@example.com,Panipat,Haryana,2025-12-15,Consumer
C09184,Customer 9184,customer9184@example.com,Delhi,Delhi,2025-04-22,Small Business
C09185,Customer 9185,customer9185@example.com,Jaipur,Rajasthan,2024-04-24,Corporate
C09186,Customer 9186,customer9186@example.com,Kolkata,West Bengal,2025-05-29,Consumer
C09187,Customer 9187,customer9187@example.com,Chennai,Tamil Nadu,2025-10-11,Corporate
C09188,Customer 9188,customer9188@example.com,Bengaluru,Karnataka,2025-11-10,Consumer
C09189,Customer 9189,customer9189@example.com,Delhi,Delhi,2024-12-17,Small Business
C09190,Customer 9190,,Jaipur,Rajasthan,2025-08-16,Consumer
C09191,Customer 9191,customer9191@example.com,Delhi,Delhi,2025-01-23,Small Business
C09192,Customer 9192,customer9192@example.com,Bengaluru,Karnataka,2026-03-01,Small Business
C09193,Customer 9193,customer9193@example.com,Mumbai,Maharashtra,2026-05-20,Small Business
C09194,Customer 9194,customer9194@example.com,Jaipur,Rajasthan,2024-04-05,Corporate
C09195,Customer 9195,customer9195@example.com,Panipat,Haryana,2024-07-23,Corporate
C09196,Customer 9196,customer9196@example.com,Panipat,Haryana,2024-04-27,Corporate
C09197,Customer 9197,customer9197@example.com,Panipat,Haryana,2025-09-05,Consumer
C09198,Customer 9198,customer9198@example.com,Chennai,Tamil Nadu,2025-10-07,Corporate
C09199,Customer 9199,customer9199@example.com,Panipat,Haryana,2025-04-01,Consumer
C09200,Customer 9200,customer9200@example.com,Pune,Maharashtra,2024-02-01,Small Business
C09201,Customer 9201,customer9201@example.com,Jaipur,Rajasthan,2024-02-02,Small Business
C09202,Customer 9202,customer9202@example.com,Delhi,Delhi,2025-04-10,Consumer
C09203,Customer 9203,customer9203@example.com,Chennai,Tamil Nadu,2024-06-02,Small Business
C09204,Customer 9204,customer9204@example.com,Mumbai,Maharashtra,2025-09-07,Corporate
C09205,Customer 9205,customer9205@example.com,Jaipur,Rajasthan,2024-06-27,Small Business
C09206,Customer 9206,customer9206@example.com,Bengaluru,Karnataka,2026-05-02,Corporate
C09207,Customer 9207,customer9207@example.com,Jaipur,Rajasthan,2024-11-30,Consumer
C09208,Customer 9208,customer9208@example.com,Panipat,Haryana,2025-04-13,Consumer
C09209,Customer 9209,customer9209@example.com,Jaipur,Rajasthan,2025-06-03,Small Business
C09210,Customer 9210,customer9210@example.com,Ahmedabad,Gujarat,2024-12-13,Small Business
C09211,Customer 9211,customer9211@example.com,Mumbai,Maharashtra,2025-10-18,Small Business
C09212,Customer 9212,customer9212@example.com,Kolkata,West Bengal,2025-10-08,Corporate
C09213,Customer 9213,customer9213@example.com,Delhi,Delhi,2024-03-18,Corporate
C09214,Customer 9214,customer9214@example.com,Jaipur,Rajasthan,2024-01-03,Corporate
C09215,Customer 9215,customer9215@example.com,Ahmedabad,Gujarat,2025-12-02,Consumer
C09216,Customer 9216,customer9216@example.com,Ahmedabad,Gujarat,2025-01-29,Consumer
C09217,Customer 9217,customer9217@example.com,Mumbai,Maharashtra,2026-03-30,Corporate
C09218,Customer 9218,customer9218@example.com,Chennai,Tamil Nadu,2025-02-05,Consumer
C09219,Customer 9219,customer9219@example.com,Panipat,Haryana,2025-07-24,Consumer
C09220,Customer 9220,customer9220@example.com,Jaipur,Rajasthan,2024-05-16,Consumer
C09221,Customer 9221,customer9221@example.com,Pune,Maharashtra,2025-10-01,Consumer
C09222,Customer 9222,customer9222@example.com,Kolkata,West Bengal,2024-02-28,Small Business
C09223,Customer 9223,customer9223@example.com,Mumbai,Maharashtra,2025-03-07,Consumer
C09224,Customer 9224,customer9224@example.com,Bengaluru,Karnataka,2024-10-14,Corporate
C09225,Customer 9225,customer9225@example.com,Pune,Maharashtra,2024-11-29,Small Business
C09226,Customer 9226,customer9226@example.com,Chennai,Tamil Nadu,2025-10-07,Small Business
C09227,Customer 9227,customer9227@example.com,Mumbai,Maharashtra,2025-10-19,Corporate
C09228,Customer 9228,customer9228@example.com,Hyderabad,Telangana,2025-06-18,Small Business
C09229,Customer 9229,customer9229@example.com,Kolkata,West Bengal,2024-01-07,Consumer
C09230,Customer 9230,customer9230@example.com,Mumbai,Maharashtra,2024-01-12,Small Business
C09231,Customer 9231,customer9231@example.com,Bengaluru,Karnataka,2026-04-09,Small Business
C09232,Customer 9232,customer9232@example.com,Mumbai,Maharashtra,2024-11-01,Consumer
C09233,Customer 9233,customer9233@example.com,Hyderabad,Telangana,2024-08-08,Corporate
C09234,Customer 9234,customer9234@example.com,Ahmedabad,Gujarat,2024-01-20,Small Business
C09235,Customer 9235,customer9235@example.com,Delhi,Delhi,2024-06-08,Consumer
C09236,Customer 9236,customer9236@example.com,Kolkata,West Bengal,2025-01-07,Consumer
C09237,Customer 9237,customer9237@example.com,Panipat,Haryana,2024-07-06,Small Business
C09238,Customer 9238,customer9238@example.com,Bengaluru,Karnataka,2025-08-06,Corporate
C09239,Customer 9239,customer9239@example.com,CHENNAI,Tamil Nadu,2026-04-22,Small Business
C09240,Customer 9240,customer9240@example.com,Panipat,Haryana,2024-09-12,Small Business
C09241,Customer 9241,customer9241@example.com,Chennai,Tamil Nadu,2025-10-26,Corporate
C09242,Customer 9242,customer9242@example.com,Panipat,Haryana,2024-05-15,Corporate
C09243,Customer 9243,customer9243@example.com,Pune,Maharashtra,2025-01-19,Corporate
C09244,Customer 9244,customer9244@example.com,Mumbai,Maharashtra,2026-05-14,Small Business
C09245,Customer 9245,customer9245@example.com,Bengaluru,Karnataka,2024-02-13,Corporate
C09246,Customer 9246,customer9246@example.com,Hyderabad,Telangana,2024-08-15,Small Business
C09247,Customer 9247,customer9247@example.com,Chennai,Tamil Nadu,2024-09-18,Small Business
C09248,Customer 9248,customer9248@example.com,Delhi,Delhi,2025-12-17,Small Business
C09249,Customer 9249,customer9249@example.com,Kolkata,West Bengal,2026-03-19,Corporate
C09250,Customer 9250,customer9250@example.com,Bengaluru,Karnataka,2025-11-26,Consumer
C09251,Customer 9251,customer9251@example.com,Pune,Maharashtra,2026-06-13,Corporate
C09252,Customer 9252,customer9252@example.com,Bengaluru,Karnataka,2026-05-10,Small Business
C09253,Customer 9253,invalid-email-9252,Jaipur,Rajasthan,2024-05-30,Consumer
C09254,Customer 9254,customer9254@example.com,Hyderabad,Telangana,2026-06-14,Small Business
C09255,Customer 9255,customer9255@example.com,Ahmedabad,Gujarat,2025-04-07,Corporate
C09256,Customer 9256,customer9256@example.com,Pune,Maharashtra,2025-06-14,Corporate
C09257,Customer 9257,customer9257@example.com,Bengaluru,Karnataka,2025-12-30,Corporate
C09258,Customer 9258,customer9258@example.com,Chennai,Tamil Nadu,2024-06-04,Consumer
C09259,Customer 9259,customer9259@example.com,MUMBAI,Maharashtra,2024-08-24,Corporate
C09260,Customer 9260,customer9260@example.com,Panipat,Haryana,2025-01-25,Corporate
C09261,Customer 9261,customer9261@example.com,Kolkata,West Bengal,2025-09-10,Small Business
C09262,Customer 9262,customer9262@example.com,Jaipur,Rajasthan,2025-02-21,Corporate
C09263,Customer 9263,customer9263@example.com,Ahmedabad,Gujarat,2024-03-16,Consumer
C09264,Customer 9264,customer9264@example.com,Hyderabad,Telangana,2025-08-18,Corporate
C09265,Customer 9265,customer9265@example.com,Ahmedabad,Gujarat,2026-04-16,Corporate
C09266,Customer 9266,customer9266@example.com,Mumbai,Maharashtra,2024-05-18,Small Business
C09267,Customer 9267,customer9267@example.com,Panipat,Haryana,2024-09-19,Consumer
C09268,Customer 9268,customer9268@example.com,Ahmedabad,Gujarat,2025-06-21,Corporate
C09269,Customer 9269,customer9269@example.com,Mumbai,Maharashtra,2024-06-18,Corporate
C09270,Customer 9270,customer9270@example.com,Ahmedabad,Gujarat,2025-09-26,Consumer
C09271,Customer 9271,,Panipat,Haryana,2025-01-28,Corporate
C09272,Customer 9272,customer9272@example.com,Chennai,Tamil Nadu,2024-03-15,Corporate
C09273,Customer 9273,customer9273@example.com,Ahmedabad,Gujarat,2025-08-20,Corporate
C09274,Customer 9274,customer9274@example.com,Mumbai,Maharashtra,2024-07-12,Corporate
C09275,Customer 9275,customer9275@example.com,Chennai,Tamil Nadu,2025-09-16,Small Business
C09276,Customer 9276,customer9276@example.com,Ahmedabad,Gujarat,2025-11-04,Consumer
C09277,Customer 9277,customer9277@example.com,Ahmedabad,Gujarat,2026-01-24,Small Business
C09278,Customer 9278,customer9278@example.com,Jaipur,Rajasthan,2024-09-10,Consumer
C09279,Customer 9279,customer9279@example.com,Hyderabad,Telangana,2026-02-08,Small Business
C09280,Customer 9280,customer9280@example.com,Kolkata,West Bengal,2026-06-04,Corporate
C09281,Customer 9281,customer9281@example.com,Jaipur,Rajasthan,2025-06-11,Corporate
C09282,Customer 9282,customer9282@example.com,Kolkata,West Bengal,2025-04-06,Small Business
C09283,Customer 9283,customer9283@example.com,Mumbai,Maharashtra,2025-01-16,Corporate
C09284,Customer 9284,customer9284@example.com,Panipat,Haryana,2024-11-04,Consumer
C09285,Customer 9285,customer9285@example.com,Pune,Maharashtra,2024-09-17,Small Business
C09286,Customer 9286,customer9286@example.com,Mumbai,Maharashtra,2024-02-20,Small Business
C09287,Customer 9287,customer9287@example.com,Bengaluru,Karnataka,2025-09-14,Consumer
C09288,Customer 9288,customer9288@example.com,Delhi,Delhi,2024-12-01,Consumer
C09289,Customer 9289,customer9289@example.com,Ahmedabad,Gujarat,2025-06-24,Small Business
C09290,Customer 9290,customer9290@example.com,Pune,Maharashtra,2026-02-21,Small Business
C09291,Customer 9291,customer9291@example.com,Delhi,Delhi,2024-06-07,Consumer
C09292,Customer 9292,customer9292@example.com,Chennai,Tamil Nadu,2024-01-11,Consumer
C09293,Customer 9293,customer9293@example.com,Panipat,Haryana,2024-03-09,Corporate
C09294,Customer 9294,customer9294@example.com,Bengaluru,Karnataka,2024-02-20,Small Business
C09295,Customer 9295,customer9295@example.com,Kolkata,West Bengal,2025-02-12,Consumer
C09296,Customer 9296,customer9296@example.com,Ahmedabad,Gujarat,2026-01-11,Small Business
C09297,Customer 9297,customer9297@example.com,Delhi,Delhi,2026-03-22,Corporate
C09298,Customer 9298,customer9298@example.com,Pune,Maharashtra,2026-05-23,Consumer
C09299,Customer 9299,customer9299@example.com,Bengaluru,Karnataka,2026-01-18,Small Business
C09300,Customer 9300,customer9300@example.com,Delhi,Delhi,2024-08-10,Corporate
C09301,Customer 9301,customer9301@example.com,Delhi,Delhi,2024-01-18,Consumer
C09302,Customer 9302,customer9302@example.com,Jaipur,Rajasthan,2026-04-11,Small Business
C09303,Customer 9303,customer9303@example.com,Kolkata,West Bengal,2024-11-25,Consumer
C09304,Customer 9304,customer9304@example.com,Jaipur,Rajasthan,2025-04-26,Consumer
C09305,Customer 9305,customer9305@example.com,Panipat,Haryana,2025-08-28,Small Business
C09306,Customer 9306,customer9306@example.com,Jaipur,Rajasthan,2025-03-21,Small Business
C09307,Customer 9307,,Hyderabad,Telangana,2026-05-02,Small Business
C09308,Customer 9308,customer9308@example.com,Chennai,Tamil Nadu,2024-10-31,Consumer
C09309,Customer 9309,customer9309@example.com,Mumbai,Maharashtra,2024-10-30,Consumer
C09310,Customer 9310,customer9310@example.com,Hyderabad,Telangana,2025-09-27,Small Business
C09311,Customer 9311,customer9311@example.com,Mumbai,Maharashtra,2024-02-26,Small Business
C09312,Customer 9312,customer9312@example.com,Mumbai,Maharashtra,2024-08-27,Corporate
C09313,Customer 9313,customer9313@example.com,Pune,Maharashtra,2024-02-01,Small Business
C09314,Customer 9314,customer9314@example.com,Kolkata,West Bengal,2025-03-12,Corporate
C09315,Customer 9315,customer9315@example.com,Ahmedabad,Gujarat,2026-03-30,Consumer
C09316,Customer 9316,customer9316@example.com,Ahmedabad,Gujarat,2024-09-24,Small Business
C09317,Customer 9317,customer9317@example.com,Ahmedabad,Gujarat,2025-02-14,Consumer
C09318,Customer 9318,customer9318@example.com,Ahmedabad,Gujarat,2026-04-27,Small Business
C09319,Customer 9319,customer9319@example.com,Panipat,Haryana,2025-10-26,Corporate
C09320,Customer 9320,customer9320@example.com,Chennai,Tamil Nadu,2025-06-30,Consumer
C09321,Customer 9321,customer9321@example.com,Panipat,Haryana,2024-03-28,Corporate
C09322,Customer 9322,customer9322@example.com,Hyderabad,Telangana,2024-09-08,Small Business
C09323,Customer 9323,customer9323@example.com,Panipat,Haryana,2025-04-04,Small Business
C09324,Customer 9324,customer9324@example.com,Chennai,Tamil Nadu,2025-02-22,Consumer
C09325,Customer 9325,customer9325@example.com,Jaipur,Rajasthan,2025-03-16,Small Business
C09326,Customer 9326,customer9326@example.com,Hyderabad,Telangana,2025-05-06,Consumer
C09327,Customer 9327,customer9327@example.com,Bengaluru,Karnataka,2026-05-19,Consumer
C09328,Customer 9328,customer9328@example.com,Bengaluru,Karnataka,2024-09-10,Corporate
C09329,Customer 9329,customer9329@example.com,Kolkata,West Bengal,2024-09-20,Consumer
C09330,Customer 9330,customer9330@example.com,Mumbai,Maharashtra,2024-11-21,Consumer
C09331,Customer 9331,customer9331@example.com,Delhi,Delhi,2025-11-03,Consumer
C09332,Customer 9332,customer9332@example.com,Kolkata,West Bengal,2025-11-07,Small Business
C09333,Customer 9333,customer9333@example.com,Hyderabad,Telangana,2026-05-20,Corporate
C09334,Customer 9334,customer9334@example.com,Delhi,Delhi,2024-01-14,Consumer
C09335,Customer 9335,customer9335@example.com,Kolkata,West Bengal,2025-05-16,Corporate
C09336,Customer 9336,customer9336@example.com,Pune,Maharashtra,2025-10-19,Consumer
C09337,Customer 9337,customer9337@example.com,Delhi,Delhi,2025-05-23,Corporate
C09338,Customer 9338,customer9338@example.com,Panipat,Haryana,2024-08-19,Corporate
C09339,Customer 9339,customer9339@example.com,Delhi,Delhi,2026-02-14,Small Business
C09340,Customer 9340,customer9340@example.com,Mumbai,Maharashtra,2024-02-16,Consumer
C09341,Customer 9341,customer9341@example.com,Hyderabad,Telangana,2026-05-03,Small Business
C09342,Customer 9342,customer9342@example.com,Ahmedabad,Gujarat,2025-09-03,Small Business
C09343,Customer 9343,customer9343@example.com,Delhi,Delhi,2025-08-27,Consumer
C09344,Customer 9344,customer9344@example.com,Jaipur,Rajasthan,2025-05-10,Consumer
C09345,Customer 9345,customer9345@example.com,Pune,Maharashtra,2025-04-15,Consumer
C09346,Customer 9346,customer9346@example.com,Pune,Maharashtra,2024-11-01,Small Business
C09347,Customer 9347,customer9347@example.com,Mumbai,Maharashtra,2026-04-09,Corporate
C09348,Customer 9348,customer9348@example.com,Bengaluru,Karnataka,2024-10-08,Corporate
C09349,Customer 9349,customer9349@example.com,Bengaluru,Karnataka,2025-07-17,Small Business
C09350,Customer 9350,customer9350@example.com,Panipat,Haryana,2026-03-09,Corporate
C09351,Customer 9351,customer9351@example.com,Kolkata,West Bengal,2025-03-17,Consumer
C09352,Customer 9352,customer9352@example.com,Kolkata,West Bengal,2026-02-06,Small Business
C09353,Customer 9353,customer9353@example.com,Chennai,Tamil Nadu,2026-06-05,Consumer
C09354,Customer 9354,customer9354@example.com,Pune,Maharashtra,2024-11-18,Consumer
C09355,Customer 9355,customer9355@example.com,Panipat,Haryana,2025-12-09,Corporate
C09356,Customer 9356,customer9356@example.com,Chennai,Tamil Nadu,2024-11-25,Consumer
C09357,Customer 9357,customer9357@example.com,Ahmedabad,Gujarat,2024-03-14,Corporate
C09358,Customer 9358,customer9358@example.com,Panipat,Haryana,2025-12-05,Small Business
C09359,Customer 9359,customer9359@example.com,Hyderabad,Telangana,2024-04-01,Corporate
C09360,Customer 9360,customer9360@example.com,Pune,Maharashtra,2025-11-04,Consumer
C09361,Customer 9361,customer9361@example.com,Jaipur,Rajasthan,2025-08-30,Corporate
C09362,Customer 9362,customer9362@example.com,Delhi,Delhi,2024-10-01,Corporate
C09363,Customer 9363,customer9363@example.com,Chennai,Tamil Nadu,2024-07-16,Corporate
C09364,Customer 9364,customer9364@example.com,Panipat,Haryana,2025-09-11,Consumer
C09365,Customer 9365,customer9365@example.com,Jaipur,Rajasthan,2026-03-24,Corporate
C09366,Customer 9366,customer9366@example.com,Jaipur,Rajasthan,2024-01-02,Corporate
C09367,Customer 9367,customer9367@example.com,Hyderabad,Telangana,2025-07-11,Small Business
C09368,Customer 9368,customer9368@example.com,Delhi,Delhi,2026-01-16,Small Business
C09369,Customer 9369,customer9369@example.com,Delhi,Delhi,2024-11-24,Corporate
C09370,Customer 9370,customer9370@example.com,Bengaluru,Karnataka,2024-10-04,Small Business
C09371,Customer 9371,customer9371@example.com,Ahmedabad,Gujarat,2025-02-05,Small Business
C09372,Customer 9372,customer9372@example.com,Hyderabad,Telangana,2024-09-11,Small Business
C09373,Customer 9373,customer9373@example.com,Delhi,Delhi,2025-02-11,Consumer
C09374,Customer 9374,customer9374@example.com,Kolkata,West Bengal,2026-04-20,Corporate
C09375,Customer 9375,customer9375@example.com,Panipat,Haryana,2024-02-21,Corporate
C09376,Customer 9376,customer9376@example.com,Panipat,Haryana,2025-08-24,Consumer
C09377,Customer 9377,,Panipat,Haryana,2026-01-04,Corporate
C09378,Customer 9378,customer9378@example.com,Hyderabad,Telangana,2024-11-15,Consumer
C09379,Customer 9379,customer9379@example.com,Jaipur,Rajasthan,2024-10-09,Consumer
C09380,Customer 9380,customer9380@example.com,Pune,Maharashtra,2025-09-10,Small Business
C09381,Customer 9381,customer9381@example.com,Jaipur,Rajasthan,2024-06-02,Consumer
C09382,Customer 9382,customer9382@example.com,Delhi,Delhi,2026-04-03,Small Business
C09383,Customer 9383,customer9383@example.com,Panipat,Haryana,2025-11-28,Consumer
C09384,Customer 9384,customer9384@example.com,Ahmedabad,Gujarat,2025-01-26,Corporate
C09385,Customer 9385,customer9385@example.com,Mumbai,Maharashtra,2026-02-24,Small Business
C09386,Customer 9386,customer9386@example.com,Panipat,Haryana,2024-09-01,Small Business
C09387,Customer 9387,customer9387@example.com,Hyderabad,Telangana,2026-04-20,Small Business
C09388,Customer 9388,customer9388@example.com,Jaipur,Rajasthan,2025-02-12,Small Business
C09389,Customer 9389,customer9389@example.com,Bengaluru,Karnataka,2025-10-05,Small Business
C09390,Customer 9390,customer9390@example.com,Panipat,Haryana,2025-11-06,Corporate
C09391,Customer 9391,customer9391@example.com,Jaipur,Rajasthan,2025-07-07,Consumer
C09392,Customer 9392,customer9392@example.com,Mumbai,Maharashtra,2025-02-05,Corporate
C09393,Customer 9393,customer9393@example.com,Mumbai,Maharashtra,2025-09-14,Small Business
C09394,Customer 9394,customer9394@example.com,Hyderabad,Telangana,2024-04-02,Corporate
C09395,Customer 9395,customer9395@example.com,Bengaluru,Karnataka,2025-12-09,Corporate
C09396,Customer 9396,customer9396@example.com,Ahmedabad,Gujarat,2024-07-30,Consumer
C09397,Customer 9397,customer9397@example.com,Pune,Maharashtra,2024-12-16,Small Business
C09398,Customer 9398,customer9398@example.com,Chennai,Tamil Nadu,2024-05-15,
C09399,Customer 9399,customer9399@example.com,Panipat,Haryana,2024-07-13,Small Business
C09400,Customer 9400,customer9400@example.com,Kolkata,West Bengal,2024-11-03,Corporate
C09401,Customer 9401,customer9401@example.com,Panipat,Haryana,2025-05-30,Small Business
C09402,Customer 9402,customer9402@example.com,Panipat,Haryana,2026-02-19,Corporate
C09403,Customer 9403,customer9403@example.com,Kolkata,West Bengal,2024-02-13,Small Business
C09404,Customer 9404,customer9404@example.com,Ahmedabad,Gujarat,2025-07-25,Corporate
C09405,Customer 9405,customer9405@example.com,Panipat,Haryana,2025-09-02,Consumer
C09406,Customer 9406,customer9406@example.com,Panipat,Haryana,2025-11-26,Small Business
C09407,Customer 9407,customer9407@example.com,Delhi,Delhi,2025-09-05,Small Business
C09408,Customer 9408,customer9408@example.com,Ahmedabad,Gujarat,2024-04-04,Small Business
C09409,Customer 9409,customer9409@example.com,Bengaluru,Karnataka,2026-06-05,Consumer
C09410,Customer 9410,customer9410@example.com,Delhi,Delhi,2024-04-04,Consumer
C09411,Customer 9411,customer9411@example.com,Mumbai,Maharashtra,2026-04-10,Corporate
C09412,Customer 9412,customer9412@example.com,Chennai,Tamil Nadu,2024-04-12,Consumer
C09413,Customer 9413,customer9413@example.com,Hyderabad,Telangana,2025-07-04,Corporate
C09414,Customer 9414,customer9414@example.com,Jaipur,Rajasthan,2024-12-12,Small Business
C09415,Customer 9415,customer9415@example.com,Panipat,Haryana,2024-12-17,Consumer
C09416,Customer 9416,customer9416@example.com,Chennai,Tamil Nadu,2024-09-03,Consumer
C09417,Customer 9417,customer9417@example.com,Delhi,Delhi,2024-04-24,Small Business
C09418,Customer 9418,customer9418@example.com,Chennai,Tamil Nadu,2024-02-03,Corporate
C09419,Customer 9419,customer9419@example.com,Kolkata,West Bengal,2026-03-28,Small Business
C09420,Customer 9420,customer9420@example.com,Mumbai,Maharashtra,2024-05-30,Consumer
C09421,Customer 9421,customer9421@example.com,Hyderabad,Telangana,2024-08-19,Small Business
C09422,Customer 9422,customer9422@example.com,Kolkata,West Bengal,2025-11-25,Consumer
C09423,Customer 9423,customer9423@example.com,Kolkata,West Bengal,2025-05-03,Corporate
C09424,Customer 9424,,HYDERABAD,Telangana,2025-12-29,Corporate
C09425,Customer 9425,customer9425@example.com,Bengaluru,Karnataka,2025-05-06,Small Business
C09426,Customer 9426,customer9426@example.com,Panipat,Haryana,2026-06-03,Small Business
C09427,Customer 9427,customer9427@example.com,Mumbai,Maharashtra,2025-10-17,Consumer
C09428,Customer 9428,customer9428@example.com,Delhi,Delhi,2025-03-30,Consumer
C09429,Customer 9429,customer9429@example.com,Bengaluru,Karnataka,2025-02-03,Small Business
C09430,Customer 9430,customer9430@example.com,Delhi,Delhi,2026-04-22,Small Business
C09431,Customer 9431,customer9431@example.com,Ahmedabad,Gujarat,2024-12-13,Small Business
C09432,Customer 9432,customer9432@example.com,Pune,Maharashtra,2025-08-13,Corporate
C09433,Customer 9433,customer9433@example.com,Chennai,Tamil Nadu,2026-06-16,Corporate
C09434,Customer 9434,customer9434@example.com,Chennai,Tamil Nadu,2025-02-21,Consumer
C09435,Customer 9435,customer9435@example.com,Chennai,Tamil Nadu,2024-07-03,Consumer
C09436,Customer 9436,customer9436@example.com,Hyderabad,Telangana,2025-12-20,Small Business
C09437,Customer 9437,customer9437@example.com,Chennai,Tamil Nadu,2024-01-03,Corporate
C09438,Customer 9438,customer9438@example.com,Pune,Maharashtra,2024-01-14,Consumer
C09439,Customer 9439,customer9439@example.com,Chennai,Tamil Nadu,2024-03-16,Small Business
C09440,Customer 9440,customer9440@example.com,Jaipur,Rajasthan,2024-11-04,Consumer
C09441,Customer 9441,customer9441@example.com,Mumbai,Maharashtra,2025-01-17,Corporate
C09442,Customer 9442,customer9442@example.com,Jaipur,Rajasthan,2025-04-04,Consumer
C09443,Customer 9443,customer9443@example.com,Pune,Maharashtra,2025-02-01,Small Business
C09444,Customer 9444,customer9444@example.com,Chennai,Tamil Nadu,2024-02-19,Corporate
C09445,Customer 9445,customer9445@example.com,Panipat,Haryana,2025-02-06,Consumer
C09446,Customer 9446,customer9446@example.com,Panipat,Haryana,2025-02-09,Corporate
C09447,Customer 9447,customer9447@example.com,Pune,Maharashtra,2025-03-20,Consumer
C09448,Customer 9448,customer9448@example.com,Hyderabad,Telangana,2024-02-15,Consumer
C09449,Customer 9449,customer9449@example.com,Jaipur,Rajasthan,2025-10-18,Consumer
C09450,Customer 9450,customer9450@example.com,Chennai,Tamil Nadu,2024-09-29,Consumer
C09451,Customer 9451,customer9451@example.com,Ahmedabad,Gujarat,2025-07-12,Small Business
C09452,Customer 9452,customer9452@example.com,Delhi,Delhi,2024-01-12,Consumer
C09453,Customer 9453,customer9453@example.com,Ahmedabad,Gujarat,2024-02-14,Small Business
C09454,Customer 9454,customer9454@example.com,Delhi,Delhi,2024-06-17,Consumer
C09455,Customer 9455,customer9455@example.com,Pune,Maharashtra,2025-10-16,Consumer
C09456,Customer 9456,customer9456@example.com,Mumbai,Maharashtra,2025-01-08,Consumer
C09457,Customer 9457,customer9457@example.com,Panipat,Haryana,2025-09-14,Corporate
C09458,Customer 9458,customer9458@example.com,Hyderabad,Telangana,2024-06-10,Small Business
C09459,Customer 9459,customer9459@example.com,Pune,Maharashtra,2026-02-24,Corporate
C09460,Customer 9460,customer9460@example.com,Hyderabad,Telangana,2025-08-05,Corporate
C09461,Customer 9461,customer9461@example.com,Ahmedabad,Gujarat,2025-01-10,Consumer
C09462,Customer 9462,customer9462@example.com,Delhi,Delhi,2025-08-11,Small Business
C09463,Customer 9463,customer9463@example.com,Mumbai,Maharashtra,2025-02-05,Consumer
C09464,Customer 9464,customer9464@example.com,Panipat,Haryana,2025-09-30,Small Business
C09465,Customer 9465,customer9465@example.com,Jaipur,Rajasthan,2025-03-16,Consumer
C09466,Customer 9466,customer9466@example.com,Mumbai,Maharashtra,2026-06-02,Corporate
C09467,Customer 9467,customer9467@example.com,Hyderabad,Telangana,2026-04-14,Corporate
C09468,Customer 9468,customer9468@example.com,Bengaluru,Karnataka,2025-11-08,Corporate
C09469,Customer 9469,customer9469@example.com,Bengaluru,Karnataka,2026-04-10,Corporate
C09470,Customer 9470,customer9470@example.com,Ahmedabad,Gujarat,2024-05-20,Consumer
C09471,Customer 9471,customer9471@example.com,Hyderabad,Telangana,2024-10-19,Small Business
C09472,Customer 9472,customer9472@example.com,Jaipur,Rajasthan,2025-09-11,Corporate
C09473,Customer 9473,customer9473@example.com,Bengaluru,Karnataka,2024-12-03,Consumer
C09474,Customer 9474,customer9474@example.com,Jaipur,Rajasthan,2024-04-02,Consumer
C09475,Customer 9475,customer9475@example.com,Jaipur,Rajasthan,2024-01-17,Small Business
C09476,Customer 9476,customer9476@example.com,Jaipur,Rajasthan,2024-05-03,Small Business
C09477,Customer 9477,customer9477@example.com,Jaipur,Rajasthan,2025-09-01,Corporate
C09478,Customer 9478,customer9478@example.com,Hyderabad,Telangana,2025-10-06,Corporate
C09479,Customer 9479,customer9479@example.com,Jaipur,Rajasthan,2024-08-04,Corporate
C09480,Customer 9480,customer9480@example.com,Bengaluru,Karnataka,2026-02-19,Corporate
C09481,Customer 9481,customer9481@example.com,Chennai,Tamil Nadu,2025-02-19,Consumer
C09482,Customer 9482,customer9482@example.com,Mumbai,Maharashtra,2025-09-03,Small Business
C09483,Customer 9483,customer9483@example.com,Hyderabad,Telangana,2024-06-01,Consumer
C09484,Customer 9484,customer9484@example.com,Kolkata,West Bengal,2025-09-23,Corporate
C09485,Customer 9485,customer9485@example.com,Panipat,Haryana,2024-11-18,Small Business
C09486,Customer 9486,customer9486@example.com,Chennai,Tamil Nadu,2025-01-24,Consumer
C09487,Customer 9487,customer9487@example.com,Pune,Maharashtra,2026-04-11,Corporate
C09488,Customer 9488,customer9488@example.com,Delhi,Delhi,2026-04-10,Corporate
C09489,Customer 9489,,Mumbai,Maharashtra,2024-11-13,Small Business
C09490,Customer 9490,customer9490@example.com,Chennai,Tamil Nadu,2024-02-01,Corporate
C09491,Customer 9491,customer9491@example.com,Panipat,Haryana,2024-10-30,Corporate
C09492,Customer 9492,customer9492@example.com,Mumbai,Maharashtra,2026-02-14,Corporate
C09493,Customer 9493,customer9493@example.com,Chennai,Tamil Nadu,2024-01-17,Consumer
C09494,Customer 9494,customer9494@example.com,Pune,Maharashtra,2024-12-27,Consumer
C09495,Customer 9495,customer9495@example.com,Hyderabad,Telangana,2025-05-31,Corporate
C09496,Customer 9496,customer9496@example.com,Panipat,Haryana,2024-03-13,Corporate
C09497,Customer 9497,customer9497@example.com,Pune,Maharashtra,2025-11-28,Consumer
C09498,Customer 9498,customer9498@example.com,Delhi,Delhi,2025-03-27,Consumer
C09499,Customer 9499,customer9499@example.com,Delhi,Delhi,2025-03-09,Corporate
C09500,Customer 9500,customer9500@example.com,Delhi,Delhi,2024-11-19,Corporate
C09501,Customer 9501,customer9501@example.com,Panipat,Haryana,2024-12-21,Small Business
C09502,Customer 9502,customer9502@example.com,Kolkata,West Bengal,2025-08-08,Consumer
C09503,Customer 9503,customer9503@example.com,Hyderabad,Telangana,2024-05-12,Consumer
C09504,Customer 9504,customer9504@example.com,Bengaluru,Karnataka,2024-11-05,Consumer
C09505,Customer 9505,customer9505@example.com,Pune,Maharashtra,2024-09-08,Small Business
C09506,Customer 9506,customer9506@example.com,Hyderabad,Telangana,2024-11-10,Corporate
C09507,Customer 9507,customer9507@example.com,Ahmedabad,Gujarat,2024-09-28,Consumer
C09508,Customer 9508,customer9508@example.com,Chennai,Tamil Nadu,2024-09-27,Small Business
C09509,Customer 9509,customer9509@example.com,Hyderabad,Telangana,2024-08-06,Consumer
C09510,Customer 9510,customer9510@example.com,Hyderabad,Telangana,2025-12-12,Corporate
C09511,Customer 9511,customer9511@example.com,Ahmedabad,Gujarat,2024-02-25,Corporate
C09512,Customer 9512,customer9512@example.com,Kolkata,West Bengal,2024-05-06,Small Business
C09513,Customer 9513,customer9513@example.com,Delhi,Delhi,2026-02-15,Small Business
C09514,Customer 9514,customer9514@example.com,Jaipur,Rajasthan,2025-10-14,Small Business
C09515,Customer 9515,customer9515@example.com,Jaipur,Rajasthan,2025-02-11,Corporate
C09516,Customer 9516,customer9516@example.com,Bengaluru,Karnataka,2026-05-17,Small Business
C09517,Customer 9517,customer9517@example.com,Chennai,Tamil Nadu,2025-08-17,Consumer
C09518,Customer 9518,customer9518@example.com,Chennai,Tamil Nadu,2024-12-04,Corporate
C09519,Customer 9519,customer9519@example.com,Delhi,Delhi,2025-07-21,Consumer
C09520,Customer 9520,customer9520@example.com,Pune,Maharashtra,2024-11-26,Small Business
C09521,Customer 9521,customer9521@example.com,Ahmedabad,Gujarat,2025-05-21,Corporate
C09522,Customer 9522,customer9522@example.com,Jaipur,Rajasthan,2025-04-16,Corporate
C09523,Customer 9523,customer9523@example.com,Jaipur,Rajasthan,2024-01-08,Corporate
C09524,Customer 9524,customer9524@example.com,Kolkata,West Bengal,2024-02-20,Consumer
C09525,Customer 9525,customer9525@example.com,Pune,Maharashtra,2026-02-02,Small Business
C09526,Customer 9526,customer9526@example.com,Kolkata,West Bengal,2026-05-17,Corporate
C09527,Customer 9527,customer9527@example.com,Delhi,Delhi,2025-07-09,Corporate
C09528,Customer 9528,customer9528@example.com,Pune,Maharashtra,2026-05-26,Consumer
C09529,Customer 9529,customer9529@example.com,Delhi,Delhi,2025-07-31,Consumer
C09530,Customer 9530,customer9530@example.com,Mumbai,Maharashtra,2024-01-27,Small Business
C09531,Customer 9531,customer9531@example.com,Hyderabad,Telangana,2025-03-18,Corporate
C09532,Customer 9532,invalid-email-9531,Pune,Maharashtra,2024-08-10,Consumer
C09533,Customer 9533,,Mumbai,Maharashtra,2025-12-07,Small Business
C09534,Customer 9534,customer9534@example.com,Ahmedabad,Gujarat,2025-12-16,Corporate
C09535,Customer 9535,customer9535@example.com,Pune,Maharashtra,2026-03-16,Small Business
C09536,Customer 9536,customer9536@example.com,Mumbai,Maharashtra,2024-08-03,Small Business
C09537,Customer 9537,customer9537@example.com,Chennai,Tamil Nadu,2024-10-23,Corporate
C09538,Customer 9538,customer9538@example.com,Panipat,Haryana,2024-07-09,Small Business
C09539,Customer 9539,customer9539@example.com,Mumbai,Maharashtra,2024-11-25,Consumer
C09540,Customer 9540,customer9540@example.com,Mumbai,Maharashtra,2026-04-15,Corporate
C09541,Customer 9541,customer9541@example.com,Kolkata,West Bengal,2025-01-20,Small Business
C09542,Customer 9542,customer9542@example.com,Ahmedabad,Gujarat,2025-10-30,Consumer
C09543,Customer 9543,customer9543@example.com,Bengaluru,Karnataka,2024-06-18,Corporate
C09544,Customer 9544,customer9544@example.com,Kolkata,West Bengal,2024-08-30,Small Business
C09545,Customer 9545,customer9545@example.com,Mumbai,Maharashtra,2024-08-17,Small Business
C09546,Customer 9546,customer9546@example.com,Jaipur,Rajasthan,2026-06-07,Corporate
C09547,Customer 9547,customer9547@example.com,Mumbai,Maharashtra,2024-02-17,Consumer
C09548,Customer 9548,customer9548@example.com,Pune,Maharashtra,2025-12-03,Consumer
C09549,Customer 9549,customer9549@example.com,Panipat,Haryana,2025-08-12,Consumer
C09550,Customer 9550,customer9550@example.com,Bengaluru,Karnataka,2025-12-06,Consumer
C09551,Customer 9551,customer9551@example.com,Delhi,Delhi,2025-03-09,Small Business
C09552,Customer 9552,customer9552@example.com,Pune,Maharashtra,2024-08-21,Consumer
C09553,Customer 9553,customer9553@example.com,Jaipur,Rajasthan,2024-10-12,Corporate
C09554,Customer 9554,customer9554@example.com,Mumbai,Maharashtra,2024-08-05,Corporate
C09555,Customer 9555,,Kolkata,West Bengal,2025-11-06,
C09556,Customer 9556,customer9556@example.com,Ahmedabad,Gujarat,2025-08-28,Small Business
C09557,Customer 9557,customer9557@example.com,Mumbai,Maharashtra,2025-09-14,Consumer
C09558,Customer 9558,customer9558@example.com,Kolkata,West Bengal,2024-12-05,Corporate
C09559,Customer 9559,customer9559@example.com,Delhi,Delhi,2024-12-02,Corporate
C09560,Customer 9560,customer9560@example.com,Hyderabad,Telangana,2024-05-09,Corporate
C09561,Customer 9561,customer9561@example.com,Panipat,Haryana,2025-03-29,Corporate
C09562,Customer 9562,customer9562@example.com,Chennai,Tamil Nadu,2025-08-05,Small Business
C09563,Customer 9563,customer9563@example.com,Ahmedabad,Gujarat,2025-09-29,Consumer
C09564,Customer 9564,customer9564@example.com,Pune,Maharashtra,2025-07-18,Consumer
C09565,Customer 9565,customer9565@example.com,Delhi,Delhi,2024-01-31,Consumer
C09566,Customer 9566,customer9566@example.com,Chennai,Tamil Nadu,2026-03-18,Corporate
C09567,Customer 9567,customer9567@example.com,Pune,Maharashtra,2024-08-06,Small Business
C09568,Customer 9568,customer9568@example.com,Mumbai,Maharashtra,2024-07-07,Corporate
C09569,Customer 9569,customer9569@example.com,Mumbai,Maharashtra,2024-05-11,Corporate
C09570,Customer 9570,customer9570@example.com,Kolkata,West Bengal,2025-04-23,Corporate
C09571,Customer 9571,customer9571@example.com,Pune,Maharashtra,2024-07-27,Consumer
C09572,Customer 9572,customer9572@example.com,Chennai,Tamil Nadu,2026-01-13,Small Business
C09573,Customer 9573,customer9573@example.com,Panipat,Haryana,2025-02-11,Corporate
C09574,Customer 9574,customer9574@example.com,Bengaluru,Karnataka,2026-01-17,Corporate
C09575,Customer 9575,customer9575@example.com,Panipat,Haryana,2026-04-01,Corporate
C09576,Customer 9576,customer9576@example.com,Panipat,Haryana,2024-07-31,Small Business
C09577,Customer 9577,customer9577@example.com,Hyderabad,Telangana,2024-02-23,Consumer
C09578,Customer 9578,customer9578@example.com,Chennai,Tamil Nadu,2026-03-27,Consumer
C09579,Customer 9579,customer9579@example.com,Hyderabad,Telangana,2025-09-21,Corporate
C09580,Customer 9580,customer9580@example.com,Mumbai,Maharashtra,2025-09-30,Small Business
C09581,Customer 9581,customer9581@example.com,Bengaluru,Karnataka,2024-05-18,Small Business
C09582,Customer 9582,customer9582@example.com,Bengaluru,Karnataka,2024-03-27,Small Business
C09583,Customer 9583,customer9583@example.com,Panipat,Haryana,2025-10-17,Corporate
C09584,Customer 9584,customer9584@example.com,Bengaluru,Karnataka,2026-01-15,Consumer
C09585,Customer 9585,customer9585@example.com,Mumbai,Maharashtra,2025-05-22,Corporate
C09586,Customer 9586,customer9586@example.com,Panipat,Haryana,2025-11-22,Small Business
C09587,Customer 9587,customer9587@example.com,Chennai,Tamil Nadu,2025-04-29,Corporate
C09588,Customer 9588,customer9588@example.com,Jaipur,Rajasthan,2024-06-20,Corporate
C09589,Customer 9589,customer9589@example.com,Kolkata,West Bengal,2025-03-06,Consumer
C09590,Customer 9590,customer9590@example.com,Hyderabad,Telangana,2025-08-05,Consumer
C09591,Customer 9591,customer9591@example.com,Chennai,Tamil Nadu,2026-04-30,Consumer
C09592,Customer 9592,customer9592@example.com,Panipat,Haryana,2026-05-12,Consumer
C09593,Customer 9593,invalid-email-9592,Pune,Maharashtra,2025-12-24,Corporate
C09594,Customer 9594,customer9594@example.com,Pune,Maharashtra,2026-04-04,Small Business
C09595,Customer 9595,customer9595@example.com,Hyderabad,Telangana,2025-10-11,Corporate
C09596,Customer 9596,customer9596@example.com,Bengaluru,Karnataka,2025-02-25,Small Business
C09597,Customer 9597,customer9597@example.com,Delhi,Delhi,2024-10-16,Small Business
C09598,Customer 9598,customer9598@example.com,Kolkata,West Bengal,2024-09-30,Corporate
C09599,Customer 9599,customer9599@example.com,Ahmedabad,Gujarat,2025-05-12,Small Business
C09600,Customer 9600,customer9600@example.com,Ahmedabad,Gujarat,2024-08-01,Consumer
C09601,Customer 9601,customer9601@example.com,Jaipur,Rajasthan,2024-08-10,Small Business
C09602,Customer 9602,customer9602@example.com,Ahmedabad,Gujarat,2025-11-26,Corporate
C09603,Customer 9603,customer9603@example.com,Ahmedabad,Gujarat,2026-05-08,Small Business
C09604,Customer 9604,customer9604@example.com,Bengaluru,Karnataka,2026-05-12,Small Business
C09605,Customer 9605,customer9605@example.com,Delhi,Delhi,2024-09-20,Small Business
C09606,Customer 9606,customer9606@example.com,Jaipur,Rajasthan,2025-03-13,Consumer
C09607,Customer 9607,customer9607@example.com,Ahmedabad,Gujarat,2026-01-27,Small Business
C09608,Customer 9608,customer9608@example.com,Hyderabad,Telangana,2026-04-13,Corporate
C09609,Customer 9609,customer9609@example.com,Panipat,Haryana,2026-06-06,Corporate
C09610,Customer 9610,customer9610@example.com,Ahmedabad,Gujarat,2025-12-20,Small Business
C09611,Customer 9611,customer9611@example.com,Pune,Maharashtra,2024-05-26,Corporate
C09612,Customer 9612,customer9612@example.com,Chennai,Tamil Nadu,2024-10-30,Consumer
C09613,Customer 9613,customer9613@example.com,Mumbai,Maharashtra,2024-05-14,Small Business
C09614,Customer 9614,customer9614@example.com,Pune,Maharashtra,2025-08-27,Corporate
C09615,Customer 9615,customer9615@example.com,Chennai,Tamil Nadu,2024-04-13,Consumer
C09616,Customer 9616,customer9616@example.com,Delhi,Delhi,2024-06-09,Small Business
C09617,Customer 9617,customer9617@example.com,Jaipur,Rajasthan,2025-08-22,Small Business
C09618,Customer 9618,customer9618@example.com,Jaipur,Rajasthan,2026-04-04,Small Business
C09619,Customer 9619,customer9619@example.com,Delhi,Delhi,2025-11-07,Consumer
C09620,Customer 9620,customer9620@example.com,Hyderabad,Telangana,2025-09-22,Corporate
C09621,Customer 9621,customer9621@example.com,Jaipur,Rajasthan,2024-12-13,Consumer
C09622,Customer 9622,customer9622@example.com,Bengaluru,Karnataka,2024-01-17,Consumer
C09623,Customer 9623,customer9623@example.com,Delhi,Delhi,2024-07-05,Small Business
C09624,Customer 9624,customer9624@example.com,Kolkata,West Bengal,2025-03-23,Small Business
C09625,Customer 9625,customer9625@example.com,Mumbai,Maharashtra,2024-05-20,Consumer
C09626,Customer 9626,customer9626@example.com,Ahmedabad,Gujarat,2025-06-27,Small Business
C09627,Customer 9627,customer9627@example.com,Bengaluru,Karnataka,2025-05-24,Corporate
C09628,Customer 9628,customer9628@example.com,Mumbai,Maharashtra,2026-04-26,Small Business
C09629,Customer 9629,customer9629@example.com,Mumbai,Maharashtra,2024-12-15,Corporate
C09630,Customer 9630,customer9630@example.com,Kolkata,West Bengal,2026-02-03,Small Business
C09631,Customer 9631,customer9631@example.com,Kolkata,West Bengal,2024-03-06,Small Business
C09632,Customer 9632,customer9632@example.com,Jaipur,Rajasthan,2025-06-22,Consumer
C09633,Customer 9633,customer9633@example.com,Mumbai,Maharashtra,2024-07-28,Corporate
C09634,Customer 9634,customer9634@example.com,Jaipur,Rajasthan,2025-10-20,Small Business
C09635,Customer 9635,,Kolkata,West Bengal,2024-02-29,Corporate
C09636,Customer 9636,customer9636@example.com,Jaipur,Rajasthan,2026-05-18,Corporate
C09637,Customer 9637,customer9637@example.com,Delhi,Delhi,2025-02-01,Small Business
C09638,Customer 9638,customer9638@example.com,Panipat,Haryana,2025-01-28,Small Business
C09639,Customer 9639,customer9639@example.com,Delhi,Delhi,2026-01-18,Consumer
C09640,Customer 9640,customer9640@example.com,Bengaluru,Karnataka,2025-08-12,Small Business
C09641,Customer 9641,customer9641@example.com,Hyderabad,Telangana,2025-02-14,Corporate
C09642,Customer 9642,customer9642@example.com,Kolkata,West Bengal,2026-02-04,Small Business
C09643,Customer 9643,customer9643@example.com,Ahmedabad,Gujarat,2025-07-03,Corporate
C09644,Customer 9644,customer9644@example.com,Chennai,Tamil Nadu,2024-01-26,Small Business
C09645,Customer 9645,customer9645@example.com,Hyderabad,Telangana,2025-06-11,Corporate
C09646,Customer 9646,customer9646@example.com,Kolkata,West Bengal,2025-09-30,Corporate
C09647,Customer 9647,customer9647@example.com,Ahmedabad,Gujarat,2026-03-04,Corporate
C09648,Customer 9648,customer9648@example.com,Pune,Maharashtra,2025-11-25,Small Business
C09649,Customer 9649,customer9649@example.com,Pune,Maharashtra,2024-01-04,Small Business
C09650,Customer 9650,customer9650@example.com,Kolkata,West Bengal,2024-06-06,Consumer
C09651,Customer 9651,customer9651@example.com,Chennai,Tamil Nadu,2026-04-03,Consumer
C09652,Customer 9652,customer9652@example.com,Panipat,Haryana,2026-05-09,Small Business
C09653,Customer 9653,customer9653@example.com,Panipat,Haryana,2025-08-10,Consumer
C09654,Customer 9654,customer9654@example.com,Chennai,Tamil Nadu,2024-03-26,Corporate
C09655,Customer 9655,customer9655@example.com,Chennai,Tamil Nadu,2024-05-15,Consumer
C09656,Customer 9656,customer9656@example.com,Delhi,Delhi,2025-03-04,Corporate
C09657,Customer 9657,customer9657@example.com,Hyderabad,Telangana,2024-11-22,Small Business
C09658,Customer 9658,customer9658@example.com,Kolkata,West Bengal,2025-12-01,Small Business
C09659,Customer 9659,customer9659@example.com,Chennai,Tamil Nadu,2024-10-11,Corporate
C09660,Customer 9660,customer9660@example.com,Kolkata,West Bengal,2025-11-12,Small Business
C09661,Customer 9661,customer9661@example.com,Chennai,Tamil Nadu,2024-11-26,Corporate
C09662,Customer 9662,customer9662@example.com,Hyderabad,Telangana,2025-05-20,Corporate
C09663,Customer 9663,customer9663@example.com,Delhi,Delhi,2024-06-25,Corporate
C09664,Customer 9664,customer9664@example.com,Kolkata,West Bengal,2025-03-17,Corporate
C09665,Customer 9665,customer9665@example.com,Panipat,Haryana,2024-01-08,Consumer
C09666,Customer 9666,customer9666@example.com,Chennai,Tamil Nadu,2025-06-20,Corporate
C09667,Customer 9667,customer9667@example.com,Hyderabad,Telangana,2025-06-17,Corporate
C09668,Customer 9668,customer9668@example.com,Jaipur,Rajasthan,2026-05-26,Consumer
C09669,Customer 9669,customer9669@example.com,Bengaluru,Karnataka,2025-11-30,Consumer
C09670,Customer 9670,customer9670@example.com,Hyderabad,Telangana,2024-03-14,Corporate
C09671,Customer 9671,customer9671@example.com,Chennai,Tamil Nadu,2024-12-27,Corporate
C09672,Customer 9672,customer9672@example.com,Hyderabad,Telangana,2024-04-19,Consumer
C09673,Customer 9673,customer9673@example.com,Mumbai,Maharashtra,2024-09-19,Corporate
C09674,Customer 9674,customer9674@example.com,Bengaluru,Karnataka,2024-03-11,Small Business
C09675,Customer 9675,customer9675@example.com,Ahmedabad,Gujarat,2025-09-18,Corporate
C09676,Customer 9676,customer9676@example.com,Bengaluru,Karnataka,2024-01-06,Consumer
C09677,Customer 9677,customer9677@example.com,Pune,Maharashtra,2024-07-25,Small Business
C09678,Customer 9678,customer9678@example.com,Chennai,Tamil Nadu,2025-07-01,Corporate
C09679,Customer 9679,customer9679@example.com,Panipat,Haryana,2025-06-08,Consumer
C09680,Customer 9680,customer9680@example.com,Hyderabad,Telangana,2026-04-20,Corporate
C09681,Customer 9681,customer9681@example.com,Panipat,Haryana,2026-01-17,Consumer
C09682,Customer 9682,customer9682@example.com,Kolkata,West Bengal,2024-01-21,Consumer
C09683,Customer 9683,customer9683@example.com,Chennai,Tamil Nadu,2024-07-17,Consumer
C09684,Customer 9684,customer9684@example.com,Ahmedabad,Gujarat,2024-11-01,Corporate
C09685,Customer 9685,customer9685@example.com,Mumbai,Maharashtra,2024-08-05,Small Business
C09686,Customer 9686,customer9686@example.com,Chennai,Tamil Nadu,2024-03-03,Consumer
C09687,Customer 9687,customer9687@example.com,Panipat,Haryana,2026-03-27,Small Business
C09688,Customer 9688,customer9688@example.com,Hyderabad,Telangana,2026-01-18,Consumer
C09689,Customer 9689,customer9689@example.com,Jaipur,Rajasthan,2025-09-18,Small Business
C09690,Customer 9690,customer9690@example.com,Jaipur,Rajasthan,2024-08-16,Consumer
C09691,Customer 9691,customer9691@example.com,Ahmedabad,Gujarat,2026-03-06,Corporate
C09692,Customer 9692,customer9692@example.com,Delhi,Delhi,2024-08-05,Corporate
C09693,Customer 9693,customer9693@example.com,Ahmedabad,Gujarat,2024-01-13,Small Business
C09694,Customer 9694,customer9694@example.com,Chennai,Tamil Nadu,2025-10-15,Consumer
C09695,Customer 9695,customer9695@example.com,Ahmedabad,Gujarat,2025-05-02,Small Business
C09696,Customer 9696,customer9696@example.com,Kolkata,West Bengal,2026-06-07,Small Business
C09697,Customer 9697,customer9697@example.com,Kolkata,West Bengal,2024-05-18,Corporate
C09698,Customer 9698,customer9698@example.com,Hyderabad,Telangana,2024-06-05,Small Business
C09699,Customer 9699,customer9699@example.com,Bengaluru,Karnataka,2024-04-22,Consumer
C09700,Customer 9700,customer9700@example.com,Hyderabad,Telangana,2025-02-02,Small Business
C09701,Customer 9701,customer9701@example.com,Bengaluru,Karnataka,2025-06-23,Consumer
C09702,Customer 9702,customer9702@example.com,Bengaluru,Karnataka,2024-11-21,Consumer
C09703,Customer 9703,customer9703@example.com,Kolkata,West Bengal,2024-07-28,Corporate
C09704,Customer 9704,customer9704@example.com,Chennai,Tamil Nadu,2026-02-08,Small Business
C09705,Customer 9705,customer9705@example.com,Kolkata,West Bengal,2024-11-02,Small Business
C09706,Customer 9706,customer9706@example.com,Panipat,Haryana,2025-08-09,Corporate
C09707,Customer 9707,customer9707@example.com,Kolkata,West Bengal,2025-10-17,Small Business
C09708,Customer 9708,customer9708@example.com,Pune,Maharashtra,2025-08-09,Corporate
C09709,Customer 9709,customer9709@example.com,Panipat,Haryana,2024-12-10,Small Business
C09710,Customer 9710,,Jaipur,Rajasthan,2024-02-16,Consumer
C09711,Customer 9711,customer9711@example.com,Chennai,Tamil Nadu,2024-01-02,Consumer
C09712,Customer 9712,customer9712@example.com,Ahmedabad,Gujarat,2024-09-13,Corporate
C09713,Customer 9713,customer9713@example.com,Mumbai,Maharashtra,2025-10-28,Consumer
C09714,Customer 9714,customer9714@example.com,Pune,Maharashtra,2024-04-02,Corporate
C09715,Customer 9715,customer9715@example.com,Jaipur,Rajasthan,2025-09-06,Consumer
C09716,Customer 9716,customer9716@example.com,HYDERABAD,Telangana,2025-06-17,Corporate
C09717,Customer 9717,customer9717@example.com,Ahmedabad,Gujarat,2026-05-11,Consumer
C09718,Customer 9718,customer9718@example.com,Kolkata,West Bengal,2024-07-14,Corporate
C09719,Customer 9719,customer9719@example.com,Mumbai,Maharashtra,2024-02-11,Consumer
C09720,Customer 9720,customer9720@example.com,Delhi,Delhi,2025-07-31,Small Business
C09721,Customer 9721,customer9721@example.com,Kolkata,West Bengal,2025-11-11,Corporate
C09722,Customer 9722,customer9722@example.com,Kolkata,West Bengal,2024-10-19,Small Business
C09723,Customer 9723,customer9723@example.com,Chennai,Tamil Nadu,2025-04-16,Corporate
C09724,Customer 9724,customer9724@example.com,Ahmedabad,Gujarat,2025-01-09,Consumer
C09725,Customer 9725,customer9725@example.com,Bengaluru,Karnataka,2024-03-09,Small Business
C09726,Customer 9726,customer9726@example.com,Chennai,Tamil Nadu,2026-01-25,Corporate
C09727,Customer 9727,customer9727@example.com,Jaipur,Rajasthan,2026-01-08,Consumer
C09728,Customer 9728,customer9728@example.com,Pune,Maharashtra,2024-01-04,Small Business
C09729,Customer 9729,customer9729@example.com,Jaipur,Rajasthan,2026-02-11,Small Business
C09730,Customer 9730,customer9730@example.com,Mumbai,Maharashtra,2026-05-09,Small Business
C09731,Customer 9731,customer9731@example.com,Hyderabad,Telangana,2026-03-16,Small Business
C09732,Customer 9732,customer9732@example.com,Jaipur,Rajasthan,2026-06-13,Corporate
C09733,Customer 9733,customer9733@example.com,Jaipur,Rajasthan,2026-04-05,Corporate
C09734,Customer 9734,customer9734@example.com,Delhi,Delhi,2025-08-07,Corporate
C09735,Customer 9735,customer9735@example.com,Mumbai,Maharashtra,2024-09-07,Small Business
C09736,Customer 9736,customer9736@example.com,Pune,Maharashtra,2024-06-21,Corporate
C09737,Customer 9737,customer9737@example.com,Panipat,Haryana,2026-01-24,Small Business
C09738,Customer 9738,customer9738@example.com,Hyderabad,Telangana,2026-01-09,Small Business
C09739,Customer 9739,customer9739@example.com,Chennai,Tamil Nadu,2026-01-03,Small Business
C09740,Customer 9740,customer9740@example.com,Bengaluru,Karnataka,2024-06-18,Corporate
C09741,Customer 9741,customer9741@example.com,Chennai,Tamil Nadu,2026-05-08,Corporate
C09742,Customer 9742,customer9742@example.com,Bengaluru,Karnataka,2025-06-12,Consumer
C09743,Customer 9743,customer9743@example.com,Delhi,Delhi,2026-05-19,Corporate
C09744,Customer 9744,customer9744@example.com,PUNE,Maharashtra,2025-12-17,Consumer
C09745,Customer 9745,customer9745@example.com,Chennai,Tamil Nadu,2025-02-16,Consumer
C09746,Customer 9746,customer9746@example.com,Ahmedabad,Gujarat,2024-08-06,Small Business
C09747,Customer 9747,customer9747@example.com,Delhi,Delhi,2025-01-15,Consumer
C09748,Customer 9748,customer9748@example.com,JAIPUR,Rajasthan,2026-03-28,Consumer
C09749,Customer 9749,customer9749@example.com,Kolkata,West Bengal,2025-07-07,Small Business
C09750,Customer 9750,customer9750@example.com,Mumbai,Maharashtra,2024-10-28,Consumer
C09751,Customer 9751,customer9751@example.com,Chennai,Tamil Nadu,2026-04-23,Corporate
C09752,Customer 9752,customer9752@example.com,Hyderabad,Telangana,2025-07-30,Corporate
C09753,Customer 9753,customer9753@example.com,Chennai,Tamil Nadu,2025-09-29,Small Business
C09754,Customer 9754,customer9754@example.com,Ahmedabad,Gujarat,2026-05-06,Consumer
C09755,Customer 9755,customer9755@example.com,Chennai,Tamil Nadu,2024-06-05,Consumer
C09756,Customer 9756,customer9756@example.com,Mumbai,Maharashtra,2025-04-16,Small Business
C09757,Customer 9757,customer9757@example.com,Mumbai,Maharashtra,2024-08-13,Small Business
C09758,Customer 9758,customer9758@example.com,Kolkata,West Bengal,2024-05-01,Corporate
C09759,Customer 9759,customer9759@example.com,Ahmedabad,Gujarat,2025-05-29,Small Business
C09760,Customer 9760,customer9760@example.com,Panipat,Haryana,2024-06-04,Consumer
C09761,Customer 9761,customer9761@example.com,Pune,Maharashtra,2025-04-27,Small Business
C09762,Customer 9762,customer9762@example.com,Ahmedabad,Gujarat,2024-02-27,Consumer
C09763,Customer 9763,customer9763@example.com,Chennai,Tamil Nadu,2024-11-19,Corporate
C09764,Customer 9764,customer9764@example.com,Jaipur,Rajasthan,2025-10-04,Small Business
C09765,Customer 9765,customer9765@example.com,Kolkata,West Bengal,2024-02-26,Small Business
C09766,Customer 9766,customer9766@example.com,Jaipur,Rajasthan,2024-10-14,Corporate
C09767,Customer 9767,customer9767@example.com,Kolkata,West Bengal,2025-08-17,Corporate
C09768,Customer 9768,customer9768@example.com,Bengaluru,Karnataka,2024-03-13,Small Business
C09769,Customer 9769,customer9769@example.com,Kolkata,West Bengal,2025-03-06,Corporate
C09770,Customer 9770,customer9770@example.com,Hyderabad,Telangana,2024-11-17,Consumer
C09771,Customer 9771,customer9771@example.com,Ahmedabad,Gujarat,2025-06-21,Consumer
C09772,Customer 9772,customer9772@example.com,Jaipur,Rajasthan,2025-07-07,Small Business
C09773,Customer 9773,customer9773@example.com,Panipat,Haryana,2026-05-13,Corporate
C09774,Customer 9774,customer9774@example.com,Pune,Maharashtra,2025-04-18,Small Business
C09775,Customer 9775,customer9775@example.com,Delhi,Delhi,2024-12-27,Small Business
C09776,Customer 9776,customer9776@example.com,Delhi,Delhi,2024-11-24,Corporate
C09777,Customer 9777,customer9777@example.com,Ahmedabad,Gujarat,2024-02-29,Small Business
C09778,Customer 9778,customer9778@example.com,Ahmedabad,Gujarat,2024-11-05,Corporate
C09779,Customer 9779,customer9779@example.com,Jaipur,Rajasthan,2025-09-15,Small Business
C09780,Customer 9780,customer9780@example.com,Chennai,Tamil Nadu,2024-06-20,Corporate
C09781,Customer 9781,customer9781@example.com,Jaipur,Rajasthan,2024-08-03,Small Business
C09782,Customer 9782,,Bengaluru,Karnataka,2025-07-17,Small Business
C09783,Customer 9783,customer9783@example.com,Kolkata,West Bengal,2025-02-24,Consumer
C09784,Customer 9784,customer9784@example.com,Jaipur,Rajasthan,2024-01-24,Consumer
C09785,Customer 9785,customer9785@example.com,Panipat,Haryana,2025-12-02,Corporate
C09786,Customer 9786,customer9786@example.com,Chennai,Tamil Nadu,2024-03-22,Consumer
C09787,Customer 9787,customer9787@example.com,Pune,Maharashtra,2025-08-30,Corporate
C09788,Customer 9788,customer9788@example.com,Delhi,Delhi,2024-07-03,Consumer
C09789,Customer 9789,customer9789@example.com,Ahmedabad,Gujarat,2024-01-29,Small Business
C09790,Customer 9790,customer9790@example.com,Hyderabad,Telangana,2026-01-25,Consumer
C09791,Customer 9791,customer9791@example.com,Jaipur,Rajasthan,2026-06-18,Small Business
C09792,Customer 9792,customer9792@example.com,Delhi,Delhi,2024-06-07,Small Business
C09793,Customer 9793,customer9793@example.com,Jaipur,Rajasthan,2025-06-19,Small Business
C09794,Customer 9794,customer9794@example.com,Chennai,Tamil Nadu,2026-05-17,Small Business
C09795,Customer 9795,customer9795@example.com,Delhi,Delhi,2025-06-07,Consumer
C09796,Customer 9796,customer9796@example.com,Panipat,Haryana,2025-10-26,Corporate
C09797,Customer 9797,customer9797@example.com,Panipat,Haryana,2025-02-15,Corporate
C09798,Customer 9798,customer9798@example.com,Ahmedabad,Gujarat,2024-02-07,Consumer
C09799,Customer 9799,customer9799@example.com,Panipat,Haryana,2025-04-10,Small Business
C09800,Customer 9800,customer9800@example.com,Mumbai,Maharashtra,2024-08-12,Corporate
C09801,Customer 9801,customer9801@example.com,Mumbai,Maharashtra,2025-08-26,Small Business
C09802,Customer 9802,customer9802@example.com,Mumbai,Maharashtra,2025-01-31,Small Business
C09803,Customer 9803,customer9803@example.com,Ahmedabad,Gujarat,2024-08-24,Consumer
C09804,Customer 9804,customer9804@example.com,Bengaluru,Karnataka,2025-12-24,Small Business
C09805,Customer 9805,customer9805@example.com,Chennai,Tamil Nadu,2025-11-08,Corporate
C09806,Customer 9806,customer9806@example.com,Ahmedabad,Gujarat,2025-04-10,Consumer
C09807,Customer 9807,customer9807@example.com,Pune,Maharashtra,2025-12-31,Corporate
C09808,Customer 9808,customer9808@example.com,PANIPAT,Haryana,2025-03-06,Corporate
C09809,Customer 9809,customer9809@example.com,Hyderabad,Telangana,2025-04-16,Small Business
C09810,Customer 9810,customer9810@example.com,Ahmedabad,Gujarat,2025-02-27,Small Business
C09811,Customer 9811,customer9811@example.com,Pune,Maharashtra,2024-07-14,Corporate
C09812,Customer 9812,customer9812@example.com,Hyderabad,Telangana,2025-12-08,Corporate
C09813,Customer 9813,customer9813@example.com,Panipat,Haryana,2026-03-30,Corporate
C09814,Customer 9814,customer9814@example.com,Kolkata,West Bengal,2024-08-29,Small Business
C09815,Customer 9815,customer9815@example.com,Delhi,Delhi,2026-02-23,Consumer
C09816,Customer 9816,customer9816@example.com,Pune,Maharashtra,2024-04-12,Corporate
C09817,Customer 9817,customer9817@example.com,Hyderabad,Telangana,2024-12-14,Small Business
C09818,Customer 9818,customer9818@example.com,Panipat,Haryana,2025-11-28,Corporate
C09819,Customer 9819,customer9819@example.com,Kolkata,West Bengal,2025-11-23,Consumer
C09820,Customer 9820,customer9820@example.com,Hyderabad,Telangana,2024-05-10,Small Business
C09821,Customer 9821,customer9821@example.com,Delhi,Delhi,2025-06-21,Corporate
C09822,Customer 9822,customer9822@example.com,Ahmedabad,Gujarat,2025-09-09,Small Business
C09823,Customer 9823,customer9823@example.com,Pune,Maharashtra,2025-06-12,Corporate
C09824,Customer 9824,customer9824@example.com,Bengaluru,Karnataka,2024-09-26,Consumer
C09825,Customer 9825,customer9825@example.com,Bengaluru,Karnataka,2025-01-11,Small Business
C09826,Customer 9826,customer9826@example.com,Jaipur,Rajasthan,2024-08-02,Consumer
C09827,Customer 9827,customer9827@example.com,Delhi,Delhi,2024-11-14,Consumer
C09828,Customer 9828,customer9828@example.com,Bengaluru,Karnataka,2025-05-09,Consumer
C09829,Customer 9829,customer9829@example.com,Delhi,Delhi,2026-02-09,Consumer
C09830,Customer 9830,customer9830@example.com,Pune,Maharashtra,2025-10-25,Corporate
C09831,Customer 9831,customer9831@example.com,Panipat,Haryana,2024-07-22,Corporate
C09832,Customer 9832,customer9832@example.com,Jaipur,Rajasthan,2025-03-30,Consumer
C09833,Customer 9833,customer9833@example.com,Hyderabad,Telangana,2025-10-04,Corporate
C09834,Customer 9834,customer9834@example.com,Jaipur,Rajasthan,2025-09-08,Consumer
C09835,Customer 9835,customer9835@example.com,Panipat,Haryana,2025-08-19,Small Business
C09836,Customer 9836,customer9836@example.com,Kolkata,West Bengal,2026-06-18,Corporate
C09837,Customer 9837,customer9837@example.com,Ahmedabad,Gujarat,2025-04-02,Small Business
C09838,Customer 9838,customer9838@example.com,Panipat,Haryana,2026-06-13,Consumer
C09839,Customer 9839,customer9839@example.com,Pune,Maharashtra,2025-10-16,Corporate
C09840,Customer 9840,customer9840@example.com,Bengaluru,Karnataka,2024-12-31,Corporate
C09841,Customer 9841,customer9841@example.com,Jaipur,Rajasthan,2024-10-25,Corporate
C09842,Customer 9842,customer9842@example.com,Chennai,Tamil Nadu,2025-04-29,Small Business
C09843,Customer 9843,customer9843@example.com,Bengaluru,Karnataka,2024-01-26,Consumer
C09844,Customer 9844,customer9844@example.com,Chennai,Tamil Nadu,2026-01-13,Corporate
C09845,Customer 9845,customer9845@example.com,Bengaluru,Karnataka,2026-04-13,Consumer
C09846,Customer 9846,customer9846@example.com,Delhi,Delhi,2025-03-18,Consumer
C09847,Customer 9847,customer9847@example.com,MUMBAI,Maharashtra,2025-09-19,Corporate
C09848,Customer 9848,customer9848@example.com,Kolkata,West Bengal,2024-08-11,Corporate
C09849,Customer 9849,customer9849@example.com,Jaipur,Rajasthan,2025-11-08,Consumer
C09850,Customer 9850,customer9850@example.com,Delhi,Delhi,2024-12-29,Small Business
C09851,Customer 9851,customer9851@example.com,Kolkata,West Bengal,2025-01-09,Corporate
C09852,Customer 9852,customer9852@example.com,Mumbai,Maharashtra,2025-09-07,Small Business
C09853,Customer 9853,customer9853@example.com,Mumbai,Maharashtra,2025-11-09,Corporate
C09854,Customer 9854,customer9854@example.com,Pune,Maharashtra,2024-04-16,Small Business
C09855,Customer 9855,customer9855@example.com,Chennai,Tamil Nadu,2025-07-26,Small Business
C09856,Customer 9856,customer9856@example.com,Pune,Maharashtra,2025-12-28,Consumer
C09857,Customer 9857,customer9857@example.com,Mumbai,Maharashtra,2025-08-01,Consumer
C09858,Customer 9858,customer9858@example.com,Hyderabad,Telangana,2025-07-26,Corporate
C09859,Customer 9859,customer9859@example.com,Bengaluru,Karnataka,2025-10-19,Consumer
C09860,Customer 9860,customer9860@example.com,Pune,Maharashtra,2024-08-20,Consumer
C09861,Customer 9861,customer9861@example.com,Bengaluru,Karnataka,2024-04-02,Corporate
C09862,Customer 9862,customer9862@example.com,Hyderabad,Telangana,2024-03-11,Small Business
C09863,Customer 9863,customer9863@example.com,Hyderabad,Telangana,2025-10-03,Small Business
C09864,Customer 9864,customer9864@example.com,Bengaluru,Karnataka,2025-07-04,Consumer
C09865,Customer 9865,customer9865@example.com,Ahmedabad,Gujarat,2025-03-19,Corporate
C09866,Customer 9866,customer9866@example.com,Panipat,Haryana,2025-04-22,Consumer
C09867,Customer 9867,customer9867@example.com,Bengaluru,Karnataka,2024-10-25,Corporate
C09868,Customer 9868,customer9868@example.com,Kolkata,West Bengal,2025-12-27,Corporate
C09869,Customer 9869,customer9869@example.com,Chennai,Tamil Nadu,2024-06-29,Small Business
C09870,Customer 9870,customer9870@example.com,Delhi,Delhi,2024-12-19,Small Business
C09871,Customer 9871,customer9871@example.com,Ahmedabad,Gujarat,2024-12-31,Small Business
C09872,Customer 9872,customer9872@example.com,Bengaluru,Karnataka,2025-10-27,Consumer
C09873,Customer 9873,customer9873@example.com,Kolkata,West Bengal,2024-10-01,Small Business
C09874,Customer 9874,customer9874@example.com,Ahmedabad,Gujarat,2024-04-27,Corporate
C09875,Customer 9875,customer9875@example.com,Delhi,Delhi,2025-03-28,Consumer
C09876,Customer 9876,customer9876@example.com,Hyderabad,Telangana,2024-01-14,Consumer
C09877,Customer 9877,customer9877@example.com,Mumbai,Maharashtra,2024-03-19,Small Business
C09878,Customer 9878,customer9878@example.com,Delhi,Delhi,2025-02-18,Small Business
C09879,Customer 9879,customer9879@example.com,Jaipur,Rajasthan,2024-03-14,Small Business
C09880,Customer 9880,customer9880@example.com,Bengaluru,Karnataka,2024-04-11,Consumer
C09881,Customer 9881,customer9881@example.com,Bengaluru,Karnataka,2026-05-07,Corporate
C09882,Customer 9882,customer9882@example.com,Kolkata,West Bengal,2025-01-30,Small Business
C09883,Customer 9883,customer9883@example.com,Panipat,Haryana,2025-12-23,
C09884,Customer 9884,customer9884@example.com,Bengaluru,Karnataka,2026-04-16,Small Business
C09885,Customer 9885,customer9885@example.com,Pune,Maharashtra,2025-12-11,Corporate
C09886,Customer 9886,customer9886@example.com,Kolkata,West Bengal,2024-10-21,Consumer
C09887,Customer 9887,customer9887@example.com,Mumbai,Maharashtra,2025-08-28,Small Business
C09888,Customer 9888,customer9888@example.com,Mumbai,Maharashtra,2025-07-02,Corporate
C09889,Customer 9889,customer9889@example.com,Bengaluru,Karnataka,2025-11-11,Small Business
C09890,Customer 9890,customer9890@example.com,Pune,Maharashtra,2024-07-25,Consumer
C09891,Customer 9891,customer9891@example.com,Mumbai,Maharashtra,2025-03-10,Small Business
C09892,Customer 9892,customer9892@example.com,Hyderabad,Telangana,2026-02-06,Consumer
C09893,Customer 9893,customer9893@example.com,Ahmedabad,Gujarat,2026-01-13,Small Business
C09894,Customer 9894,customer9894@example.com,Ahmedabad,Gujarat,2025-01-28,Small Business
C09895,Customer 9895,invalid-email-9894,Mumbai,Maharashtra,2024-04-29,Small Business
C09896,Customer 9896,customer9896@example.com,Pune,Maharashtra,2025-03-01,Corporate
C09897,Customer 9897,customer9897@example.com,Kolkata,West Bengal,2025-04-15,Consumer
C09898,Customer 9898,customer9898@example.com,Ahmedabad,Gujarat,2026-02-03,Corporate
C09899,Customer 9899,customer9899@example.com,Chennai,Tamil Nadu,2025-02-27,Corporate
C09900,Customer 9900,customer9900@example.com,DELHI,Delhi,2024-01-02,Consumer
C09901,Customer 9901,customer9901@example.com,Hyderabad,Telangana,2026-02-03,Corporate
C09902,Customer 9902,customer9902@example.com,Pune,Maharashtra,2024-10-11,Consumer
C09903,Customer 9903,customer9903@example.com,Panipat,Haryana,2024-05-17,Consumer
C09904,Customer 9904,customer9904@example.com,Mumbai,Maharashtra,2025-11-27,Small Business
C09905,Customer 9905,customer9905@example.com,Pune,Maharashtra,2024-10-02,Small Business
C09906,Customer 9906,customer9906@example.com,Ahmedabad,Gujarat,2025-07-11,Consumer
C09907,Customer 9907,customer9907@example.com,Delhi,Delhi,2024-08-01,Small Business
C09908,Customer 9908,customer9908@example.com,Kolkata,West Bengal,2025-03-09,Small Business
C09909,Customer 9909,customer9909@example.com,Pune,Maharashtra,2025-03-07,Corporate
C09910,Customer 9910,customer9910@example.com,Hyderabad,Telangana,2025-09-24,Small Business
C09911,Customer 9911,customer9911@example.com,Panipat,Haryana,2024-04-06,Corporate
C09912,Customer 9912,customer9912@example.com,Kolkata,West Bengal,2025-09-21,Consumer
C09913,Customer 9913,customer9913@example.com,HYDERABAD,Telangana,2024-06-02,Small Business
C09914,Customer 9914,,Bengaluru,Karnataka,2024-10-09,Corporate
C09915,Customer 9915,customer9915@example.com,Delhi,Delhi,2024-10-07,Corporate
C09916,Customer 9916,customer9916@example.com,Panipat,Haryana,2025-09-23,Consumer
C09917,Customer 9917,customer9917@example.com,Pune,Maharashtra,2024-09-08,Corporate
C09918,Customer 9918,customer9918@example.com,Delhi,Delhi,2025-04-13,Corporate
C09919,Customer 9919,customer9919@example.com,Chennai,Tamil Nadu,2025-01-04,Corporate
C09920,Customer 9920,customer9920@example.com,Bengaluru,Karnataka,2024-05-23,Corporate
C09921,Customer 9921,customer9921@example.com,Panipat,Haryana,2024-04-22,Small Business
C09922,Customer 9922,customer9922@example.com,Chennai,Tamil Nadu,2024-09-09,Corporate
C09923,Customer 9923,customer9923@example.com,Mumbai,Maharashtra,2025-01-23,Consumer
C09924,Customer 9924,customer9924@example.com,Delhi,Delhi,2025-08-04,Small Business
C09925,Customer 9925,customer9925@example.com,Hyderabad,Telangana,2026-01-22,Small Business
C09926,Customer 9926,customer9926@example.com,Chennai,Tamil Nadu,2025-09-19,Small Business
C09927,Customer 9927,customer9927@example.com,Hyderabad,Telangana,2024-12-30,Small Business
C09928,Customer 9928,customer9928@example.com,Mumbai,Maharashtra,2025-10-16,Consumer
C09929,Customer 9929,customer9929@example.com,Kolkata,West Bengal,2025-12-02,Corporate
C09930,Customer 9930,customer9930@example.com,Chennai,Tamil Nadu,2026-05-21,Corporate
C09931,Customer 9931,customer9931@example.com,Delhi,Delhi,2024-11-01,Small Business
C09932,Customer 9932,customer9932@example.com,Panipat,Haryana,2024-01-27,Consumer
C09933,Customer 9933,customer9933@example.com,Jaipur,Rajasthan,2024-11-27,Consumer
C09934,Customer 9934,customer9934@example.com,Mumbai,Maharashtra,2026-01-30,Corporate
C09935,Customer 9935,customer9935@example.com,Hyderabad,Telangana,2024-03-06,Small Business
C09936,Customer 9936,customer9936@example.com,Pune,Maharashtra,2026-05-01,Corporate
C09937,Customer 9937,customer9937@example.com,Bengaluru,Karnataka,2025-11-30,Corporate
C09938,Customer 9938,customer9938@example.com,Jaipur,Rajasthan,2025-02-12,Corporate
C09939,Customer 9939,customer9939@example.com,Mumbai,Maharashtra,2024-07-03,Small Business
C09940,Customer 9940,customer9940@example.com,Jaipur,Rajasthan,2024-08-22,Small Business
C09941,Customer 9941,customer9941@example.com,Panipat,Haryana,2024-11-03,Corporate
C09942,Customer 9942,customer9942@example.com,Pune,Maharashtra,2024-08-27,Consumer
C09943,Customer 9943,customer9943@example.com,Bengaluru,Karnataka,2025-01-04,Corporate
C09944,Customer 9944,customer9944@example.com,Chennai,Tamil Nadu,2026-01-18,Small Business
C09945,Customer 9945,customer9945@example.com,Delhi,Delhi,2025-01-17,Small Business
C09946,Customer 9946,customer9946@example.com,Kolkata,West Bengal,2024-10-26,Small Business
C09947,Customer 9947,customer9947@example.com,Pune,Maharashtra,2024-06-01,Corporate
C09948,Customer 9948,customer9948@example.com,Delhi,Delhi,2024-04-27,Corporate
C09949,Customer 9949,customer9949@example.com,Ahmedabad,Gujarat,2025-04-13,Small Business
C09950,Customer 9950,customer9950@example.com,Jaipur,Rajasthan,2025-04-22,Small Business
C09951,Customer 9951,customer9951@example.com,Hyderabad,Telangana,2024-08-06,Consumer
C09952,Customer 9952,customer9952@example.com,Mumbai,Maharashtra,2026-06-14,Small Business
C09953,Customer 9953,customer9953@example.com,Panipat,Haryana,2024-10-23,Consumer
C09954,Customer 9954,customer9954@example.com,Ahmedabad,Gujarat,2024-11-25,
C09955,Customer 9955,customer9955@example.com,Pune,Maharashtra,2025-03-27,Corporate
C09956,Customer 9956,customer9956@example.com,Chennai,Tamil Nadu,2025-03-11,Consumer
C09957,Customer 9957,customer9957@example.com,Jaipur,Rajasthan,2024-07-17,Consumer
C09958,Customer 9958,customer9958@example.com,Jaipur,Rajasthan,2026-04-03,Corporate
C09959,Customer 9959,customer9959@example.com,Jaipur,Rajasthan,2024-02-22,Consumer
C09960,Customer 9960,customer9960@example.com,Delhi,Delhi,2026-01-10,Small Business
C09961,Customer 9961,customer9961@example.com,Jaipur,Rajasthan,2025-05-06,Consumer
C09962,Customer 9962,customer9962@example.com,Delhi,Delhi,2024-11-15,Consumer
C09963,Customer 9963,customer9963@example.com,Ahmedabad,Gujarat,2024-03-27,Corporate
C09964,Customer 9964,customer9964@example.com,Delhi,Delhi,2024-03-07,Corporate
C09965,Customer 9965,customer9965@example.com,Pune,Maharashtra,2025-03-19,Corporate
C09966,Customer 9966,customer9966@example.com,Jaipur,Rajasthan,2025-02-26,Consumer
C09967,Customer 9967,customer9967@example.com,Delhi,Delhi,2026-03-30,Consumer
C09968,Customer 9968,customer9968@example.com,Kolkata,West Bengal,2026-03-28,Small Business
C09969,Customer 9969,customer9969@example.com,Delhi,Delhi,2025-07-15,Corporate
C09970,Customer 9970,customer9970@example.com,Delhi,Delhi,2024-02-16,Small Business
C09971,Customer 9971,customer9971@example.com,Chennai,Tamil Nadu,2025-10-08,Small Business
C09972,Customer 9972,customer9972@example.com,Hyderabad,Telangana,2025-03-09,Corporate
C09973,Customer 9973,customer9973@example.com,Mumbai,Maharashtra,2024-12-04,Corporate
C09974,Customer 9974,customer9974@example.com,Panipat,Haryana,2025-02-20,Small Business
C09975,Customer 9975,customer9975@example.com,Jaipur,Rajasthan,2025-10-29,Consumer
C09976,Customer 9976,customer9976@example.com,Mumbai,Maharashtra,2026-06-03,Corporate
C09977,Customer 9977,customer9977@example.com,Ahmedabad,Gujarat,2025-11-03,Consumer
C09978,Customer 9978,customer9978@example.com,Pune,Maharashtra,2026-04-08,Small Business
C09979,Customer 9979,customer9979@example.com,Delhi,Delhi,2025-01-16,Corporate
C09980,Customer 9980,customer9980@example.com,Mumbai,Maharashtra,2025-12-24,Small Business
C09981,Customer 9981,customer9981@example.com,Pune,Maharashtra,2024-01-13,Corporate
C09982,Customer 9982,customer9982@example.com,Panipat,Haryana,2024-02-24,Consumer
C09983,Customer 9983,customer9983@example.com,Pune,Maharashtra,2024-02-25,Consumer
C09984,Customer 9984,,Jaipur,Rajasthan,2025-03-18,Corporate
C09985,Customer 9985,customer9985@example.com,Hyderabad,Telangana,2025-12-13,Consumer
C09986,Customer 9986,customer9986@example.com,Hyderabad,Telangana,2026-04-30,Consumer
C09987,Customer 9987,customer9987@example.com,Mumbai,Maharashtra,2024-10-22,Small Business
C09988,Customer 9988,customer9988@example.com,Delhi,Delhi,2024-04-08,Corporate
C09989,Customer 9989,customer9989@example.com,Mumbai,Maharashtra,2024-01-28,Corporate
C09990,Customer 9990,customer9990@example.com,Chennai,Tamil Nadu,2025-05-06,Consumer
C09991,Customer 9991,customer9991@example.com,Delhi,Delhi,2024-11-18,Consumer
C09992,Customer 9992,customer9992@example.com,BENGALURU,Karnataka,2024-11-23,Small Business
C09993,Customer 9993,customer9993@example.com,Ahmedabad,Gujarat,2025-08-02,Consumer
C09994,Customer 9994,customer9994@example.com,Panipat,Haryana,2024-04-07,Corporate
C09995,Customer 9995,customer9995@example.com,Chennai,Tamil Nadu,2024-09-12,Consumer
C09996,Customer 9996,customer9996@example.com,Jaipur,Rajasthan,2024-05-24,Consumer
C09997,Customer 9997,customer9997@example.com,Mumbai,Maharashtra,2026-05-23,Consumer
C09998,Customer 9998,customer9998@example.com,Bengaluru,Karnataka,2024-02-08,Consumer
C09999,Customer 9999,customer9999@example.com,Hyderabad,Telangana,2024-08-25,Small Business
C10000,Customer 10000,customer10000@example.com,Mumbai,Maharashtra,2024-07-07,Small Business
C03105,Customer 3105,customer3105@example.com,Pune,Maharashtra,2024-05-17,Small Business
C06354,Customer 6354,customer6354@example.com,Panipat,Haryana,2025-09-12,Consumer
C08690,Customer 8690,customer8690@example.com,Hyderabad,Telangana,2026-06-07,Corporate
C05858,Customer 5858,customer5858@example.com,Chennai,Tamil Nadu,2026-04-23,Corporate
C06012,Customer 6012,customer6012@example.com,Ahmedabad,Gujarat,2024-01-05,Consumer
C09822,Customer 9822,customer9822@example.com,Ahmedabad,Gujarat,2025-09-09,Small Business
C05130,Customer 5130,customer5130@example.com,Pune,Maharashtra,2024-12-09,Small Business
C00416,Customer 416,customer416@example.com,Hyderabad,Telangana,2025-09-20,Consumer
C03539,Customer 3539,customer3539@example.com,Kolkata,West Bengal,2026-02-06,Small Business
C01704,Customer 1704,customer1704@example.com,Delhi,Delhi,2025-01-09,Small Business
C03528,Customer 3528,customer3528@example.com,Chennai,Tamil Nadu,2025-06-19,Corporate
C07900,Customer 7900,customer7900@example.com,Delhi,Delhi,2024-03-29,Consumer
C03027,Customer 3027,customer3027@example.com,Panipat,Haryana,2025-09-05,Corporate
C00747,Customer 747,customer747@example.com,Mumbai,Maharashtra,2025-12-28,Small Business
C02818,Customer 2818,customer2818@example.com,Bengaluru,Karnataka,2025-03-30,Consumer
C09848,Customer 9848,customer9848@example.com,Kolkata,West Bengal,2024-08-11,Corporate
C06985,Customer 6985,customer6985@example.com,Chennai,Tamil Nadu,2024-11-21,Small Business
C03328,Customer 3328,customer3328@example.com,DELHI,Delhi,2025-07-09,Small Business
C07954,Customer 7954,customer7954@example.com,Bengaluru,Karnataka,2024-04-29,Consumer
C01770,Customer 1770,customer1770@example.com,Bengaluru,Karnataka,2024-12-08,Small Business
C07754,Customer 7754,customer7754@example.com,Kolkata,West Bengal,2025-03-27,Consumer
C07806,Customer 7806,customer7806@example.com,Panipat,Haryana,2026-04-22,Consumer
C02292,Customer 2292,customer2292@example.com,Kolkata,West Bengal,2025-11-07,
C08223,Customer 8223,customer8223@example.com,Kolkata,West Bengal,2025-12-09,Corporate
C07865,Customer 7865,customer7865@example.com,Hyderabad,Telangana,2024-09-12,Small Business
