return_id,order_id,return_date,return_reason,refund_amount
R000001,O017760,2025-07-24,Damaged,19282.64
R000002,O045372,2025-04-02,Wrong Item,21916.57
R000003,O026899,2025-08-18,Late Delivery,21077.78
R000004,O019178,2026-03-06,Quality Issue,18039.33
R000005,O015494,2026-12-29,Damaged,8335.03
R000006,O030671,2025-07-21,Late Delivery,11970.43
R000007,O014651,2026-07-15,Quality Issue,5245.0
R000008,O035533,2026-12-16,Changed Mind,22861.13
R000009,O008230,2025-01-23,Late Delivery,9580.0
R000010,O027310,2025-04-27,Late Delivery,11106.57
R000011,O036894,2026-02-13,Wrong Item,23470.05
R000012,O021529,2025-12-07,Quality Issue,7681.78
R000013,O029352,2025-02-19,Changed Mind,17245.6
R000014,O015147,2025-06-21,Changed Mind,738.86
R000015,O037546,2026-06-29,Damaged,4232.75
R000016,O035821,2026-09-17,Changed Mind,23492.52
R000017,O019178,2026-11-16,Late Delivery,8509.75
R000018,O048002,2026-10-13,Late Delivery,24654.8
R000019,O021987,2025-09-30,Damaged,2019.56
R000020,O030534,2025-05-25,Changed Mind,1241.09
R000021,O043409,2026-05-24,Damaged,22816.88
R000022,O017178,2025-12-09,Changed Mind,9260.17
R000023,O033251,2026-09-23,Quality Issue,3209.79
R000024,O038849,2025-10-04,Quality Issue,9318.53
R000025,O021531,2025-10-28,Wrong Item,8741.74
R000026,O031391,2025-07-07,Quality Issue,6984.22
R000027,O010777,2026-07-03,Late Delivery,24981.65
R000028,O037524,2025-02-16,Quality Issue,24037.87
R000029,O004375,2026-07-14,Late Delivery,5859.31
R000030,O001615,2025-09-25,Changed Mind,550.41
R000031,O035563,2025-06-08,Quality Issue,1569.73
R000032,O038299,2025-06-09,Wrong Item,11074.46
R000033,O002828,2026-01-01,Changed Mind,14024.15
R000034,O020837,2026-03-22,Quality Issue,3967.07
R000035,O006742,2026-09-13,Damaged,13713.01
R000036,O006235,2026-05-09,Wrong Item,18132.12
R000037,O024654,2025-05-04,Quality Issue,4000.8
R000038,O042832,2026-07-29,Changed Mind,2540.28
R000039,O012668,2025-02-24,Wrong Item,21769.74
R000040,O035182,2026-03-12,Damaged,4080.83
R000041,O013761,2026-11-21,Wrong Item,17367.85
R000042,O002329,2025-06-16,Damaged,5596.31
R000043,O024454,2025-01-16,Wrong Item,23288.18
R000044,O041974,2026-05-10,Changed Mind,1299.2
R000045,O038267,2026-02-28,Quality Issue,-500.0
R000046,O003487,2025-08-17,Quality Issue,17659.89
R000047,O008335,2026-12-14,Wrong Item,1162.05
R000048,O036059,2026-10-21,Damaged,24024.93
R000049,O013137,2025-06-12,Late Delivery,18171.47
R000050,O008132,2026-02-08,Quality Issue,2471.49
R000051,O014109,2025-07-27,Wrong Item,8991.29
R000052,O036606,2025-10-09,Late Delivery,2289.68
R000053,O011264,2025-04-16,Wrong Item,18479.0
R000054,O017294,2025-01-26,Wrong Item,15116.18
R000055,O004281,2026-05-12,Damaged,21582.99
R000056,O007448,2025-07-21,Damaged,2518.61
R000057,O020985,2026-01-12,Changed Mind,9789.14
R000058,O012134,2026-12-31,Damaged,17418.37
R000059,O032164,2026-12-11,Changed Mind,3059.46
R000060,O030130,2025-05-08,Wrong Item,24043.01
R000061,O049356,2026-12-07,Wrong Item,7968.32
R000062,O041748,2025-05-09,Changed Mind,16893.74
R000063,O038470,2026-07-09,Wrong Item,9759.03
R000064,O013535,2025-01-17,Damaged,20220.22
R000065,O023193,2026-11-07,Changed Mind,7921.74
R000066,O000757,2026-02-28,Late Delivery,461.54
R000067,O038915,2025-04-14,Changed Mind,4293.86
R000068,O018819,2026-02-15,Damaged,21830.93
R000069,O042458,2026-08-15,Wrong Item,2327.01
R000070,O015259,2026-04-15,Wrong Item,18350.8
R000071,O048254,2026-03-21,Late Delivery,5838.11
R000072,O017375,2025-10-26,Changed Mind,14983.57
R000073,O020365,2026-01-05,Damaged,4531.16
R000074,O048710,2026-10-17,Quality Issue,7010.66
R000075,O020144,2026-08-10,Late Delivery,4935.79
R000076,O031990,2025-01-06,Changed Mind,18825.37
R000077,O035672,2026-11-08,Late Delivery,12863.75
R000078,O001481,2026-08-18,Late Delivery,20141.79
R000079,O001707,2025-04-19,Changed Mind,17702.04
R000080,O008205,2026-03-31,Late Delivery,1156.49
R000081,O048889,2026-04-29,Late Delivery,11514.01
R000082,O044924,2025-12-11,Wrong Item,2083.65
R000083,O007762,2026-06-04,Quality Issue,6673.26
R000084,O031364,2025-02-13,Quality Issue,13372.56
R000085,O042723,2026-02-02,Quality Issue,11732.33
R000086,O028581,2025-05-20,Wrong Item,10203.19
R000087,O020297,2025-04-21,Damaged,19259.69
R000088,O038088,2026-07-28,Wrong Item,14775.31
R000089,O018048,2026-07-25,Damaged,24318.02
R000090,O008863,2026-09-19,Late Delivery,16880.96
R000091,O026176,2026-04-14,Damaged,7663.76
R000092,O047671,2026-01-29,Damaged,2625.52
R000093,O021033,2025-11-12,Damaged,21626.57
R000094,O014635,2026-08-19,Quality Issue,10541.45
R000095,O008339,2025-10-04,Late Delivery,2750.83
R000096,O049387,2026-08-08,Quality Issue,23412.04
R000097,O007706,2025-04-14,Wrong Item,6277.97
R000098,O037911,2025-10-28,Wrong Item,1640.11
R000099,O005574,2026-02-25,Quality Issue,8434.57
R000100,O036554,2025-10-01,Damaged,3381.4
R000101,O017566,2025-05-29,Changed Mind,8393.96
R000102,O005299,2026-05-04,Late Delivery,12184.65
R000103,O013789,2026-06-02,Changed Mind,4098.65
R000104,O021661,2026-11-04,Wrong Item,9456.88
R000105,O011351,2026-04-15,Wrong Item,24775.31
R000106,O009450,2026-06-19,Late Delivery,9909.3
R000107,O025432,2025-07-07,Late Delivery,9666.69
R000108,O024800,2025-06-01,Wrong Item,6754.94
R000109,O028731,2026-08-16,Changed Mind,7338.7
R000110,O047380,2026-05-15,Changed Mind,24185.94
R000111,O044498,2026-06-17,Wrong Item,8299.23
R000112,O035585,2026-06-15,Damaged,7302.63
R000113,O049181,2025-01-13,Late Delivery,24415.54
R000114,O023443,2026-03-15,Wrong Item,8538.67
R000115,O018513,2025-07-19,Quality Issue,7847.12
R000116,O026849,2026-01-31,Quality Issue,9046.2
R000117,O014461,2026-03-12,Wrong Item,12249.52
R000118,O014262,2025-09-17,Quality Issue,18081.74
R000119,O041999,2025-11-28,Damaged,1225.93
R000120,O003849,2025-02-28,Wrong Item,9211.11
R000121,O044833,2026-03-31,Damaged,13195.67
R000122,O024753,2025-02-03,Wrong Item,15354.86
R000123,O030785,2026-07-12,Quality Issue,17048.78
R000124,O020244,2025-09-07,Wrong Item,3859.71
R000125,O005298,2026-11-25,Late Delivery,1461.15
R000126,O001506,2026-11-01,Damaged,8185.92
R000127,O045955,2025-12-28,Wrong Item,2651.16
R000128,O044030,2026-04-27,Late Delivery,22258.01
R000129,O031729,2025-03-31,Wrong Item,19196.12
R000130,O034563,2026-08-24,Changed Mind,14699.64
R000131,O010621,2025-11-06,Quality Issue,11384.34
R000132,O037449,2026-04-05,Wrong Item,11936.11
R000133,O042200,2025-09-16,Wrong Item,22658.62
R000134,O048829,2026-09-01,Quality Issue,13324.21
R000135,O045574,2025-05-18,Late Delivery,4288.92
R000136,O004777,2025-05-26,Late Delivery,15411.83
R000137,O023715,2026-04-14,Changed Mind,3541.92
R000138,O035395,2026-08-20,Quality Issue,10166.6
R000139,O033447,2025-02-03,Quality Issue,512.54
R000140,O025821,2026-04-19,Quality Issue,5355.6
R000141,O013846,2026-07-24,Damaged,12774.92
R000142,O016237,2026-12-08,Late Delivery,4206.29
R000143,O025783,2025-08-22,Damaged,18764.17
R000144,O011673,2025-05-25,Late Delivery,4158.65
R000145,O024096,2026-02-17,Damaged,15797.84
R000146,O033075,2026-08-31,Damaged,6805.62
R000147,O031311,2026-02-12,Damaged,23811.97
R000148,O037388,2025-06-19,Late Delivery,2111.21
R000149,O048873,2025-11-27,Changed Mind,5657.54
R000150,O009106,2026-06-14,Quality Issue,1239.68
R000151,O005611,2025-06-10,Wrong Item,7964.7
R000152,O036524,2025-03-29,Late Delivery,8763.93
R000153,O029295,2025-04-10,Changed Mind,9512.39
R000154,O020356,2025-09-23,Changed Mind,6283.2
R000155,O045488,2026-11-25,Wrong Item,9586.4
R000156,O040564,2025-02-02,Quality Issue,13998.84
R000157,O006499,2025-03-13,Changed Mind,11058.6
R000158,O000288,2026-09-27,Damaged,20522.0
R000159,O011454,2026-12-27,Changed Mind,16464.9
R000160,O027087,2025-07-20,Changed Mind,14459.71
R000161,O007360,2025-12-26,Wrong Item,15967.96
R000162,O012328,2025-06-03,Quality Issue,19368.09
R000163,O029779,2025-11-23,Damaged,7357.24
R000164,O028125,2025-04-03,Quality Issue,22774.82
R000165,O022596,2025-12-16,Damaged,12019.51
R000166,O035394,2026-05-13,Damaged,11271.61
R000167,O026277,invalid-date,Late Delivery,19074.96
R000168,O006518,2026-03-16,Late Delivery,17707.69
R000169,O035494,2026-06-20,Late Delivery,23609.74
R000170,O049708,2025-09-03,Quality Issue,16799.5
R000171,O042874,2025-10-20,Quality Issue,15583.22
R000172,O039143,2025-05-22,Damaged,15983.11
R000173,O008070,2025-06-05,Late Delivery,15080.2
R000174,O006816,2026-05-14,Changed Mind,21172.07
R000175,O034558,2026-01-30,Changed Mind,7899.86
R000176,O046791,2026-10-11,Damaged,1039.48
R000177,O025851,2025-10-14,Late Delivery,13642.08
R000178,O008711,2025-06-01,Wrong Item,1452.97
R000179,O045945,2025-07-05,Damaged,14609.46
R000180,O041721,2026-02-11,Late Delivery,16067.76
R000181,O015397,2026-09-25,Changed Mind,21712.98
R000182,O044643,2027-01-05,Late Delivery,20296.64
R000183,O035192,2025-05-09,Damaged,2473.84
R000184,O024093,2026-03-17,Wrong Item,20380.51
R000185,O003491,2025-03-22,Quality Issue,14397.18
R000186,O010633,2026-11-04,Late Delivery,16962.2
R000187,O005854,2025-01-25,Late Delivery,4903.99
R000188,O000643,2026-07-17,Late Delivery,19712.49
R000189,O015081,2026-07-29,Damaged,13137.53
R000190,O024638,2025-08-16,Quality Issue,10135.61
R000191,O023943,2026-08-23,Wrong Item,7010.88
R000192,O046488,2025-06-05,Changed Mind,10254.78
R000193,O045597,2026-01-25,Quality Issue,1173.68
R000194,O004292,2026-07-24,Late Delivery,19906.74
R000195,O038269,2026-01-06,Wrong Item,19494.08
R000196,O999999195,2025-01-10,Late Delivery,18065.17
R000197,O018740,2025-07-09,Quality Issue,5185.13
R000198,O006467,2025-02-25,Late Delivery,3706.06
R000199,O017186,2026-05-23,Damaged,4829.96
R000200,O010896,2026-04-28,Quality Issue,6881.87
R000201,O014428,2025-06-30,Quality Issue,8397.18
R000202,O027220,2026-07-28,Wrong Item,20785.12
R000203,O005239,2025-07-01,Late Delivery,24158.86
R000204,O013058,2026-12-16,Wrong Item,6501.8
R000205,O005648,2025-04-08,Late Delivery,3772.5
R000206,O042387,2026-04-05,Quality Issue,17781.19
R000207,O033605,2026-12-04,Changed Mind,19753.93
R000208,O038092,2026-10-30,Changed Mind,8657.94
R000209,O013430,2026-02-06,Damaged,9018.41
R000210,O005872,2026-12-15,Changed Mind,23269.23
R000211,O048247,2025-03-30,Quality Issue,24811.69
R000212,O034622,2026-01-03,Damaged,20979.45
R000213,O016902,2026-04-05,Quality Issue,20543.76
R000214,O009479,2025-11-21,Changed Mind,13686.4
R000215,O042949,2025-03-06,Wrong Item,21528.39
R000216,O034648,2025-05-08,Quality Issue,19245.45
R000217,O016833,2025-11-16,Late Delivery,4721.34
R000218,O018972,2025-09-14,Damaged,4586.94
R000219,O010991,2026-12-13,Damaged,18104.7
R000220,O011558,2025-03-22,Changed Mind,23076.01
R000221,O004665,2026-05-25,Wrong Item,19587.75
R000222,O000507,2025-02-14,Damaged,23590.76
R000223,O000674,2026-12-01,Late Delivery,18390.52
R000224,O004899,2026-03-19,Changed Mind,623.51
R000225,O047562,2025-03-10,Late Delivery,17036.06
R000226,O049301,2025-12-10,Wrong Item,15662.78
R000227,O003313,2026-01-27,Wrong Item,4923.45
R000228,O026800,2026-07-02,Late Delivery,9680.13
R000229,O033193,2026-02-19,Wrong Item,2142.79
R000230,O035539,2025-04-04,Late Delivery,18192.44
R000231,O023085,2026-12-06,Late Delivery,4836.57
R000232,O034365,2025-05-18,Damaged,7122.91
R000233,O020598,2025-11-04,Late Delivery,18865.12
R000234,O019342,2025-04-21,Late Delivery,13683.02
R000235,O002574,2025-04-25,Quality Issue,4505.87
R000236,O016869,2025-05-24,Late Delivery,19512.71
R000237,O017524,2026-07-30,Damaged,21047.52
R000238,O038289,2025-08-18,Wrong Item,7613.73
R000239,O011942,2025-04-15,Quality Issue,21993.68
R000240,O034594,2025-06-08,Damaged,4110.57
R000241,O023619,2026-09-29,Wrong Item,12375.85
R000242,O031288,2026-01-29,Late Delivery,12243.18
R000243,O024866,2026-11-05,Damaged,399.82
R000244,O031036,2026-03-01,Wrong Item,1457.54
R000245,O047155,2025-10-25,Wrong Item,5780.07
R000246,O026629,2026-03-25,Late Delivery,17207.76
R000247,O018398,2025-01-29,Damaged,8172.35
R000248,O035185,2026-05-01,Damaged,19106.19
R000249,O007354,2025-07-29,Late Delivery,15791.04
R000250,O022315,2026-09-21,Damaged,16249.15
R000251,O014525,2026-05-09,Changed Mind,17506.58
R000252,O048311,2027-01-05,Quality Issue,13126.02
R000253,O032858,2025-07-07,Quality Issue,5966.06
R000254,O001198,2025-07-26,Damaged,17222.94
R000255,O028990,2026-04-27,Damaged,6642.59
R000256,O034285,2025-01-12,Wrong Item,18721.15
R000257,O007972,2026-02-24,Damaged,21929.39
R000258,O035518,2025-08-24,Wrong Item,6074.83
R000259,O029801,2025-07-23,Quality Issue,11113.38
R000260,O042231,2026-07-10,Changed Mind,20861.62
R000261,O044271,2025-10-13,Changed Mind,18546.38
R000262,O001569,2025-07-15,Quality Issue,8182.6
R000263,O032438,2026-02-04,Wrong Item,13923.87
R000264,O017993,2025-12-30,Damaged,15250.5
R000265,O049859,2025-12-21,Late Delivery,14105.79
R000266,O023887,2026-05-12,Damaged,15712.58
R000267,O032142,2026-02-13,Late Delivery,22551.68
R000268,O041327,2026-06-14,Late Delivery,114.76
R000269,O009274,2025-03-23,Quality Issue,10016.97
R000270,O021214,2025-01-28,Wrong Item,11194.82
R000271,O002804,2026-07-25,Damaged,23490.05
R000272,O031673,2025-12-29,Wrong Item,18680.67
R000273,O015418,2025-10-14,Late Delivery,18841.9
R000274,O005476,2026-07-23,Damaged,11890.4
R000275,O006842,2025-01-16,Changed Mind,2703.21
R000276,O027450,2026-11-27,Quality Issue,5015.56
R000277,O014575,2025-10-31,Changed Mind,21702.63
R000278,O001687,2026-12-09,Damaged,7730.62
R000279,O043341,2025-08-08,Wrong Item,23707.63
R000280,O034552,2026-02-26,Quality Issue,8268.41
R000281,O041851,2026-08-25,Late Delivery,24929.69
R000282,O008013,2026-05-03,Damaged,14749.79
R000283,O016685,2026-04-04,Changed Mind,19030.89
R000284,O017087,2026-06-20,Wrong Item,22875.55
R000285,O048798,2025-06-06,Damaged,6685.18
R000286,O040335,2026-03-28,Wrong Item,8465.96
R000287,O039100,2026-11-25,Changed Mind,5505.97
R000288,O011566,2026-11-22,Changed Mind,19525.33
R000289,O018497,2026-04-06,Damaged,23204.96
R000290,O009955,2025-01-27,Quality Issue,24443.08
R000291,O039726,2025-09-11,Late Delivery,11314.72
R000292,O013406,2026-04-02,Wrong Item,6077.57
R000293,O005871,2025-10-08,Changed Mind,6533.08
R000294,O013173,2026-09-28,Changed Mind,13465.44
R000295,O003865,2025-01-19,Damaged,16610.29
R000296,O002530,2026-01-31,Damaged,5097.81
R000297,O038967,2026-02-12,Damaged,7133.99
R000298,O007432,2025-01-16,Changed Mind,20462.93
R000299,O033091,2025-07-25,Quality Issue,15525.82
R000300,O045708,2025-09-03,Quality Issue,23724.07
R000301,O012277,2025-02-05,Damaged,14427.4
R000302,O001841,2025-07-01,Changed Mind,21326.23
R000303,O005507,2026-01-20,Late Delivery,8170.21
R000304,O001292,2025-08-13,Quality Issue,15553.99
R000305,O026411,2025-02-01,Quality Issue,8218.36
R000306,O038184,2025-12-28,Wrong Item,15419.14
R000307,O008541,2025-08-15,Quality Issue,4698.86
R000308,O005047,2026-06-01,Wrong Item,23885.17
R000309,O049098,2025-06-12,Damaged,1789.97
R000310,O007199,2025-03-27,Wrong Item,19343.23
R000311,O044153,2025-05-22,Late Delivery,9108.32
R000312,O028303,2025-03-16,Late Delivery,14690.31
R000313,O033626,2025-09-24,Late Delivery,2203.16
R000314,O017387,2026-08-29,Quality Issue,11621.17
R000315,O036208,2025-05-27,Wrong Item,12968.11
R000316,O037517,2025-06-10,Wrong Item,3037.17
R000317,O001273,2026-11-09,Wrong Item,9601.08
R000318,O041320,2025-04-11,Wrong Item,20227.68
R000319,O021366,2026-02-22,Quality Issue,17531.09
R000320,O004590,2025-07-23,Damaged,19480.55
R000321,O011525,2026-10-11,Damaged,110.19
R000322,O004301,2026-10-16,Damaged,19356.06
R000323,O049482,2025-12-21,Changed Mind,12713.7
R000324,O017085,2026-10-20,Wrong Item,24109.14
R000325,O042955,2025-02-22,Damaged,11008.51
R000326,O047904,2025-11-06,Wrong Item,16559.1
R000327,O019591,2025-08-26,Wrong Item,12104.32
R000328,O038515,2025-08-13,Quality Issue,17009.29
R000329,O023711,2026-12-21,Wrong Item,15874.56
R000330,O017836,2025-03-04,Late Delivery,15531.59
R000331,O043963,2025-07-28,Late Delivery,18783.14
R000332,O037196,2026-07-06,Quality Issue,12228.79
R000333,O039530,2025-10-12,Changed Mind,23310.52
R000334,O003581,2025-11-11,Wrong Item,8137.3
R000335,O031982,2026-12-02,Quality Issue,-500.0
R000336,O008079,2026-06-27,Quality Issue,16716.47
R000337,O013023,2026-02-09,Quality Issue,11221.2
R000338,O019119,2026-11-27,Quality Issue,931.44
R000339,O032524,2026-05-15,Damaged,24025.99
R000340,O017615,2026-08-19,Late Delivery,20933.15
R000341,O029892,2026-11-14,Late Delivery,13517.06
R000342,O035456,2026-10-19,Quality Issue,2304.98
R000343,O017782,2025-09-28,Wrong Item,5864.01
R000344,O022890,2026-07-17,Changed Mind,8833.0
R000345,O044843,2025-08-10,Wrong Item,21376.24
R000346,O015109,2025-10-31,Damaged,10518.07
R000347,O019135,2025-03-31,,7511.15
R000348,O046119,2026-07-20,Changed Mind,24191.9
R000349,O026539,2026-09-03,Changed Mind,21413.41
R000350,O019151,2025-07-03,Changed Mind,2919.61
R000351,O000315,2025-06-06,Changed Mind,6144.49
R000352,O017264,2025-12-02,Damaged,8311.8
R000353,O048146,2026-04-08,Wrong Item,24633.56
R000354,O023368,2026-09-15,Wrong Item,16923.79
R000355,O015617,2026-04-27,Quality Issue,2475.32
R000356,O018092,2026-01-26,Quality Issue,14063.48
R000357,O013486,2025-11-02,Wrong Item,3567.61
R000358,O036901,2026-12-24,Changed Mind,10022.43
R000359,O022209,2025-11-12,Late Delivery,6524.02
R000360,O005618,2026-04-11,Damaged,21213.75
R000361,O011617,2025-11-02,Changed Mind,6432.19
R000362,O013664,2026-03-17,Changed Mind,22897.55
R000363,O037055,2025-10-09,Changed Mind,5793.3
R000364,O045111,2026-05-20,Changed Mind,16629.11
R000365,O001243,2025-10-20,Changed Mind,12230.11
R000366,O017993,2026-06-24,Damaged,22067.93
R000367,O019639,2026-09-05,Wrong Item,13262.1
R000368,O042622,2026-07-05,Changed Mind,12989.09
R000369,O013954,2025-07-22,Quality Issue,4356.4
R000370,O017480,2025-11-26,Changed Mind,6201.7
R000371,O007100,2026-02-21,Quality Issue,4944.13
R000372,O039275,2026-11-14,Quality Issue,23886.43
R000373,O017293,2025-07-10,Changed Mind,22213.85
R000374,O009607,2025-03-09,Changed Mind,6157.89
R000375,O019598,2025-06-14,Changed Mind,15392.31
R000376,O007183,2026-09-06,Late Delivery,22486.26
R000377,O030701,2025-04-09,Damaged,24697.34
R000378,O003790,2026-03-16,Damaged,15498.47
R000379,O017070,2025-07-20,Changed Mind,12881.39
R000380,O009590,2026-04-19,Damaged,3029.27
R000381,O017626,2026-01-23,Quality Issue,1353.47
R000382,O036046,2025-01-15,Changed Mind,8628.16
R000383,O033027,2026-05-19,Late Delivery,21523.65
R000384,O008457,2025-03-20,Damaged,17177.94
R000385,O035155,2026-10-09,Changed Mind,19246.82
R000386,O014643,2025-08-02,Quality Issue,23049.48
R000387,O034693,2026-12-28,Late Delivery,16895.88
R000388,O024754,2025-05-23,Damaged,21899.21
R000389,O044279,2026-09-18,Damaged,10409.96
R000390,O016125,2026-07-12,Quality Issue,24843.59
R000391,O032309,2025-03-07,Damaged,17397.82
R000392,O039807,2026-05-13,Late Delivery,6808.47
R000393,O006650,2025-12-11,Damaged,23377.48
R000394,O009434,2025-03-26,Wrong Item,18675.73
R000395,O000746,2025-01-10,Quality Issue,22316.97
R000396,O034511,2025-12-28,Changed Mind,10042.95
R000397,O039441,2025-07-18,Quality Issue,22343.21
R000398,O041281,2026-06-12,Wrong Item,12190.55
R000399,O038696,2026-03-18,Late Delivery,8653.38
R000400,O028854,2026-05-07,Changed Mind,16708.02
R000401,O035681,2026-12-07,Late Delivery,-500.0
R000402,O031219,2026-09-12,Late Delivery,2874.21
R000403,O040078,2025-02-13,Damaged,18682.57
R000404,O037640,2026-06-23,Wrong Item,18229.32
R000405,O048197,2026-11-23,Quality Issue,14939.55
R000406,O007924,2026-09-10,Wrong Item,6624.72
R000407,O002859,2026-09-30,Quality Issue,14454.83
R000408,O022383,2026-02-18,Damaged,4198.12
R000409,O043837,2025-04-29,Damaged,8842.0
R000410,O017422,2025-12-19,Late Delivery,18051.84
R000411,O021186,2025-05-07,Changed Mind,2916.75
R000412,O007258,2025-03-15,Quality Issue,22495.28
R000413,O021032,2025-11-26,Late Delivery,12903.61
R000414,O041170,2026-03-04,Quality Issue,22471.99
R000415,O009211,2025-03-17,Wrong Item,19665.18
R000416,O000391,2026-09-26,Changed Mind,19400.35
R000417,O016149,2025-10-15,Wrong Item,14825.88
R000418,O019710,2026-10-19,Wrong Item,21466.52
R000419,O031622,2025-10-05,Changed Mind,22642.43
R000420,O045927,2025-02-25,Wrong Item,14888.78
R000421,O040028,2026-05-30,Late Delivery,15930.81
R000422,O006441,2026-09-05,Quality Issue,11649.02
R000423,O017560,2025-02-17,Quality Issue,23508.51
R000424,O015411,2026-08-14,Damaged,2399.87
R000425,O017447,2026-05-16,Changed Mind,-500.0
R000426,O039632,2026-01-14,Late Delivery,16615.67
R000427,O005426,2026-07-21,Changed Mind,11676.27
R000428,O006156,2026-11-06,Damaged,20612.36
R000429,O027252,2025-02-14,Quality Issue,17329.45
R000430,O046994,2025-09-24,Damaged,19595.84
R000431,O030856,2026-08-09,Damaged,11747.23
R000432,O005709,2025-01-10,Wrong Item,7087.48
R000433,O022469,2025-06-09,Wrong Item,9799.8
R000434,O003503,2026-09-19,Wrong Item,24666.03
R000435,O041147,2025-02-02,Quality Issue,16115.88
R000436,O023915,2025-12-01,Wrong Item,7693.56
R000437,O034300,2025-07-15,Changed Mind,5402.84
R000438,O025516,2025-01-10,Wrong Item,18429.02
R000439,O018740,2025-08-25,Quality Issue,5274.45
R000440,O033851,2025-12-16,Wrong Item,7476.62
R000441,O009715,2025-10-18,Wrong Item,18769.6
R000442,O048503,2025-09-06,Changed Mind,9547.47
R000443,O045031,2025-12-28,Damaged,19552.48
R000444,O049255,2025-05-15,Changed Mind,1164.63
R000445,O022221,2025-10-05,Wrong Item,9903.7
R000446,O010733,2025-11-26,Late Delivery,9445.5
R000447,O007299,2025-06-12,Wrong Item,9722.37
R000448,O016390,2025-12-08,Damaged,13844.27
R000449,O002391,2026-01-12,Changed Mind,9442.56
R000450,O028274,2026-11-19,Late Delivery,14523.03
R000451,O012062,2026-06-25,Quality Issue,1760.59
R000452,O047601,2025-07-24,Wrong Item,22834.81
R000453,O048269,2026-09-17,Wrong Item,1207.88
R000454,O008921,2026-05-18,Wrong Item,16016.46
R000455,O029829,2026-11-05,Late Delivery,18242.77
R000456,O021296,2026-10-02,Damaged,24375.65
R000457,O001545,2025-09-13,Late Delivery,13094.59
R000458,O043380,2026-06-17,Changed Mind,3782.45
R000459,O014570,2025-05-11,Quality Issue,2970.51
R000460,O017001,2025-07-08,Damaged,3665.8
R000461,O029780,2025-08-04,Damaged,18347.42
R000462,O031969,2026-09-05,Changed Mind,1657.35
R000463,O048106,2025-05-01,Wrong Item,19611.36
R000464,O019784,2025-04-27,Changed Mind,13733.16
R000465,O049006,2026-05-22,Wrong Item,18671.21
R000466,O020650,2026-06-15,Damaged,2866.8
R000467,O008870,2026-02-15,Late Delivery,3904.37
R000468,O046595,2026-10-06,Quality Issue,23553.82
R000469,O011268,2025-08-28,Quality Issue,21574.78
R000470,O008239,2026-11-23,Late Delivery,13226.88
R000471,O046831,2025-02-16,Quality Issue,8864.87
R000472,O007646,2026-12-23,Damaged,1455.8
R000473,O035000,2025-04-29,Quality Issue,5864.49
R000474,O018081,2026-10-29,Damaged,7675.39
R000475,O037675,2025-04-01,Damaged,2575.85
R000476,O018241,2026-12-25,Quality Issue,15657.41
R000477,O025970,2026-01-03,Quality Issue,14406.93
R000478,O035655,2025-02-08,Late Delivery,2023.63
R000479,O033702,2026-03-04,Damaged,2926.44
R000480,O045805,2026-01-29,Late Delivery,20249.73
R000481,O029711,2026-10-01,Changed Mind,4044.52
R000482,O999999481,2025-03-25,Quality Issue,1120.95
R000483,O015369,2026-10-27,Wrong Item,1534.45
R000484,O033757,2025-01-10,Changed Mind,19005.54
R000485,O046341,2025-11-16,Changed Mind,1284.49
R000486,O009285,2026-12-07,Changed Mind,22737.8
R000487,O028090,2025-06-25,Changed Mind,15005.46
R000488,O033802,2026-04-06,Wrong Item,14847.45
R000489,O035885,2025-05-21,Quality Issue,1102.13
R000490,O028470,2026-07-04,Wrong Item,16575.59
R000491,O042819,2025-11-10,Quality Issue,5240.05
R000492,O044718,2026-04-30,Changed Mind,904.46
R000493,O007155,2026-05-02,Quality Issue,16423.63
R000494,O001479,2026-07-06,Changed Mind,2278.7
R000495,O016648,2026-12-07,Quality Issue,14292.59
R000496,O036339,2025-05-17,Changed Mind,5824.79
R000497,O029134,2026-06-11,Wrong Item,14012.13
R000498,O042548,2026-05-08,Late Delivery,16186.32
R000499,O014029,2026-02-09,Damaged,10053.86
R000500,O024527,2025-03-12,Damaged,2230.62
R000501,O041707,2026-04-14,Late Delivery,16031.08
R000502,O028460,2025-06-05,Damaged,5283.13
R000503,O039550,2025-02-03,Damaged,18500.52
R000504,O029070,2026-05-21,Changed Mind,21106.88
R000505,O002194,2026-01-31,Late Delivery,-500.0
R000506,O020218,2025-08-07,Wrong Item,16934.94
R000507,O041200,2025-05-13,Damaged,1929.59
R000508,O031846,2025-11-30,Damaged,24581.86
R000509,O006621,2026-03-06,Wrong Item,20975.18
R000510,O028971,2025-06-19,Quality Issue,2536.05
R000511,O043641,2026-11-09,Damaged,8926.79
R000512,O015133,2025-01-18,Late Delivery,9242.13
R000513,O041783,2025-05-25,Changed Mind,4184.81
R000514,O025907,2026-08-25,Quality Issue,9776.46
R000515,O027438,2026-04-14,Quality Issue,17830.35
R000516,O005834,2026-10-01,Quality Issue,9167.61
R000517,O040241,2026-07-13,Damaged,9053.55
R000518,O046739,2025-06-11,Damaged,12820.39
R000519,O001138,2026-10-26,Late Delivery,13184.46
R000520,O004034,2025-10-11,Quality Issue,14631.33
R000521,O033698,2025-12-06,Damaged,17944.11
R000522,O043815,2026-04-06,Changed Mind,1385.36
R000523,O000874,2025-01-28,Damaged,11780.38
R000524,O045681,2026-11-18,Damaged,2308.92
R000525,O010185,2025-01-17,Quality Issue,6437.56
R000526,O033203,2026-11-30,Changed Mind,4456.68
R000527,O049489,2025-02-23,Quality Issue,18825.87
R000528,O003431,2025-01-22,Late Delivery,23457.7
R000529,O035380,2025-09-02,Late Delivery,6128.64
R000530,O027556,2025-04-23,Wrong Item,11024.02
R000531,O044980,2026-08-19,Changed Mind,17055.81
R000532,O009346,2026-03-16,Quality Issue,13563.3
R000533,O039180,2025-01-09,Wrong Item,204.06
R000534,O033507,2025-11-04,Damaged,6181.46
R000535,O029645,2026-12-16,Quality Issue,9166.47
R000536,O019862,2025-09-16,Wrong Item,14208.9
R000537,O037052,2026-04-23,Late Delivery,21081.69
R000538,O021269,2025-04-15,Changed Mind,4866.02
R000539,O021166,2026-02-27,Wrong Item,3015.93
R000540,O028173,2025-12-05,Damaged,9003.71
R000541,O045139,2026-04-18,Quality Issue,22195.76
R000542,O042182,2026-07-02,Quality Issue,1782.38
R000543,O011146,2026-04-21,Changed Mind,21478.2
R000544,O041864,2026-11-25,Quality Issue,11338.65
R000545,O043444,2026-11-24,Changed Mind,21087.09
R000546,O026024,2026-11-04,Damaged,6911.74
R000547,O006933,2026-04-20,Wrong Item,1988.17
R000548,O001616,2025-08-10,Wrong Item,3140.72
R000549,O048215,2026-10-26,Wrong Item,11890.83
R000550,O038134,2025-09-02,Late Delivery,4203.01
R000551,O044847,2026-06-29,Changed Mind,19904.8
R000552,O021909,2026-10-22,Late Delivery,7087.49
R000553,O034689,2025-06-03,Changed Mind,11735.92
R000554,O047377,2025-01-25,Quality Issue,21947.32
R000555,O020138,2025-09-19,Late Delivery,9997.58
R000556,O013876,2026-06-20,Quality Issue,8148.34
R000557,O010098,2026-06-24,Wrong Item,22912.65
R000558,O010487,2026-02-01,Changed Mind,16979.44
R000559,O022092,2026-12-03,Wrong Item,9671.69
R000560,O049245,2026-04-09,Quality Issue,16315.59
R000561,O034005,2025-12-04,Quality Issue,8823.99
R000562,O020682,2025-04-21,Damaged,3758.93
R000563,O046323,2025-10-17,Quality Issue,17807.31
R000564,O046723,2026-03-12,Damaged,16036.26
R000565,O048325,2025-02-18,Quality Issue,14613.54
R000566,O012720,2026-11-09,Quality Issue,24783.65
R000567,O032945,2025-09-19,Changed Mind,5011.61
R000568,O015494,2025-04-21,Late Delivery,22746.56
R000569,O018048,2025-10-09,Damaged,21144.27
R000570,O011610,2025-06-21,Damaged,461.86
R000571,O006634,2026-04-12,Wrong Item,17059.76
R000572,O043201,2026-05-30,Quality Issue,12795.86
R000573,O006636,2025-04-01,Late Delivery,8754.19
R000574,O999999573,2025-08-10,,17057.52
R000575,O023423,2025-11-18,Damaged,6824.19
R000576,O007608,2025-11-07,Damaged,19825.34
R000577,O034053,2026-01-13,Wrong Item,24652.22
R000578,O041917,2025-08-16,Quality Issue,23390.61
R000579,O020486,2026-07-24,Changed Mind,16915.96
R000580,O002931,2026-08-29,Changed Mind,6469.67
R000581,O021766,2025-12-17,Changed Mind,16638.82
R000582,O018903,2026-02-20,Damaged,22505.34
R000583,O021378,2025-12-12,Quality Issue,14659.44
R000584,O000155,2026-09-25,Changed Mind,703.08
R000585,O008581,2026-11-01,Changed Mind,11402.27
R000586,O030620,2026-10-15,Late Delivery,6511.7
R000587,O045312,2025-05-15,Late Delivery,12820.97
R000588,O032140,2026-08-21,Damaged,20365.62
R000589,O011175,2025-03-13,Damaged,20124.92
R000590,O002378,2026-07-09,Late Delivery,12374.82
R000591,O045453,2025-07-19,Late Delivery,23737.27
R000592,O026073,2026-03-09,Quality Issue,5019.14
R000593,O035533,2026-08-02,Damaged,14228.07
R000594,O038252,2026-03-11,Quality Issue,24551.43
R000595,O045540,2025-06-25,Quality Issue,2533.8
R000596,O003725,2026-05-17,Changed Mind,21920.18
R000597,O023601,2026-06-06,Late Delivery,6259.28
R000598,O021956,2025-01-26,Late Delivery,675.23
R000599,O013214,2026-04-21,Late Delivery,10511.53
R000600,O032394,2026-01-09,Late Delivery,14541.86
R000601,O033305,2025-08-16,Damaged,22356.98
R000602,O000292,2025-12-31,Wrong Item,23186.94
R000603,O048822,2025-03-15,Changed Mind,18776.12
R000604,O044056,2025-06-19,Changed Mind,21922.41
R000605,O043201,2025-02-14,Late Delivery,21733.95
R000606,O009770,2025-07-17,Changed Mind,24886.36
R000607,O038157,2026-03-03,Wrong Item,8273.0
R000608,O002165,2025-06-24,Wrong Item,24449.78
R000609,O024983,2026-10-18,Damaged,13945.55
R000610,O024253,2026-06-22,Quality Issue,17216.03
R000611,O049625,2026-06-27,Quality Issue,9639.25
R000612,O026710,2026-12-04,Changed Mind,11892.12
R000613,O022385,2026-05-31,Late Delivery,23197.06
R000614,O041542,2025-08-31,Damaged,6102.09
R000615,O019160,2026-01-22,Quality Issue,4672.94
R000616,O019604,2026-03-26,Damaged,19348.49
R000617,O039232,2025-05-22,Late Delivery,10172.99
R000618,O008585,2026-10-10,Quality Issue,4837.6
R000619,O033370,2025-01-19,Late Delivery,3403.47
R000620,O041377,invalid-date,Damaged,5073.72
R000621,O024778,2025-03-07,Late Delivery,7408.68
R000622,O011163,2025-04-05,Wrong Item,9598.3
R000623,O035319,2026-12-07,Wrong Item,12280.51
R000624,O018350,2025-03-05,Quality Issue,14950.29
R000625,O013277,2025-12-07,Wrong Item,12216.69
R000626,O033739,2026-07-10,Damaged,11926.53
R000627,O014849,2026-10-01,Quality Issue,3628.83
R000628,O011129,2026-08-13,Late Delivery,4226.44
R000629,O005640,2025-02-11,Wrong Item,10565.05
R000630,O038255,2025-12-20,Quality Issue,429.89
R000631,O042552,2026-06-16,Quality Issue,12457.82
R000632,O047211,2025-03-26,Damaged,537.01
R000633,O049994,2026-11-26,Wrong Item,5009.1
R000634,O001262,2025-10-25,Changed Mind,12094.28
R000635,O034308,2025-04-08,Wrong Item,24630.47
R000636,O005283,2025-05-13,Damaged,21147.48
R000637,O004440,2026-12-29,Changed Mind,1142.35
R000638,O017926,2026-09-27,Late Delivery,24231.52
R000639,O026074,2025-05-26,Damaged,17835.94
R000640,O016375,2025-02-21,Damaged,6103.36
R000641,O040700,2026-08-28,Quality Issue,22900.99
R000642,O040708,2026-03-17,Quality Issue,14883.34
R000643,O018412,2026-03-09,Wrong Item,22890.01
R000644,O023899,2026-01-19,Quality Issue,5779.07
R000645,O026382,2026-10-26,Quality Issue,4399.6
R000646,O028291,2025-03-11,Damaged,23854.81
R000647,O999999646,2025-12-13,Changed Mind,5147.48
R000648,O031058,2026-04-08,Wrong Item,2895.15
R000649,O011057,2027-01-04,Quality Issue,21261.05
R000650,O047651,2026-11-27,Damaged,14953.59
R000651,O029983,2025-12-14,Changed Mind,17683.28
R000652,O000850,2025-10-09,Wrong Item,18078.08
R000653,O020730,2025-03-31,Quality Issue,3149.26
R000654,O049912,2026-03-05,Changed Mind,3876.18
R000655,O032486,2026-12-13,Late Delivery,14718.87
R000656,O040693,2025-10-02,Quality Issue,17310.69
R000657,O038298,2026-12-04,Quality Issue,8371.3
R000658,O041819,2026-09-21,Quality Issue,6789.38
R000659,O023804,2025-06-19,Damaged,9313.24
R000660,O044384,invalid-date,Changed Mind,6145.06
R000661,O049271,2026-06-23,Late Delivery,24218.65
R000662,O030575,2025-07-10,Quality Issue,21896.23
R000663,O049430,2026-01-28,Wrong Item,19632.93
R000664,O013939,2026-06-02,Damaged,24276.67
R000665,O034692,2026-11-28,Damaged,3257.48
R000666,O036428,2025-11-11,Late Delivery,23341.76
R000667,O014845,2025-04-12,Late Delivery,4242.83
R000668,O048847,2026-07-24,Late Delivery,20198.24
R000669,O999999668,2025-10-01,Quality Issue,22003.79
R000670,O042560,2026-09-28,Quality Issue,22183.64
R000671,O035554,2027-01-04,Quality Issue,3373.58
R000672,O029418,2025-11-12,Quality Issue,17396.26
R000673,O012281,2026-01-21,,2742.94
R000674,O041287,2025-02-22,Quality Issue,17018.18
R000675,O022804,2025-12-17,Damaged,15042.12
R000676,O003758,2025-04-02,Damaged,4821.15
R000677,O042580,2026-10-01,Changed Mind,2931.85
R000678,O040710,2025-02-12,Damaged,21967.13
R000679,O036108,2026-05-24,Changed Mind,2809.56
R000680,O008332,2026-05-20,Changed Mind,4950.96
R000681,O017233,2025-10-01,Wrong Item,566.91
R000682,O008787,2025-11-29,Late Delivery,5962.72
R000683,O035519,2026-03-03,Wrong Item,6372.01
R000684,O014730,2026-06-25,Late Delivery,7809.13
R000685,O048576,2026-05-04,Wrong Item,6951.37
R000686,O002053,2025-09-23,Late Delivery,17397.5
R000687,O024570,2025-01-05,Quality Issue,9406.11
R000688,O035302,2025-09-29,Damaged,10588.05
R000689,O019453,2026-10-10,Changed Mind,15556.65
R000690,O028927,2026-08-23,Changed Mind,3634.42
R000691,O006350,2025-07-16,Quality Issue,12046.7
R000692,O046139,2025-10-29,Quality Issue,1457.93
R000693,O029937,2025-09-09,Damaged,14417.46
R000694,O025985,2026-03-10,Wrong Item,23426.88
R000695,O036963,2025-12-07,Changed Mind,5056.85
R000696,O021571,2026-12-06,Damaged,22816.92
R000697,O049424,2025-04-29,Late Delivery,4057.18
R000698,O016639,2026-07-10,Wrong Item,16009.87
R000699,O025766,2026-08-09,Quality Issue,24704.38
R000700,O015231,2025-02-06,Late Delivery,9054.8
R000701,O036872,2026-04-15,Quality Issue,24265.68
R000702,O012133,2026-11-13,Late Delivery,3166.78
R000703,O038031,2026-07-05,Damaged,8216.43
R000704,O048841,2025-01-09,Quality Issue,15221.5
R000705,O007036,2025-02-14,Quality Issue,7235.95
R000706,O027815,2026-11-06,Late Delivery,6429.41
R000707,O045701,2025-06-27,Damaged,1473.49
R000708,O011661,2026-04-13,Damaged,13315.12
R000709,O000069,2026-02-04,Late Delivery,8173.91
R000710,O013031,2026-11-25,Damaged,8959.38
R000711,O023851,2026-08-22,Quality Issue,20976.91
R000712,O000944,2026-11-12,Late Delivery,17298.82
R000713,O000157,2026-08-17,Late Delivery,832.72
R000714,O036761,2026-02-13,Quality Issue,6750.42
R000715,O013170,2026-04-06,Damaged,17674.51
R000716,O025877,2026-03-13,Damaged,1850.88
R000717,O002738,2025-06-20,Wrong Item,9537.88
R000718,O016487,2026-04-12,Damaged,5226.78
R000719,O001823,2026-04-28,Late Delivery,8985.39
R000720,O022259,2026-11-27,Changed Mind,1795.79
R000721,O019906,2025-11-24,Late Delivery,21511.7
R000722,O015375,2026-06-25,Wrong Item,17132.6
R000723,O027055,2025-10-05,Wrong Item,16329.44
R000724,O010218,2026-05-11,Wrong Item,13960.82
R000725,O023245,2026-10-30,Damaged,4925.39
R000726,O029564,2025-03-09,Wrong Item,11472.58
R000727,O014999,2025-07-16,Wrong Item,11187.16
R000728,O040437,2026-01-07,Wrong Item,1111.17
R000729,O027291,2026-11-19,Quality Issue,10270.42
R000730,O009111,2025-08-20,Quality Issue,12930.18
R000731,O049374,2026-07-06,Changed Mind,23472.33
R000732,O022708,2025-08-18,Changed Mind,5922.88
R000733,O044554,2026-03-06,Wrong Item,19413.24
R000734,O017433,2026-01-04,Quality Issue,7202.17
R000735,O030255,2025-08-21,Wrong Item,8667.14
R000736,O045881,2025-06-27,Changed Mind,19560.67
R000737,O030657,2026-05-22,Quality Issue,9191.07
R000738,O007821,2026-04-19,Wrong Item,21461.98
R000739,O026039,2025-11-14,Changed Mind,20400.94
R000740,O003027,2025-11-20,Damaged,9267.78
R000741,O019623,2025-02-14,Late Delivery,17182.58
R000742,O028746,2025-08-05,Changed Mind,13740.67
R000743,O005375,2025-04-23,Wrong Item,15049.67
R000744,O008400,2026-07-10,Quality Issue,19876.05
R000745,O026610,2026-12-22,Late Delivery,5937.11
R000746,O004316,2025-10-06,Damaged,8991.52
R000747,O035884,2026-10-31,Late Delivery,22418.01
R000748,O042335,2025-09-05,Quality Issue,4857.2
R000749,O000518,2025-05-21,Wrong Item,20036.71
R000750,O044291,2026-06-23,Changed Mind,13969.6
R000751,O023985,2025-05-11,Damaged,20169.06
R000752,O022590,2025-03-18,Damaged,14827.76
R000753,O035007,2026-06-21,Changed Mind,1617.19
R000754,O007283,2025-10-08,Late Delivery,2195.49
R000755,O003979,2026-11-26,Quality Issue,10045.43
R000756,O030860,2026-10-31,Wrong Item,15949.75
R000757,O030606,2025-04-06,Wrong Item,6050.41
R000758,O006177,2026-11-01,Changed Mind,12102.13
R000759,O036647,2026-06-29,Quality Issue,15077.4
R000760,O008253,2025-07-10,Damaged,20298.72
R000761,O009646,2026-11-26,Quality Issue,5584.98
R000762,O016050,2026-05-15,Wrong Item,3686.88
R000763,O000841,2026-04-07,Quality Issue,22264.7
R000764,O020793,2025-05-30,Quality Issue,6242.41
R000765,O030379,invalid-date,Damaged,8014.82
R000766,O030491,2026-01-14,Wrong Item,2971.97
R000767,O009133,2026-09-27,Damaged,14116.04
R000768,O035012,2025-11-09,Changed Mind,12354.48
R000769,O004708,2026-02-23,Damaged,4758.0
R000770,O047887,2025-01-28,Late Delivery,12135.99
R000771,O006196,2026-04-18,Wrong Item,14789.88
R000772,O013144,2026-09-06,Changed Mind,4790.66
R000773,O021150,2025-12-21,Quality Issue,9588.02
R000774,O031154,2026-06-07,Quality Issue,23753.08
R000775,O035541,2025-02-10,Quality Issue,9338.06
R000776,O000078,2025-10-24,Quality Issue,23563.09
R000777,O047887,2026-08-06,Wrong Item,13317.82
R000778,O014988,2026-03-08,Wrong Item,3973.55
R000779,O017213,2026-04-26,Damaged,634.39
R000780,O001382,2025-03-01,Late Delivery,11179.37
R000781,O041452,2025-10-27,Changed Mind,23956.83
R000782,O047905,2025-08-26,Damaged,4344.27
R000783,O011670,2025-05-01,Wrong Item,23794.42
R000784,O020889,2026-04-21,Quality Issue,3080.18
R000785,O999999784,2026-10-07,Changed Mind,14834.93
R000786,O003942,2025-09-18,Damaged,12753.81
R000787,O030741,2025-01-30,Damaged,22335.62
R000788,O041075,2026-12-21,Changed Mind,23948.34
R000789,O012226,2026-08-26,Changed Mind,11760.31
R000790,O045543,2026-04-01,Quality Issue,18888.59
R000791,O025362,2025-01-14,Changed Mind,14865.9
R000792,O014511,2026-05-11,Changed Mind,15382.8
R000793,O008300,2025-05-06,Changed Mind,21315.2
R000794,O014022,2025-03-03,Changed Mind,18476.8
R000795,O044287,2027-01-02,Late Delivery,11566.42
R000796,O034168,2025-04-15,Damaged,21856.79
R000797,O015491,2025-02-24,Wrong Item,2222.3
R000798,O006370,2026-11-24,Changed Mind,19668.91
R000799,O039834,2025-07-11,Late Delivery,8656.41
R000800,O028599,2025-10-16,,24186.59
R000801,O004893,2025-09-21,Late Delivery,24911.36
R000802,O011375,2026-06-08,Late Delivery,22019.66
R000803,O020877,2025-05-05,Quality Issue,13963.31
R000804,O033745,2026-11-08,Late Delivery,9405.46
R000805,O008748,2026-06-29,Wrong Item,991.04
R000806,O041322,2026-09-28,Wrong Item,2060.63
R000807,O044538,2025-02-08,Quality Issue,23106.74
R000808,O042609,2026-11-11,Late Delivery,514.5
R000809,O029768,2025-08-14,Damaged,21742.16
R000810,O032438,2026-08-06,Late Delivery,-500.0
R000811,O007447,2026-12-29,Quality Issue,12799.42
R000812,O022127,2026-02-05,Quality Issue,11884.83
R000813,O036564,2026-01-10,Late Delivery,23366.94
R000814,O029034,2026-03-25,Wrong Item,6217.94
R000815,O004055,2025-10-22,Damaged,9566.41
R000816,O033251,2025-06-21,Quality Issue,9494.52
R000817,O007991,2026-10-24,Quality Issue,18951.78
R000818,O022417,2026-05-16,Wrong Item,22737.17
R000819,O017379,2026-09-12,Changed Mind,22508.42
R000820,O012246,2026-09-29,Quality Issue,24665.7
R000821,O044185,2026-10-03,Damaged,17723.26
R000822,O022281,2026-12-24,Changed Mind,5375.75
R000823,O024616,2025-08-30,Wrong Item,16569.15
R000824,O017257,2026-02-16,Wrong Item,14970.08
R000825,O044359,2026-10-19,Damaged,20012.85
R000826,O037857,2026-07-24,Damaged,10249.84
R000827,O021265,2025-10-03,Late Delivery,3258.45
R000828,O014648,2026-01-26,Wrong Item,16743.89
R000829,O021347,2025-02-06,Quality Issue,16854.22
R000830,O007042,2025-12-02,Changed Mind,6829.5
R000831,O037459,2025-04-09,Quality Issue,6612.85
R000832,O004896,2025-10-06,Wrong Item,19671.98
R000833,O042901,2025-02-28,Damaged,7478.15
R000834,O029690,2025-03-20,Changed Mind,1184.54
R000835,O044766,2026-08-24,Damaged,10786.46
R000836,O034400,2026-03-10,Changed Mind,7784.91
R000837,O014763,2026-08-05,Changed Mind,8173.71
R000838,O024907,2025-04-06,Quality Issue,2356.36
R000839,O046931,2026-07-14,Quality Issue,7634.63
R000840,O026664,2026-06-14,Quality Issue,19719.25
R000841,O025076,2025-05-06,Damaged,7289.02
R000842,O015644,2025-05-02,Changed Mind,16564.34
R000843,O022599,2026-08-30,Changed Mind,254.78
R000844,O021619,2025-06-23,Late Delivery,23019.03
R000845,O046610,2026-11-20,Quality Issue,5771.56
R000846,O018928,2026-11-14,Quality Issue,444.2
R000847,O034861,2025-06-05,Late Delivery,11554.86
R000848,O036783,2026-06-10,Quality Issue,21552.07
R000849,O046050,2026-03-04,Late Delivery,16276.3
R000850,O018194,2025-12-09,Quality Issue,20517.96
R000851,O020939,2025-08-11,Wrong Item,19453.59
R000852,O015372,2026-08-19,Wrong Item,15364.43
R000853,O011391,2026-08-23,Wrong Item,12662.73
R000854,O004581,2026-02-16,Changed Mind,17844.61
R000855,O004368,2026-04-16,Late Delivery,13540.04
R000856,O007610,2025-07-04,Damaged,19672.24
R000857,O001972,2026-01-12,Late Delivery,19573.35
R000858,O035496,2027-01-01,Quality Issue,20081.81
R000859,O022772,2026-07-12,Quality Issue,15083.41
R000860,O044076,2026-02-27,Damaged,23986.56
R000861,O040060,2025-02-12,Late Delivery,8941.9
R000862,O030355,2025-07-07,Quality Issue,9398.44
R000863,O043890,2026-07-08,Wrong Item,20440.3
R000864,O027621,2025-04-12,Changed Mind,5256.05
R000865,O027266,2025-10-29,Wrong Item,2094.72
R000866,O035524,2026-09-26,Quality Issue,14173.6
R000867,O018074,2025-06-17,Damaged,16916.06
R000868,O010961,2025-05-12,Quality Issue,181.7
R000869,O019344,2026-12-03,Quality Issue,4284.58
R000870,O003492,2025-04-06,Damaged,20176.18
R000871,O001056,2025-08-04,Late Delivery,8592.27
R000872,O020098,2026-08-19,Changed Mind,12894.87
R000873,O026799,2025-03-26,Changed Mind,6439.62
R000874,O009006,2025-02-09,Late Delivery,11439.16
R000875,O044566,2025-11-20,Changed Mind,21514.97
R000876,O011838,2026-03-29,Wrong Item,-500.0
R000877,O005640,2025-03-09,Damaged,22672.99
R000878,O035290,2025-11-30,Changed Mind,23639.26
R000879,O010945,2026-02-07,Quality Issue,9411.09
R000880,O027928,2026-09-02,Changed Mind,9540.96
R000881,O032524,2025-10-25,Damaged,3269.06
R000882,O024741,2025-04-03,Damaged,19041.51
R000883,O004508,2025-11-25,Changed Mind,15134.73
R000884,O046325,2026-01-20,,1200.66
R000885,O025621,2026-07-12,Quality Issue,20426.07
R000886,O000957,2025-12-18,Late Delivery,14354.59
R000887,O003844,2026-07-22,Damaged,13125.43
R000888,O015597,2025-09-11,Wrong Item,15491.9
R000889,O027723,2026-09-25,Quality Issue,24800.13
R000890,O033181,2026-03-20,Late Delivery,14486.03
R000891,O002810,2026-10-28,Damaged,16566.03
R000892,O042752,2026-07-14,Changed Mind,16440.4
R000893,O030205,2026-10-23,Changed Mind,4810.7
R000894,O049655,2026-10-07,Damaged,-500.0
R000895,O032137,2025-03-12,Wrong Item,12764.38
R000896,O007610,2025-02-03,Late Delivery,14019.88
R000897,O036889,2025-10-13,Quality Issue,17824.41
R000898,O012001,2025-12-16,Quality Issue,24685.15
R000899,O026331,2026-10-15,Changed Mind,20342.76
R000900,O004351,2025-02-27,Quality Issue,21054.15
R000901,O009412,2025-10-13,Quality Issue,22438.54
R000902,O011298,2025-03-27,Changed Mind,4424.16
R000903,O039496,2025-10-30,Wrong Item,24101.9
R000904,O036358,2026-12-25,Changed Mind,5002.68
R000905,O048807,2026-02-11,Quality Issue,1368.24
R000906,O044136,2025-05-03,Late Delivery,14239.57
R000907,O017076,2025-03-02,Wrong Item,12812.29
R000908,O003066,2026-01-22,Wrong Item,21796.47
R000909,O014986,2026-01-13,Late Delivery,19001.0
R000910,O030880,2026-11-15,Quality Issue,22105.69
R000911,O030197,2026-09-25,Late Delivery,8112.75
R000912,O012034,2025-07-04,Quality Issue,5444.82
R000913,O041624,2025-03-17,Changed Mind,24297.28
R000914,O032851,2026-04-20,Wrong Item,16153.2
R000915,O048032,2026-11-24,Changed Mind,14496.73
R000916,O045039,2026-11-17,Changed Mind,16720.08
R000917,O015741,2025-12-19,Damaged,17190.85
R000918,O041313,2025-08-30,Quality Issue,22352.83
R000919,O008150,2026-11-22,Damaged,1001.34
R000920,O010982,2026-02-27,Quality Issue,10172.82
R000921,O005056,2026-11-17,Late Delivery,17366.12
R000922,O001900,2026-01-21,Wrong Item,8493.01
R000923,O028972,2025-08-25,Changed Mind,18940.62
R000924,O024180,2026-03-18,Damaged,19689.4
R000925,O032900,2026-12-19,Damaged,12877.79
R000926,O041194,2025-11-09,Damaged,18293.27
R000927,O021847,2026-01-24,Late Delivery,10545.72
R000928,O034640,2025-12-11,Quality Issue,21983.52
R000929,O025604,2026-03-13,Late Delivery,222.64
R000930,O037631,2026-07-25,Late Delivery,12112.68
R000931,O000617,2025-11-15,Late Delivery,17368.62
R000932,O030943,2026-08-22,Wrong Item,6401.77
R000933,O018055,2026-05-31,Late Delivery,3102.23
R000934,O048164,2026-02-08,Wrong Item,18017.99
R000935,O025150,2025-10-10,Wrong Item,1336.15
R000936,O049182,2025-01-28,Quality Issue,1228.61
R000937,O030127,2027-01-03,Late Delivery,19931.19
R000938,O027532,2026-09-16,Wrong Item,2847.19
R000939,O024551,2026-06-06,Late Delivery,11914.79
R000940,O028453,2026-04-21,Late Delivery,23633.36
R000941,O027952,2026-05-05,Wrong Item,11722.58
R000942,O015410,2025-02-20,Damaged,16336.87
R000943,O022681,2026-12-17,Late Delivery,9150.58
R000944,O000749,2026-04-19,Changed Mind,12647.97
R000945,O023222,2025-09-28,Late Delivery,16986.45
R000946,O017576,2025-04-07,Wrong Item,9284.48
R000947,O049036,2026-04-18,Changed Mind,12606.36
R000948,O012402,2025-09-11,Wrong Item,6700.9
R000949,O036570,2026-11-13,Wrong Item,1787.14
R000950,O000341,2025-09-09,Late Delivery,11900.3
R000951,O016681,2025-04-20,Wrong Item,14029.24
R000952,O034525,2025-03-25,Quality Issue,24047.79
R000953,O031621,2025-07-10,Late Delivery,17727.68
R000954,O002657,2025-03-19,Late Delivery,18490.8
R000955,O018823,2025-06-18,Damaged,422.59
R000956,O018687,2025-03-01,Late Delivery,10807.41
R000957,O042010,2026-01-24,Damaged,22302.26
R000958,O011875,2025-05-27,Quality Issue,22770.61
R000959,O046075,2026-02-28,Damaged,8991.11
R000960,O013944,2026-07-30,Late Delivery,15561.82
R000961,O033840,2026-03-22,Wrong Item,15001.84
R000962,O033130,2025-08-20,Damaged,23280.37
R000963,O033791,2025-12-27,Damaged,17644.57
R000964,O033663,2025-07-21,Damaged,20037.95
R000965,O026082,2026-07-10,Changed Mind,905.55
R000966,O034997,2026-08-21,Damaged,12956.44
R000967,O028075,2025-04-22,Damaged,1608.26
R000968,O009534,2025-05-29,Late Delivery,2385.34
R000969,O028718,2025-10-02,Changed Mind,13837.7
R000970,O025257,2025-02-10,Changed Mind,3697.66
R000971,O024249,2026-11-04,Wrong Item,4282.36
R000972,O002713,2026-06-08,Late Delivery,11950.95
R000973,O023502,2025-11-22,Late Delivery,5083.67
R000974,O035389,2026-10-04,Changed Mind,4174.29
R000975,O016734,2026-02-12,Changed Mind,18160.29
R000976,O020560,2026-10-01,Damaged,4795.22
R000977,O048612,2025-07-08,Damaged,9565.27
R000978,O040227,2026-11-14,Wrong Item,11619.32
R000979,O030717,2025-03-01,Quality Issue,1794.13
R000980,O011125,2026-06-06,Wrong Item,11949.89
R000981,O016978,2025-04-30,Wrong Item,8186.32
R000982,O030564,2026-03-06,Changed Mind,17805.34
R000983,O049974,2026-11-16,Changed Mind,14807.63
R000984,O006837,2025-10-17,Late Delivery,5573.63
R000985,O009984,2026-04-19,Changed Mind,12593.42
R000986,O999999985,2025-10-13,Late Delivery,8145.76
R000987,O002669,2025-10-19,Changed Mind,778.96
R000988,O020917,2025-12-19,Late Delivery,6854.35
R000989,O023739,2026-07-14,Damaged,22621.53
R000990,O026677,2026-12-20,Damaged,10770.69
R000991,O002033,2025-06-14,Damaged,804.71
R000992,O027804,2026-11-09,Damaged,18761.14
R000993,O020502,2026-04-06,Wrong Item,13273.1
R000994,O999999993,2025-10-13,Quality Issue,12395.79
R000995,O010322,2025-08-17,Quality Issue,1253.64
R000996,O047686,2025-07-31,Late Delivery,3747.59
R000997,O011721,2025-04-13,Late Delivery,13970.4
R000998,O013742,2026-07-10,Changed Mind,15782.64
R000999,O016061,2025-11-06,Quality Issue,22594.15
R001000,O048317,2026-01-12,Quality Issue,18810.35
R001001,O011282,2026-02-24,Wrong Item,6716.4
R001002,O044308,2025-03-27,Changed Mind,18870.75
R001003,O008769,2026-02-16,Changed Mind,19407.65
R001004,O019914,2025-08-17,Changed Mind,1238.01
R001005,O038218,2026-08-21,Wrong Item,20357.71
R001006,O025597,2025-06-27,Wrong Item,9704.26
R001007,O027364,2026-10-29,Wrong Item,15740.17
R001008,O030579,2026-07-09,Wrong Item,10967.44
R001009,O043636,2026-12-13,Late Delivery,18201.87
R001010,O043423,2025-09-20,Changed Mind,6116.21
R001011,O018318,2025-03-09,Wrong Item,12672.33
R001012,O012481,2025-12-24,Damaged,13766.08
R001013,O018323,2025-07-02,Wrong Item,16402.83
R001014,O035750,2025-09-22,Changed Mind,8969.22
R001015,O045333,2026-10-16,Late Delivery,2610.45
R001016,O045756,2025-04-28,Late Delivery,23503.15
R001017,O008581,2026-03-11,Damaged,2473.97
R001018,O029179,2026-11-15,Quality Issue,3210.67
R001019,O045202,2026-11-28,Late Delivery,2956.35
R001020,O020937,2025-02-22,Quality Issue,10336.39
R001021,O012718,2025-10-02,Wrong Item,1280.83
R001022,O037355,2025-08-27,Quality Issue,22111.3
R001023,O000801,2025-02-20,Changed Mind,501.48
R001024,O045856,2025-04-03,Late Delivery,7696.4
R001025,O009310,2025-01-28,Late Delivery,11507.23
R001026,O049656,2025-12-13,Quality Issue,19208.19
R001027,O018639,2025-07-28,Wrong Item,19254.06
R001028,O025709,2025-02-02,Changed Mind,9979.06
R001029,O048569,2026-03-16,Damaged,16820.06
R001030,O023421,2025-09-20,Late Delivery,23056.05
R001031,O047975,2026-08-15,Wrong Item,16549.89
R001032,O047174,invalid-date,Damaged,20602.53
R001033,O047547,2025-07-21,Wrong Item,10886.15
R001034,O041697,2025-06-20,Wrong Item,6774.83
R001035,O007962,2025-03-09,Late Delivery,17233.54
R001036,O016985,2025-02-09,Wrong Item,12162.5
R001037,O010880,2025-02-18,Quality Issue,12242.45
R001038,O004109,2026-02-24,Quality Issue,24628.21
R001039,O048230,2026-01-29,Quality Issue,2205.44
R001040,O045388,2026-05-26,Quality Issue,8458.57
R001041,O041904,2026-05-10,Quality Issue,21992.77
R001042,O037768,2026-12-17,Quality Issue,19981.8
R001043,O012077,2026-03-27,Damaged,5811.61
R001044,O024405,2026-11-27,Damaged,8321.85
R001045,O038239,2025-11-05,Damaged,10268.05
R001046,O041911,2025-06-14,Damaged,1941.53
R001047,O012902,2025-12-19,Late Delivery,16865.08
R001048,O040574,2026-06-15,Damaged,8083.61
R001049,O008038,2025-03-07,Wrong Item,19773.06
R001050,O042082,2025-11-15,Quality Issue,5276.46
R001051,O044533,2026-08-15,Quality Issue,20271.89
R001052,O044576,2025-12-23,Wrong Item,16598.93
R001053,O009766,2025-02-13,Late Delivery,4369.39
R001054,O024247,2025-10-23,Changed Mind,6985.48
R001055,O017103,2025-08-29,Changed Mind,24085.44
R001056,O015678,2026-02-26,Late Delivery,12242.67
R001057,O043381,2026-01-10,Wrong Item,10545.29
R001058,O000189,2026-03-16,Wrong Item,23937.19
R001059,O030174,2025-12-08,Changed Mind,24221.27
R001060,O048254,2025-10-23,Changed Mind,10449.45
R001061,O023494,2026-06-13,Late Delivery,16144.34
R001062,O023424,2025-06-25,Changed Mind,16838.11
R001063,O005861,2026-05-26,Quality Issue,14793.36
R001064,O001957,2025-09-08,Quality Issue,8588.51
R001065,O041404,2025-02-25,Late Delivery,23857.39
R001066,O030516,2025-02-05,Wrong Item,23872.36
R001067,O022536,2025-09-22,Quality Issue,9538.25
R001068,O048433,2026-07-14,Late Delivery,185.6
R001069,O016202,2026-02-27,Quality Issue,14074.42
R001070,O022498,2025-06-25,Changed Mind,3560.1
R001071,O009591,2026-01-24,Damaged,11665.31
R001072,O036042,2025-08-15,Late Delivery,9116.5
R001073,O007100,2025-06-13,Quality Issue,15384.58
R001074,O049158,2026-06-17,Late Delivery,10984.99
R001075,O008731,2025-01-10,Changed Mind,5040.53
R001076,O032151,2026-06-06,Quality Issue,14810.62
R001077,O024010,2025-08-15,Changed Mind,4400.93
R001078,O019641,2025-05-18,,24139.04
R001079,O023467,2025-03-29,Damaged,3034.75
R001080,O000961,2025-03-19,Late Delivery,9273.32
R001081,O009814,2025-12-17,Late Delivery,360.47
R001082,O016220,2025-12-11,Damaged,15448.14
R001083,O014650,2026-07-02,Quality Issue,7129.89
R001084,O022314,2026-06-04,Late Delivery,21704.93
R001085,O026990,2025-05-04,Quality Issue,18541.01
R001086,O027937,2026-08-16,,22085.29
R001087,O040065,2025-08-09,Wrong Item,2154.14
R001088,O007837,2026-10-22,Changed Mind,24229.08
R001089,O040409,2025-11-21,Damaged,11278.45
R001090,O002106,2026-09-17,Late Delivery,4658.98
R001091,O027547,2025-03-02,Changed Mind,21396.21
R001092,O008557,2025-02-06,Quality Issue,14957.37
R001093,O010760,2025-08-25,Wrong Item,16392.95
R001094,O032747,2026-09-14,Late Delivery,20559.65
R001095,O019174,2026-08-26,Damaged,6883.42
R001096,O046542,2025-12-30,Damaged,7148.85
R001097,O012593,2025-08-10,Late Delivery,9759.92
R001098,O009101,2026-06-18,Damaged,5672.75
R001099,O023478,2027-01-02,Damaged,2728.36
R001100,O043216,2025-04-23,Wrong Item,19106.71
R001101,O000285,2025-11-15,Damaged,5230.42
R001102,O009493,2025-12-27,Damaged,22635.42
R001103,O029655,2026-05-06,Quality Issue,18053.31
R001104,O035592,2025-09-30,Changed Mind,13975.94
R001105,O032536,2025-05-01,Wrong Item,12910.86
R001106,O004990,2026-05-20,Damaged,18375.03
R001107,O014472,2026-08-03,Quality Issue,17112.93
R001108,O007726,2025-06-21,Changed Mind,20967.16
R001109,O012851,2026-07-23,Changed Mind,6255.87
R001110,O046827,2025-12-05,Late Delivery,6658.9
R001111,O033588,2025-06-17,Damaged,2822.31
R001112,O049232,2026-04-27,Quality Issue,4892.61
R001113,O044071,2026-09-26,Quality Issue,14697.82
R001114,O033405,2026-04-03,Damaged,17239.88
R001115,O012717,2026-08-19,Late Delivery,14855.19
R001116,O044816,2026-05-17,Changed Mind,3757.66
R001117,O010289,2026-01-22,Damaged,21782.15
R001118,O037778,2025-06-25,Wrong Item,21340.13
R001119,O023989,2025-10-13,Quality Issue,15316.96
R001120,O046832,2026-04-20,Wrong Item,3659.16
R001121,O040640,2026-08-23,Quality Issue,10328.85
R001122,O003128,2025-07-11,Changed Mind,21818.45
R001123,O025022,2025-09-13,Changed Mind,16474.68
R001124,O045863,2025-11-20,Late Delivery,13629.82
R001125,O006562,2025-01-28,Late Delivery,21673.98
R001126,O021239,2026-11-02,Quality Issue,5141.61
R001127,O043612,2025-02-27,Changed Mind,6559.13
R001128,O043493,2026-01-26,,9822.72
R001129,O026944,2026-07-13,Late Delivery,11775.51
R001130,O046855,2026-04-01,Damaged,4088.05
R001131,O037345,2025-10-09,Changed Mind,7381.59
R001132,O037498,2025-07-23,Quality Issue,7344.47
R001133,O016480,2025-05-27,Damaged,11915.95
R001134,O008562,2026-08-15,Changed Mind,307.15
R001135,O001208,2026-02-06,Changed Mind,8579.94
R001136,O033897,2025-11-08,Damaged,21685.04
R001137,O002533,2025-04-10,Wrong Item,981.99
R001138,O009497,2026-01-15,Quality Issue,5237.76
R001139,O038367,2026-05-02,Quality Issue,2626.92
R001140,O000036,2026-05-17,Late Delivery,21785.52
R001141,O034116,2025-08-29,Changed Mind,22365.93
R001142,O043976,2025-08-14,Late Delivery,20529.56
R001143,O012104,2025-07-03,Damaged,16786.39
R001144,O046240,2026-07-27,Quality Issue,13644.37
R001145,O041925,2025-02-08,Wrong Item,16326.12
R001146,O027903,2026-07-23,Late Delivery,23783.97
R001147,O022793,2026-04-22,Wrong Item,21900.06
R001148,O046834,2026-05-18,Late Delivery,20323.48
R001149,O037732,2026-08-02,Wrong Item,22280.76
R001150,O027931,2025-05-31,Late Delivery,13569.14
R001151,O019923,2025-07-20,Damaged,3802.33
R001152,O032519,2026-04-27,Damaged,1362.94
R001153,O007725,2025-04-02,Damaged,8214.26
R001154,O048273,2025-10-21,Quality Issue,10115.25
R001155,O031559,2026-10-02,Late Delivery,2785.89
R001156,O045428,2025-08-01,Damaged,9034.15
R001157,O001454,2026-05-08,Quality Issue,16389.59
R001158,O009141,2026-10-24,Changed Mind,6916.16
R001159,O008620,2027-01-05,Wrong Item,17049.55
R001160,O019896,2025-02-10,Quality Issue,6493.56
R001161,O031379,2026-11-16,Damaged,18434.49
R001162,O033768,2025-12-18,Late Delivery,18556.07
R001163,O037111,2026-07-21,Damaged,13040.9
R001164,O006082,2025-02-10,Changed Mind,1713.53
R001165,O033106,2025-12-04,Changed Mind,159.9
R001166,O011097,2026-07-04,Changed Mind,10630.98
R001167,O039131,2026-07-03,Changed Mind,23886.06
R001168,O043912,2025-10-27,Late Delivery,2229.54
R001169,O046203,2026-11-14,Changed Mind,6018.87
R001170,O049910,2025-08-27,Late Delivery,2574.4
R001171,O046505,2026-10-11,Changed Mind,22705.76
R001172,O023951,2026-11-22,Quality Issue,6672.08
R001173,O006153,2026-02-16,Late Delivery,14944.92
R001174,O029797,2026-03-02,Damaged,16021.93
R001175,O016054,2026-06-23,Wrong Item,2098.93
R001176,O036774,2025-09-02,Damaged,9214.45
R001177,O9999991176,2025-04-27,Quality Issue,8736.51
R001178,O028761,2025-10-16,Late Delivery,22345.91
R001179,O047441,2025-01-09,Damaged,6044.21
R001180,O040158,2026-12-17,Damaged,8938.23
R001181,O016748,2025-12-29,Quality Issue,1981.53
R001182,O023593,2025-03-06,Late Delivery,4315.25
R001183,O034532,2025-07-30,Late Delivery,597.73
R001184,O002817,2025-06-14,Changed Mind,-500.0
R001185,O031979,2025-05-08,Late Delivery,17699.03
R001186,O000586,2026-12-10,Late Delivery,1279.89
R001187,O004623,2025-06-02,Changed Mind,21997.63
R001188,O040138,2025-11-19,Damaged,7477.38
R001189,O045650,2025-07-06,Wrong Item,5960.21
R001190,O043443,2026-01-13,Wrong Item,3886.09
R001191,O039290,2026-07-21,Changed Mind,21694.12
R001192,O006319,2026-11-02,Changed Mind,14574.45
R001193,O018803,2026-01-28,Changed Mind,2285.45
R001194,O027047,2026-10-12,Damaged,957.93
R001195,O048611,2026-11-20,Wrong Item,9414.23
R001196,O046052,2026-02-20,Changed Mind,1729.84
R001197,O028390,2026-03-02,Quality Issue,19335.79
R001198,O041864,2025-09-26,Changed Mind,5263.57
R001199,O024453,2026-06-05,Changed Mind,6139.54
R001200,O9999991199,2026-07-27,Late Delivery,9743.4
R001201,O006746,2026-10-29,Wrong Item,2275.37
R001202,O013359,2025-04-24,Changed Mind,21946.27
R001203,O044824,2026-10-13,Damaged,24851.69
R001204,O9999991203,2025-10-01,Late Delivery,3453.1
R001205,O043569,2025-11-19,Wrong Item,12070.78
R001206,O028557,2026-11-03,Wrong Item,16750.92
R001207,O032541,2026-06-29,Damaged,1035.54
R001208,O001390,2026-11-22,Late Delivery,14985.58
R001209,O020504,2026-06-17,Quality Issue,17225.66
R001210,O027702,2025-05-21,Damaged,10028.45
R001211,O033613,2026-01-11,Changed Mind,3374.47
R001212,O009610,2026-03-25,Late Delivery,20079.42
R001213,O002560,2025-10-11,Changed Mind,13335.62
R001214,O038022,2025-03-01,Damaged,8874.73
R001215,O030584,2025-03-04,Late Delivery,16138.13
R001216,O012963,2026-07-09,Late Delivery,6823.91
R001217,O046538,2026-02-11,Wrong Item,23282.04
R001218,O035377,2026-12-14,Changed Mind,24466.04
R001219,O026353,2026-03-29,Wrong Item,3339.04
R001220,O000741,2026-06-15,Wrong Item,3704.37
R001221,O039538,2026-12-09,Changed Mind,10132.66
R001222,O000164,2025-03-25,Late Delivery,17453.12
R001223,O029961,2025-11-06,Quality Issue,23486.75
R001224,O035741,2026-11-12,Late Delivery,18653.78
R001225,O030436,2026-09-04,Changed Mind,2484.13
R001226,O047470,2026-10-08,Wrong Item,16921.97
R001227,O024549,2025-05-27,Wrong Item,8567.94
R001228,O031141,2026-09-17,Late Delivery,10375.93
R001229,O033223,2026-08-09,Wrong Item,18059.31
R001230,O040294,2026-04-08,Damaged,4665.11
R001231,O011197,2025-01-05,Quality Issue,2746.81
R001232,O007612,2026-02-12,Damaged,11581.77
R001233,O026626,2026-03-05,Damaged,23947.48
R001234,O034519,2025-11-02,Quality Issue,2590.4
R001235,O049569,2025-03-10,Quality Issue,4758.24
R001236,O040838,2025-10-12,Quality Issue,2051.22
R001237,O015001,2025-02-27,Changed Mind,18376.03
R001238,O034421,2026-11-03,Damaged,14869.67
R001239,O004321,2025-11-25,Damaged,11439.43
R001240,O015275,2026-07-03,Quality Issue,3952.41
R001241,O037319,2026-09-29,Changed Mind,8121.73
R001242,O028278,2026-04-07,Wrong Item,17257.44
R001243,O046175,2025-04-17,Damaged,13407.21
R001244,O020728,2025-06-24,Late Delivery,10991.06
R001245,O041641,2026-02-07,Quality Issue,4095.01
R001246,O017738,2026-11-10,Quality Issue,11341.35
R001247,O005682,2025-05-10,Late Delivery,24892.47
R001248,O028916,2025-05-22,Changed Mind,1756.66
R001249,O015137,2026-02-02,Damaged,18485.83
R001250,O013414,2026-03-20,Late Delivery,22985.13
R001251,O003203,2026-07-15,Late Delivery,2126.11
R001252,O043693,2026-08-03,Wrong Item,1942.92
R001253,O048360,2026-05-26,Wrong Item,18139.42
R001254,O005764,2025-01-17,Changed Mind,3785.97
R001255,O030382,2026-01-01,Quality Issue,12113.2
R001256,O009845,2025-08-31,Late Delivery,4196.87
R001257,O039674,2025-11-20,Wrong Item,952.33
R001258,O032725,2025-09-13,Damaged,192.87
R001259,O013674,2026-01-17,Wrong Item,18299.25
R001260,O025078,2026-12-16,Late Delivery,16210.15
R001261,O013761,2026-11-29,Damaged,12708.41
R001262,O014614,2025-08-11,Late Delivery,12344.19
R001263,O042030,2025-10-22,Wrong Item,15400.18
R001264,O037764,2025-12-11,Late Delivery,2435.75
R001265,O025998,2026-11-21,Late Delivery,10647.77
R001266,O032093,2025-06-18,Quality Issue,355.09
R001267,O001783,2025-12-09,Damaged,23311.37
R001268,O011984,2025-03-31,Late Delivery,11919.83
R001269,O014394,2026-12-19,Late Delivery,7511.52
R001270,O049434,2025-11-28,Late Delivery,20899.76
R001271,O013080,2026-05-18,Wrong Item,23710.38
R001272,O026931,2026-12-12,Late Delivery,17196.71
R001273,O029601,2027-01-04,Damaged,7236.77
R001274,O018705,2026-01-26,Changed Mind,23312.91
R001275,O029518,2025-09-09,Quality Issue,24530.49
R001276,O045746,2025-10-26,Quality Issue,1456.79
R001277,O030588,2026-11-24,Changed Mind,23451.87
R001278,O031580,2026-03-12,Wrong Item,12848.27
R001279,O011611,2026-07-14,Wrong Item,20949.97
R001280,O017871,2025-07-04,Quality Issue,17596.12
R001281,O044385,2025-02-28,Damaged,6893.27
R001282,O027854,2026-01-16,Changed Mind,15190.06
R001283,O017629,2025-01-10,Wrong Item,20013.14
R001284,O032469,2025-01-13,Late Delivery,23935.09
R001285,O040229,2026-11-14,Quality Issue,20809.63
R001286,O040617,2025-05-27,Wrong Item,11735.96
R001287,O024276,2025-02-17,Quality Issue,11156.33
R001288,O027101,2026-11-30,Wrong Item,20946.9
R001289,O020564,2025-04-24,Changed Mind,16922.93
R001290,O029959,2026-09-28,Late Delivery,14866.69
R001291,O030753,2026-04-28,Quality Issue,5742.53
R001292,O008272,2026-05-04,Damaged,14227.05
R001293,O016618,2026-03-05,Quality Issue,826.57
R001294,O035389,2025-08-16,Wrong Item,9427.09
R001295,O026054,2025-01-21,Late Delivery,14691.91
R001296,O024558,2025-12-06,Changed Mind,12600.99
R001297,O035914,2025-05-29,Damaged,9641.87
R001298,O038539,2025-04-17,Damaged,581.07
R001299,O028010,2026-05-14,Damaged,5930.2
R001300,O008686,2025-01-06,Quality Issue,10260.84
R001301,O005205,2026-06-09,Changed Mind,9832.78
R001302,O048149,2026-06-03,Changed Mind,6774.97
R001303,O046263,2026-03-02,Quality Issue,10462.15
R001304,O014976,2026-05-07,Quality Issue,24205.19
R001305,O045899,2026-02-04,Late Delivery,21940.35
R001306,O016083,2026-09-10,Quality Issue,9741.17
R001307,O036618,2025-08-07,Late Delivery,6992.31
R001308,O009514,2026-04-26,Late Delivery,17697.17
R001309,O007432,2025-11-05,Damaged,16976.68
R001310,O022863,2026-11-26,Changed Mind,10379.41
R001311,O049926,2025-07-07,Damaged,1431.95
R001312,O033513,2027-01-03,Wrong Item,16557.07
R001313,O036061,2025-08-02,Quality Issue,14693.86
R001314,O042291,2025-02-07,Wrong Item,23551.42
R001315,O004367,2026-09-24,Wrong Item,1877.05
R001316,O014350,2025-07-27,Wrong Item,5495.77
R001317,O028209,2025-09-15,Damaged,1369.72
R001318,O004185,2025-06-22,Changed Mind,7159.63
R001319,O015421,2026-01-02,Changed Mind,16078.45
R001320,O006868,2026-11-28,Quality Issue,21347.16
R001321,O039264,2025-09-03,Late Delivery,21924.38
R001322,O028091,2025-05-18,Quality Issue,23540.71
R001323,O010363,2025-04-17,Wrong Item,1689.85
R001324,O041742,2026-05-15,Quality Issue,8494.23
R001325,O047153,2026-12-24,Wrong Item,19689.0
R001326,O025600,2026-08-26,Late Delivery,20558.42
R001327,O017196,2026-11-08,Wrong Item,14742.44
R001328,O020438,2025-03-04,Late Delivery,9667.03
R001329,O031817,2025-05-11,Late Delivery,13489.67
R001330,O001664,2026-09-05,Late Delivery,13007.52
R001331,O003815,2026-04-04,Damaged,14487.92
R001332,O009772,2026-06-25,Late Delivery,5257.27
R001333,O040437,2026-04-25,Changed Mind,12859.92
R001334,O017309,2025-06-09,Late Delivery,2279.16
R001335,O001362,2025-11-30,Quality Issue,18515.91
R001336,O031309,2026-10-15,Changed Mind,7021.2
R001337,O040411,2026-03-14,Late Delivery,4861.8
R001338,O042692,2025-05-27,Late Delivery,251.02
R001339,O032110,2025-08-10,Late Delivery,4129.04
R001340,O046040,2025-01-18,Wrong Item,3602.61
R001341,O020368,2025-04-13,Damaged,12201.98
R001342,O033118,2025-02-13,Changed Mind,17543.57
R001343,O047920,2026-04-11,Late Delivery,11635.84
R001344,O045731,2026-06-15,Damaged,2770.89
R001345,O015786,2026-01-28,Damaged,23949.13
R001346,O037336,2026-12-27,Wrong Item,24166.89
R001347,O012791,2025-11-08,Wrong Item,20300.17
R001348,O037234,2026-10-27,Damaged,18644.2
R001349,O025602,2026-05-25,Damaged,18639.75
R001350,O047675,2025-10-18,Changed Mind,19548.5
R001351,O039765,2025-07-08,Late Delivery,7438.24
R001352,O032604,2025-07-02,Damaged,23252.95
R001353,O043562,2026-08-05,Late Delivery,23629.49
R001354,O006176,2025-02-05,Quality Issue,18257.19
R001355,O015376,2025-09-19,Late Delivery,7076.32
R001356,O035909,2026-06-18,Damaged,23186.89
R001357,O008867,2025-03-02,Damaged,21903.58
R001358,O029775,2026-01-01,Late Delivery,23674.18
R001359,O018439,2026-01-07,Late Delivery,18086.29
R001360,O026043,2026-04-19,Wrong Item,1249.38
R001361,O023243,2025-08-19,Late Delivery,14912.07
R001362,O008727,2025-09-24,Quality Issue,16052.65
R001363,O021353,2025-12-11,Changed Mind,4869.72
R001364,O029897,invalid-date,Wrong Item,22638.75
R001365,O007301,2025-10-30,Wrong Item,6812.9
R001366,O024843,2026-05-27,Quality Issue,17589.68
R001367,O011579,2026-02-10,Quality Issue,8214.24
R001368,O014068,2025-12-01,Quality Issue,4026.68
R001369,O036241,2025-02-03,Late Delivery,-500.0
R001370,O036921,2025-05-12,Changed Mind,18247.7
R001371,O002093,2026-09-19,Late Delivery,14205.78
R001372,O011840,2025-07-10,Late Delivery,18324.83
R001373,O001396,2026-09-17,Damaged,9182.87
R001374,O043427,2025-11-19,Late Delivery,18321.46
R001375,O009791,2025-04-12,Quality Issue,13822.45
R001376,O049944,2026-07-09,Wrong Item,13989.76
R001377,O030710,2026-01-29,Wrong Item,2625.42
R001378,O023757,2025-08-21,Late Delivery,15106.19
R001379,O047647,2027-01-03,Damaged,17236.86
R001380,O025592,2025-10-20,Damaged,8968.2
R001381,O045373,2025-05-30,Quality Issue,16356.81
R001382,O003040,2026-02-12,Wrong Item,22343.53
R001383,O001718,2026-12-03,Quality Issue,9312.49
R001384,O025991,2026-10-25,Wrong Item,19436.83
R001385,O018180,2026-12-28,Late Delivery,24114.38
R001386,O035744,2026-09-19,Changed Mind,22124.78
R001387,O036583,2025-10-30,Changed Mind,8476.03
R001388,O032659,2025-07-12,Quality Issue,20748.04
R001389,O000231,2025-07-14,Changed Mind,15107.2
R001390,O025733,2026-08-06,Wrong Item,7573.24
R001391,O031706,2026-06-30,Changed Mind,7403.78
R001392,O028659,2026-06-06,Late Delivery,9972.52
R001393,O033180,2026-07-10,Late Delivery,4558.98
R001394,O043193,2026-02-13,Damaged,21972.49
R001395,O005574,2025-01-18,Damaged,16167.88
R001396,O002935,2026-01-01,Changed Mind,3598.58
R001397,O000844,2026-12-04,Quality Issue,20580.23
R001398,O008439,2026-08-09,Changed Mind,23814.03
R001399,O018140,2025-07-21,Damaged,18658.79
R001400,O037234,2025-09-29,Quality Issue,9399.85
R001401,O031261,2025-07-24,Quality Issue,4031.0
R001402,O017403,2027-01-05,Changed Mind,16161.13
R001403,O007386,2026-02-28,Damaged,2747.66
R001404,O042864,2025-10-27,Changed Mind,3363.99
R001405,O029926,2026-10-24,Damaged,1946.27
R001406,O011489,2025-11-25,Damaged,22416.57
R001407,O013016,2026-03-30,Quality Issue,13974.57
R001408,O038269,2025-03-25,Late Delivery,5256.14
R001409,O028273,2026-09-14,Wrong Item,13397.92
R001410,O047014,2026-01-25,Late Delivery,831.93
R001411,O039375,2026-03-10,Damaged,9519.69
R001412,O037218,2025-10-27,Wrong Item,22279.55
R001413,O049358,2025-02-10,Wrong Item,7049.32
R001414,O007670,2025-03-09,Changed Mind,14565.47
R001415,O020517,2026-01-15,Late Delivery,15785.84
R001416,O007930,2025-11-13,Late Delivery,10626.55
R001417,O046272,2025-05-07,Wrong Item,4520.74
R001418,O012834,2025-07-27,Changed Mind,15885.23
R001419,O036142,2025-02-12,Quality Issue,13692.28
R001420,O010572,2026-09-23,Late Delivery,10127.13
R001421,O002449,2025-04-12,Damaged,2157.05
R001422,O033491,2025-09-26,Late Delivery,13382.65
R001423,O039042,2026-02-19,Changed Mind,3972.73
R001424,O010866,2025-11-30,Damaged,20304.71
R001425,O007258,2025-07-25,Quality Issue,15393.99
R001426,O011696,2026-08-31,Quality Issue,21181.49
R001427,O024502,2026-02-06,Damaged,698.06
R001428,O043527,2026-06-25,Changed Mind,13608.24
R001429,O031672,2026-11-05,Wrong Item,23661.61
R001430,O027141,2025-03-19,Wrong Item,14818.49
R001431,O039969,2025-02-11,Damaged,8091.31
R001432,O004440,2025-08-20,Wrong Item,14676.98
R001433,O028214,2025-01-11,Late Delivery,13419.57
R001434,O044387,2025-10-24,Late Delivery,18620.2
R001435,O004772,2026-08-28,Changed Mind,20728.11
R001436,O011797,2026-06-26,Changed Mind,8919.28
R001437,O046449,2025-06-11,Wrong Item,11751.27
R001438,O003804,2026-11-24,,14279.84
R001439,O030901,2025-10-19,Changed Mind,1274.88
R001440,O007363,2026-11-06,Changed Mind,16796.67
R001441,O047915,2025-06-02,Quality Issue,22666.93
R001442,O027887,2026-02-03,Changed Mind,9084.28
R001443,O031586,2026-02-28,Late Delivery,15116.62
R001444,O010959,2025-03-23,Changed Mind,19105.83
R001445,O023037,2026-05-31,Wrong Item,679.92
R001446,O002971,2026-03-19,Damaged,11884.55
R001447,O041589,2025-12-18,Damaged,553.82
R001448,O040497,2025-01-06,Quality Issue,15548.63
R001449,O025836,2026-03-01,Damaged,2339.98
R001450,O031077,2026-08-14,Changed Mind,2215.96
R001451,O020276,2026-01-21,Quality Issue,10858.82
R001452,O040711,2026-03-03,Wrong Item,8507.04
R001453,O049721,2026-05-17,Quality Issue,10950.92
R001454,O024234,2026-01-09,Damaged,9573.28
R001455,O023466,2025-09-09,Damaged,7984.18
R001456,O026593,2026-10-07,Quality Issue,21536.91
R001457,O016190,2026-02-04,Wrong Item,865.96
R001458,O030359,2025-07-09,Damaged,22947.97
R001459,O023793,2025-12-01,Wrong Item,18330.02
R001460,O012197,2025-08-15,Damaged,24497.7
R001461,O007774,2026-05-03,Changed Mind,16300.78
R001462,O036150,2026-02-26,Wrong Item,20402.18
R001463,O024316,2025-12-09,Wrong Item,6495.7
R001464,O020502,2026-01-28,Changed Mind,8529.4
R001465,O031033,2025-07-15,Quality Issue,2807.68
R001466,O015045,2025-07-14,Late Delivery,3716.87
R001467,O037536,2026-01-07,Late Delivery,8309.96
R001468,O043018,2026-06-01,Late Delivery,16750.95
R001469,O013098,2026-10-15,Damaged,15226.31
R001470,O016216,2025-07-05,Changed Mind,9629.66
R001471,O006341,2026-05-29,Changed Mind,21232.95
R001472,O004022,2026-02-27,Damaged,18464.78
R001473,O047363,2025-06-28,Changed Mind,7078.12
R001474,O027584,2026-06-27,Wrong Item,21336.19
R001475,O032410,2025-12-03,Quality Issue,19569.88
R001476,O046715,2026-09-14,Wrong Item,16196.75
R001477,O021599,2026-05-04,Damaged,15284.13
R001478,O010481,2025-06-29,Damaged,18579.34
R001479,O027153,2026-01-18,Changed Mind,9100.41
R001480,O042743,2026-11-18,Late Delivery,23675.68
R001481,O028534,2025-05-04,Changed Mind,23274.77
R001482,O039843,2025-10-02,Late Delivery,7661.89
R001483,O048362,2026-07-11,Late Delivery,14317.98
R001484,O010132,2025-03-04,Late Delivery,4269.59
R001485,O016160,2026-05-04,Late Delivery,4043.01
R001486,O042221,2026-03-07,Late Delivery,6356.45
R001487,O009762,2025-05-16,Quality Issue,10470.1
R001488,O005605,2025-01-17,Late Delivery,11480.44
R001489,O008683,2025-04-17,Late Delivery,14141.45
R001490,O002581,2026-12-14,Quality Issue,22228.06
R001491,O021469,2026-05-01,Wrong Item,1715.15
R001492,O015198,2025-04-27,Changed Mind,11729.09
R001493,O049997,2025-06-10,Wrong Item,23671.09
R001494,O043006,2026-09-27,Wrong Item,8795.46
R001495,O000486,2025-02-21,Changed Mind,24824.13
R001496,O033097,2026-04-07,Changed Mind,3491.88
R001497,O032253,2025-02-04,Quality Issue,24935.15
R001498,O042430,2025-01-29,Late Delivery,1580.68
R001499,O008865,2025-08-23,Quality Issue,9280.97
R001500,O004337,2025-12-21,Late Delivery,519.23
R001501,O047161,2026-08-22,Quality Issue,23590.42
R001502,O043481,2025-02-11,Quality Issue,1575.8
R001503,O044206,2026-01-03,Quality Issue,8293.52
R001504,O005745,2025-03-11,Wrong Item,11283.29
R001505,O003265,2025-08-30,Wrong Item,1613.83
R001506,O024309,2026-06-08,Wrong Item,18302.78
R001507,O023284,2026-09-21,Quality Issue,18821.08
R001508,O011712,2026-12-04,Wrong Item,15781.53
R001509,O004651,2026-12-19,Damaged,4369.79
R001510,O006482,2026-04-25,Late Delivery,18305.71
R001511,O001048,2026-12-05,Changed Mind,13972.68
R001512,O027991,2025-07-17,Late Delivery,9449.77
R001513,O046510,2025-06-06,Changed Mind,2764.88
R001514,O024193,2025-05-22,Quality Issue,7755.86
R001515,O002763,2025-01-15,Late Delivery,12751.04
R001516,O012777,2025-10-02,Wrong Item,11859.29
R001517,O005685,2026-07-20,Wrong Item,2982.04
R001518,O034062,2025-04-21,Quality Issue,1938.52
R001519,O020536,2025-02-22,Wrong Item,14108.25
R001520,O018415,2026-01-14,Wrong Item,14544.34
R001521,O039627,2026-08-21,Wrong Item,22090.73
R001522,O011787,2026-05-02,Changed Mind,11303.07
R001523,O013843,2025-10-19,Quality Issue,7669.37
R001524,O003634,2025-12-14,Wrong Item,5410.93
R001525,O036856,2026-08-28,Damaged,16983.4
R001526,O041153,2026-08-29,Late Delivery,13257.41
R001527,O017545,2026-05-22,Changed Mind,20053.87
R001528,O042968,2027-01-04,Quality Issue,17855.95
R001529,O010390,2025-11-24,Damaged,15015.75
R001530,O042715,2026-01-01,Wrong Item,23001.4
R001531,O041616,2025-05-18,Changed Mind,23556.86
R001532,O001472,2026-08-11,Changed Mind,12235.27
R001533,O010371,2026-05-04,Damaged,12215.12
R001534,O028469,2026-11-18,Damaged,806.19
R001535,O036264,2026-02-19,Quality Issue,15393.42
R001536,O005340,2026-11-10,Quality Issue,4121.11
R001537,O047632,2026-11-07,Quality Issue,13769.33
R001538,O011194,2026-12-15,Damaged,7651.18
R001539,O040295,2026-08-12,Wrong Item,24578.78
R001540,O030440,2025-08-22,Changed Mind,8321.78
R001541,O030395,2026-11-22,Late Delivery,7599.21
R001542,O049135,2026-04-04,Late Delivery,14395.84
R001543,O042987,2026-04-05,Quality Issue,10146.54
R001544,O011753,2026-03-30,Late Delivery,2621.36
R001545,O013066,2026-12-05,Wrong Item,3580.76
R001546,O025661,2026-10-05,Wrong Item,24959.34
R001547,O031038,2026-04-10,Quality Issue,4869.51
R001548,O002807,2025-11-26,Changed Mind,6055.18
R001549,O029913,2026-08-21,Quality Issue,1890.11
R001550,O029974,2026-11-19,Quality Issue,10498.63
R001551,O035279,2026-01-25,Damaged,19558.07
R001552,O036603,2025-09-23,Quality Issue,23229.96
R001553,O018582,2025-10-15,Late Delivery,15353.9
R001554,O035470,2025-03-24,Quality Issue,4753.79
R001555,O015943,2026-03-23,Quality Issue,11551.14
R001556,O040502,2025-07-05,Damaged,14124.51
R001557,O019980,2025-06-11,Damaged,20562.91
R001558,O039921,2025-12-21,Damaged,2099.37
R001559,O047483,2025-07-05,Wrong Item,16882.78
R001560,O033721,2026-12-13,Wrong Item,11466.38
R001561,O026175,2026-10-01,Wrong Item,22158.69
R001562,O023948,2025-11-09,Changed Mind,12807.49
R001563,O014254,2026-08-28,Damaged,10323.35
R001564,O004449,2025-10-07,Quality Issue,11243.89
R001565,O026721,2025-03-03,Wrong Item,20743.11
R001566,O005772,2025-12-17,Quality Issue,11541.91
R001567,O031689,2026-12-25,Changed Mind,1145.4
R001568,O016707,2025-05-18,Changed Mind,8722.66
R001569,O011568,2025-11-07,Quality Issue,19950.0
R001570,O033162,2025-05-01,Wrong Item,10954.97
R001571,O001342,2026-01-11,Changed Mind,23321.65
R001572,O003405,2025-10-30,Quality Issue,12093.09
R001573,O038094,2025-09-29,Late Delivery,8777.52
R001574,O011447,2025-08-14,Wrong Item,21964.68
R001575,O013202,2026-01-26,Damaged,24685.98
R001576,O035442,2025-02-21,Changed Mind,11254.01
R001577,O028438,2026-05-24,Quality Issue,24015.02
R001578,O012097,2025-01-23,Damaged,24511.9
R001579,O032884,2026-07-31,Damaged,1707.75
R001580,O019435,2025-08-12,Changed Mind,13252.31
R001581,O049786,2025-11-07,Quality Issue,789.22
R001582,O005449,2026-12-11,Changed Mind,11817.32
R001583,O015413,2025-01-10,Wrong Item,13816.24
R001584,O031480,2025-05-11,Wrong Item,24702.17
R001585,O034915,2026-10-23,Late Delivery,7689.76
R001586,O006925,2025-04-12,Late Delivery,9362.36
R001587,O034508,2026-12-04,Late Delivery,13716.54
R001588,O038522,2027-01-05,Damaged,2886.7
R001589,O036717,2026-09-11,Damaged,24666.83
R001590,O040850,2025-12-26,Quality Issue,10905.88
R001591,O039779,2025-04-30,Damaged,7544.21
R001592,O023297,2025-09-04,Damaged,18422.43
R001593,O032855,2025-09-29,Late Delivery,19938.84
R001594,O043081,2025-12-08,Late Delivery,16903.89
R001595,O019108,2026-03-27,Late Delivery,11598.09
R001596,O030864,2026-02-09,Quality Issue,24952.56
R001597,O042490,2025-04-22,Damaged,17268.73
R001598,O005399,2026-07-04,Changed Mind,506.51
R001599,O009073,2026-04-07,Wrong Item,21828.47
R001600,O049694,2026-07-02,Damaged,21640.56
R001601,O013823,2026-03-20,Changed Mind,14718.34
R001602,O015565,2025-07-31,Wrong Item,1675.94
R001603,O027345,2026-09-08,Quality Issue,960.99
R001604,O046337,2026-12-21,Late Delivery,18236.22
R001605,O012801,2025-10-16,Changed Mind,5131.14
R001606,O045413,2025-01-07,Changed Mind,7992.09
R001607,O026133,2025-07-07,Quality Issue,14567.28
R001608,O044950,2026-06-28,Damaged,2951.36
R001609,O001445,2026-06-06,Changed Mind,3856.12
R001610,O022774,2025-07-02,Damaged,14414.6
R001611,O014059,2026-04-26,Late Delivery,10197.06
R001612,O034904,2025-03-08,Wrong Item,10127.17
R001613,O030224,2025-09-22,Quality Issue,13347.09
R001614,O004652,2025-06-25,Quality Issue,19905.81
R001615,O019709,2025-02-02,Damaged,13919.45
R001616,O9999991615,2025-12-17,Quality Issue,21428.84
R001617,O001658,2025-09-06,Wrong Item,6242.83
R001618,O018033,2026-10-11,Damaged,8589.46
R001619,O018069,2025-11-30,Damaged,16184.28
R001620,O046149,2025-02-23,Quality Issue,6952.34
R001621,O007771,2026-05-29,Late Delivery,9399.35
R001622,O037050,2026-04-27,Damaged,13497.6
R001623,O032518,2026-05-26,Wrong Item,5937.12
R001624,O034895,2026-03-10,Wrong Item,11207.97
R001625,O003122,2025-11-28,Changed Mind,2253.64
R001626,O011647,2026-01-12,Late Delivery,11955.6
R001627,O004107,2026-10-04,Late Delivery,5228.27
R001628,O008864,2025-06-07,Wrong Item,8473.63
R001629,O010292,2026-04-23,Quality Issue,939.95
R001630,O025134,2026-06-27,Damaged,15433.67
R001631,O001487,2025-10-31,Damaged,24368.09
R001632,O003955,2025-01-24,Changed Mind,15178.52
R001633,O018562,2025-03-27,Changed Mind,24844.28
R001634,O030037,invalid-date,Wrong Item,18429.25
R001635,O021682,2026-12-03,Changed Mind,11193.76
R001636,O007677,2025-02-26,Quality Issue,24668.63
R001637,O024081,2026-02-20,Changed Mind,12197.1
R001638,O013257,2025-04-03,Changed Mind,1948.21
R001639,O012344,2025-05-27,Changed Mind,19784.5
R001640,O038962,2026-08-25,Late Delivery,24863.17
R001641,O008097,2026-07-19,,19100.51
R001642,O016865,2026-09-11,Quality Issue,4570.84
R001643,O004762,2025-10-25,Changed Mind,10498.31
R001644,O001088,2026-01-13,Damaged,16169.86
R001645,O037946,2026-10-24,Damaged,16251.77
R001646,O003959,2025-03-19,Damaged,22919.4
R001647,O020424,2026-01-09,Quality Issue,22526.79
R001648,O036899,2026-02-15,Damaged,7090.74
R001649,O012706,2026-03-19,Wrong Item,16819.03
R001650,O004502,2025-06-22,Damaged,11584.27
R001651,O039050,2025-07-12,Damaged,18105.22
R001652,O037162,2025-05-18,Changed Mind,22070.17
R001653,O042506,2026-11-14,Late Delivery,15655.43
R001654,O042868,2025-06-16,Damaged,4659.95
R001655,O005917,2025-05-06,Late Delivery,14668.62
R001656,O040892,2025-11-20,Damaged,16220.7
R001657,O9999991656,2025-09-06,Damaged,3259.39
R001658,O009318,2025-05-15,Damaged,16636.73
R001659,O029641,2025-12-07,Wrong Item,6185.26
R001660,O034251,2025-10-15,Quality Issue,6926.55
R001661,O048777,2025-11-22,Late Delivery,10829.29
R001662,O005578,2025-12-03,Quality Issue,177.7
R001663,O045152,2025-12-23,Quality Issue,1025.31
R001664,O048719,2025-12-02,Changed Mind,21868.48
R001665,O049687,2026-04-04,Late Delivery,1259.47
R001666,O016829,2025-06-25,Wrong Item,4012.82
R001667,O020538,2026-03-15,Damaged,9145.9
R001668,O003009,2026-12-26,Damaged,21097.65
R001669,O005558,2026-09-26,Late Delivery,20717.92
R001670,O041895,2025-01-19,Late Delivery,19784.98
R001671,O047127,2026-01-17,Wrong Item,7736.67
R001672,O037039,2025-05-30,Wrong Item,21853.97
R001673,O021527,2025-02-27,Wrong Item,20827.87
R001674,O003930,2025-05-23,Wrong Item,12439.78
R001675,O019536,2026-05-09,Quality Issue,20318.72
R001676,O019349,2025-04-13,Late Delivery,13548.78
R001677,O017907,2026-07-26,Damaged,4175.13
R001678,O002472,2026-03-30,Changed Mind,15878.2
R001679,O045453,2026-06-30,Damaged,14264.62
R001680,O043778,2025-05-22,Wrong Item,19687.26
R001681,O019754,2026-05-27,Wrong Item,12190.54
R001682,O011131,2026-10-01,Damaged,21548.18
R001683,O028763,2026-01-15,Late Delivery,14112.62
R001684,O038762,2026-08-26,Damaged,19479.51
R001685,O030054,2025-03-10,Damaged,9621.9
R001686,O004458,2026-01-01,Wrong Item,1201.31
R001687,O016367,2026-03-25,Changed Mind,15269.11
R001688,O015629,2025-10-15,Changed Mind,17178.38
R001689,O030654,2026-02-10,Changed Mind,2624.63
R001690,O043015,2025-08-07,Late Delivery,129.96
R001691,O020306,2025-12-16,Quality Issue,22322.09
R001692,O038979,2026-12-15,Damaged,21955.64
R001693,O008817,2025-02-07,Changed Mind,19509.08
R001694,O039004,2025-02-27,Wrong Item,24279.04
R001695,O002676,2026-09-30,Changed Mind,6275.52
R001696,O032188,2026-02-08,Damaged,1537.39
R001697,O007464,2026-08-18,Damaged,1065.22
R001698,O000359,2026-11-20,Late Delivery,19272.08
R001699,O042395,2026-10-13,Quality Issue,20220.65
R001700,O043313,2025-08-02,Late Delivery,19718.03
R001701,O022959,2026-01-01,Quality Issue,3796.41
R001702,O032890,2026-04-22,Damaged,13865.63
R001703,O010174,2025-10-20,Wrong Item,22177.95
R001704,O005134,2025-07-30,Wrong Item,17692.07
R001705,O004744,2026-05-18,Damaged,24040.26
R001706,O022842,2025-09-15,Changed Mind,15265.98
R001707,O014787,2026-03-15,Damaged,10218.5
R001708,O024031,2025-06-09,Wrong Item,8274.35
R001709,O039930,2026-09-27,Quality Issue,16052.36
R001710,O048361,2026-08-27,Damaged,11187.39
R001711,O037958,2026-07-10,Wrong Item,16975.38
R001712,O020865,2025-04-10,Wrong Item,16304.82
R001713,O021076,2026-06-29,Damaged,19386.33
R001714,O000086,2026-11-07,Quality Issue,5118.41
R001715,O013726,2026-05-29,Quality Issue,24908.49
R001716,O027401,2026-02-23,Changed Mind,9255.77
R001717,O003650,2026-03-23,Damaged,1672.46
R001718,O018841,2025-11-06,Quality Issue,19344.47
R001719,O001434,2026-05-10,Damaged,23712.73
R001720,O047569,2025-01-08,Damaged,3206.21
R001721,O016162,2026-11-29,Wrong Item,8320.28
R001722,O031521,2025-12-20,Changed Mind,8896.88
R001723,O040966,2025-10-26,Late Delivery,19249.08
R001724,O020367,2025-05-26,Late Delivery,18630.21
R001725,O007421,2026-03-23,Damaged,5453.19
R001726,O007614,2026-09-26,Wrong Item,11583.02
R001727,O029618,2026-08-15,Late Delivery,10451.83
R001728,O009868,2025-11-10,Wrong Item,5607.33
R001729,O048615,2026-07-09,Late Delivery,21540.39
R001730,O043299,2027-01-01,Changed Mind,3183.25
R001731,O016312,2025-12-11,Wrong Item,8796.46
R001732,O010604,2026-02-25,Wrong Item,18289.15
R001733,O030912,2026-08-24,Damaged,9506.65
R001734,O046206,2026-06-02,Wrong Item,11051.1
R001735,O034283,2025-03-23,Damaged,18500.32
R001736,O039724,2026-06-24,Late Delivery,16158.61
R001737,O005218,2025-08-31,Late Delivery,20048.85
R001738,O008801,2026-03-23,Late Delivery,19478.66
R001739,O049485,2026-04-08,Quality Issue,4262.34
R001740,O035989,2025-08-05,Changed Mind,18488.22
R001741,O001727,2026-01-08,Late Delivery,8407.61
R001742,O033151,2026-12-09,Quality Issue,21504.09
R001743,O010779,2025-09-01,Quality Issue,14214.05
R001744,O028012,2026-06-26,Changed Mind,14410.72
R001745,O039022,2025-02-12,Late Delivery,16058.62
R001746,O026317,2025-06-14,Damaged,13864.22
R001747,O048140,2025-03-13,Changed Mind,18903.93
R001748,O039172,2025-06-03,Late Delivery,3934.63
R001749,O011125,2026-08-05,Damaged,3099.68
R001750,O024853,2025-03-02,Quality Issue,11990.4
R001751,O027512,2026-12-02,Quality Issue,14967.11
R001752,O026647,2025-06-23,Changed Mind,14177.43
R001753,O000095,2025-12-26,Changed Mind,11584.04
R001754,O049835,2026-08-23,Late Delivery,10079.23
R001755,O023747,2025-03-29,Quality Issue,11403.73
R001756,O010184,2027-01-02,Wrong Item,13550.55
R001757,O024612,2026-01-20,Damaged,15218.47
R001758,O024027,2025-05-05,Damaged,6228.81
R001759,O028626,2026-03-02,Damaged,16347.34
R001760,O047907,2026-07-04,Quality Issue,12472.23
R001761,O9999991760,2026-03-06,Changed Mind,6174.75
R001762,O037632,2025-05-23,Wrong Item,22106.45
R001763,O013457,2026-06-02,Quality Issue,11074.38
R001764,O028356,2025-08-11,Damaged,-500.0
R001765,O004348,2025-06-16,Damaged,15249.19
R001766,O021748,2025-04-04,Wrong Item,6536.97
R001767,O028852,2026-03-02,Wrong Item,18582.1
R001768,O040368,2025-04-02,Damaged,22842.94
R001769,O023720,2026-09-08,Changed Mind,5116.32
R001770,O030065,2025-08-17,Quality Issue,11203.21
R001771,O018971,2026-08-24,Quality Issue,14846.66
R001772,O041270,2026-12-22,Changed Mind,11484.42
R001773,O005991,2026-02-04,Quality Issue,748.71
R001774,O025506,2025-05-20,Late Delivery,780.51
R001775,O043077,2026-03-17,Wrong Item,11655.76
R001776,O025435,2026-10-21,Late Delivery,8845.01
R001777,O029725,2026-09-15,Changed Mind,18663.05
R001778,O010195,2026-06-04,Quality Issue,2953.4
R001779,O004272,2026-01-10,Late Delivery,10707.86
R001780,O010439,2025-04-27,Quality Issue,1362.57
R001781,O026522,2026-05-06,Changed Mind,2552.25
R001782,O029224,2025-05-08,Damaged,4320.85
R001783,O018158,2026-06-03,Damaged,475.89
R001784,O039931,2026-11-09,Wrong Item,17140.94
R001785,O024017,2026-08-16,Quality Issue,7689.75
R001786,O032893,2025-10-28,Wrong Item,4473.09
R001787,O019815,2025-04-02,Quality Issue,2795.09
R001788,O000243,2025-12-02,Damaged,7168.29
R001789,O025073,2026-12-14,Late Delivery,10096.22
R001790,O032639,2026-06-08,Damaged,23195.9
R001791,O039424,2026-08-05,Late Delivery,4338.22
R001792,O014014,2025-11-29,Damaged,333.18
R001793,O002155,2026-07-28,Wrong Item,11978.02
R001794,O045273,2026-08-16,Wrong Item,21680.71
R001795,O012562,2025-09-01,Quality Issue,12748.0
R001796,O014410,2026-10-17,Quality Issue,23439.67
R001797,O004708,2025-08-08,Late Delivery,22012.11
R001798,O026159,2026-09-13,Late Delivery,7175.7
R001799,O009901,2025-12-30,Changed Mind,20548.3
R001800,O009609,2025-06-25,Wrong Item,4042.78
R001801,O027371,2025-05-19,Changed Mind,13067.6
R001802,O010987,2026-01-29,Changed Mind,9576.05
R001803,O039062,2026-04-05,Late Delivery,7374.4
R001804,O017889,2025-12-19,Late Delivery,3668.57
R001805,O029977,2025-10-08,Quality Issue,10090.48
R001806,O013251,2026-11-11,Damaged,7773.05
R001807,O010068,2026-12-02,Changed Mind,4524.12
R001808,O008377,2026-02-23,Quality Issue,14640.62
R001809,O028632,2026-07-10,Quality Issue,14418.29
R001810,O030484,2025-03-01,Wrong Item,6242.11
R001811,O012234,2026-10-12,Late Delivery,2635.68
R001812,O004052,2026-12-30,Late Delivery,6990.42
R001813,O037942,2026-03-14,Wrong Item,6007.9
R001814,O010198,2026-03-24,Damaged,12839.45
R001815,O007448,2026-04-22,Quality Issue,24440.18
R001816,O035018,2025-07-12,Changed Mind,17671.85
R001817,O025269,2025-06-09,Changed Mind,12602.59
R001818,O018397,2026-01-01,Late Delivery,22621.33
R001819,O021943,2025-05-06,Changed Mind,12914.19
R001820,O010939,2026-03-15,Damaged,8331.21
R001821,O037547,2025-03-01,Damaged,21853.0
R001822,O004257,2026-12-01,Changed Mind,6728.99
R001823,O000640,2026-06-20,Wrong Item,21925.16
R001824,O017999,2025-07-12,Damaged,6099.82
R001825,O034009,2025-03-16,Changed Mind,3082.04
R001826,O041347,2025-03-24,Late Delivery,24664.21
R001827,O004680,2025-12-16,Damaged,8765.79
R001828,O006924,2025-03-07,Changed Mind,1832.2
R001829,O003697,2026-11-03,Late Delivery,22200.29
R001830,O028430,2025-08-09,Quality Issue,17161.08
R001831,O034786,2026-03-31,Wrong Item,14218.44
R001832,O034652,2025-07-09,Damaged,17542.42
R001833,O041402,2025-08-23,Wrong Item,5112.66
R001834,O026524,2025-03-02,Quality Issue,10103.77
R001835,O032675,2025-07-06,Changed Mind,723.96
R001836,O018827,2025-06-20,Quality Issue,4128.83
R001837,O006221,2025-06-29,Damaged,6815.65
R001838,O032370,2025-09-29,Wrong Item,13887.36
R001839,O022880,2025-12-21,Damaged,19466.77
R001840,O018027,2026-02-21,Wrong Item,14093.69
R001841,O9999991840,2026-03-15,Changed Mind,23237.13
R001842,O038929,2025-12-16,Wrong Item,1334.92
R001843,O021524,2025-03-08,Wrong Item,1206.98
R001844,O011029,2025-08-26,Wrong Item,9434.82
R001845,O035807,2026-09-28,Quality Issue,13257.02
R001846,O002404,2025-01-11,Damaged,185.33
R001847,O013855,2026-10-13,Quality Issue,15112.08
R001848,O032933,2025-12-27,Damaged,16168.06
R001849,O012634,2026-03-12,Changed Mind,7062.16
R001850,O024399,2025-07-03,Damaged,19996.22
R001851,O022870,2025-07-08,Quality Issue,3611.65
R001852,O046564,2025-07-30,Wrong Item,17896.85
R001853,O039944,2025-03-10,Damaged,8024.65
R001854,O030517,2026-01-13,Damaged,4722.05
R001855,O040129,2025-03-12,Damaged,14728.96
R001856,O045542,2026-12-30,Quality Issue,20147.76
R001857,O049233,2026-11-09,Quality Issue,13932.18
R001858,O042616,2026-03-25,Late Delivery,12103.25
R001859,O049252,2026-06-02,Damaged,18144.26
R001860,O017085,2025-12-07,Changed Mind,17510.73
R001861,O028816,2025-03-24,Changed Mind,5549.11
R001862,O025220,2025-10-01,Changed Mind,8855.23
R001863,O049129,2025-07-08,Late Delivery,18671.53
R001864,O016372,2025-02-07,Quality Issue,16939.2
R001865,O012185,2026-02-18,Late Delivery,10500.58
R001866,O020182,2025-08-28,Damaged,16838.56
R001867,O044406,2026-01-10,Quality Issue,13027.35
R001868,O021981,2025-03-13,Late Delivery,20632.52
R001869,O024927,2025-06-23,Damaged,8820.66
R001870,O031252,2026-10-23,Quality Issue,2250.83
R001871,O029255,2026-10-16,Wrong Item,7537.23
R001872,O049530,2026-04-21,Quality Issue,3649.98
R001873,O038764,2025-12-03,Late Delivery,19209.85
R001874,O043300,2026-11-05,Damaged,11081.21
R001875,O010244,2026-01-12,Wrong Item,12047.89
R001876,O014419,2025-08-20,Quality Issue,10173.33
R001877,O041084,2026-06-18,Quality Issue,16421.69
R001878,O034986,2026-02-27,Late Delivery,12982.26
R001879,O040090,2025-12-15,Changed Mind,15327.79
R001880,O029405,2026-05-09,Damaged,13831.35
R001881,O048720,2025-09-26,Wrong Item,10818.33
R001882,O045632,2026-04-11,Quality Issue,23686.94
R001883,O032543,2025-10-31,Late Delivery,8663.54
R001884,O005056,2025-06-29,Changed Mind,18737.46
R001885,O003075,2025-07-12,Wrong Item,15255.18
R001886,O043537,2026-09-30,Damaged,5098.87
R001887,O047918,2026-04-07,Damaged,20301.14
R001888,O021262,2026-08-21,Wrong Item,21707.15
R001889,O020189,2025-04-17,Late Delivery,6104.38
R001890,O030993,2025-01-19,Wrong Item,19664.29
R001891,O9999991890,2026-10-31,Changed Mind,19202.56
R001892,O048369,2026-06-08,Changed Mind,11462.54
R001893,O023715,2026-05-05,Changed Mind,10904.73
R001894,O002307,2025-03-20,Changed Mind,15640.42
R001895,O021396,2026-01-12,Changed Mind,13648.41
R001896,O009894,2025-11-18,Late Delivery,3890.11
R001897,O014676,2025-01-24,Late Delivery,18361.19
R001898,O018579,2025-08-16,Damaged,6815.07
R001899,O007679,2026-03-07,Wrong Item,17664.02
R001900,O047155,2025-08-11,Changed Mind,21539.16
R001901,O021799,2026-09-07,Quality Issue,636.26
R001902,O043330,2026-07-14,Wrong Item,23056.81
R001903,O023934,2026-09-26,Changed Mind,3044.43
R001904,O006591,2025-11-18,Changed Mind,17243.56
R001905,O034267,2026-06-23,Wrong Item,1789.0
R001906,O049316,2026-11-20,Quality Issue,5774.48
R001907,O002822,2026-11-18,Wrong Item,12143.1
R001908,O014443,2026-11-04,Late Delivery,12273.34
R001909,O024496,2025-01-09,Wrong Item,22610.74
R001910,O001446,2026-08-01,Late Delivery,5463.42
R001911,O001068,2026-12-12,Changed Mind,7208.75
R001912,O016346,2026-11-30,Late Delivery,3626.21
R001913,O030137,2025-03-28,Changed Mind,6703.54
R001914,O020158,2025-09-14,Wrong Item,12240.63
R001915,O001029,2026-10-16,Quality Issue,19769.03
R001916,O020701,2025-11-16,Wrong Item,10582.99
R001917,O037432,2025-06-09,Changed Mind,5652.23
R001918,O015708,2025-10-27,Late Delivery,18999.95
R001919,O019968,2026-03-24,Late Delivery,21706.73
R001920,O007012,2026-05-04,Damaged,13376.77
R001921,O013149,2025-08-12,Wrong Item,7331.12
R001922,O022769,2025-01-27,Quality Issue,6243.97
R001923,O023479,2026-05-15,Changed Mind,24886.61
R001924,O037867,2025-06-09,Changed Mind,23271.41
R001925,O046222,2025-02-02,Late Delivery,23345.64
R001926,O016178,2025-05-21,Wrong Item,7971.86
R001927,O034705,2026-10-06,Quality Issue,3195.34
R001928,O047912,2026-11-24,Wrong Item,-500.0
R001929,O015860,2025-01-09,Late Delivery,4516.9
R001930,O025345,2026-07-09,Quality Issue,24039.17
R001931,O033462,2026-03-19,Quality Issue,9176.46
R001932,O016288,2025-11-14,Damaged,658.84
R001933,O009315,2026-07-05,Late Delivery,15660.51
R001934,O034697,2025-11-11,Quality Issue,8656.81
R001935,O044373,2025-04-25,Quality Issue,4483.33
R001936,O043497,2025-08-27,Changed Mind,19250.05
R001937,O028903,2025-06-29,Changed Mind,19781.43
R001938,O029781,2026-10-22,Quality Issue,8512.53
R001939,O048260,2026-09-22,Changed Mind,9060.43
R001940,O021778,2025-09-17,Changed Mind,5572.71
R001941,O033985,2025-10-03,Quality Issue,19838.89
R001942,O008991,2026-01-19,Late Delivery,11530.97
R001943,O033287,2025-09-28,Late Delivery,11342.75
R001944,O039664,2025-04-26,Damaged,19498.46
R001945,O042393,2026-08-03,Changed Mind,15924.2
R001946,O021717,2027-01-01,Changed Mind,16321.4
R001947,O9999991946,2026-02-09,Damaged,18385.0
R001948,O012742,2025-08-26,Changed Mind,5307.19
R001949,O048435,2027-01-02,Changed Mind,12605.68
R001950,O034204,2026-04-17,Quality Issue,11298.92
R001951,O030838,2025-03-14,Changed Mind,21609.11
R001952,O015874,2025-08-23,Damaged,2155.5
R001953,O016208,2026-06-08,Late Delivery,12770.22
R001954,O046141,2026-02-08,Wrong Item,20779.49
R001955,O040198,2025-09-07,Wrong Item,8254.12
R001956,O000689,2025-10-20,Quality Issue,20168.45
R001957,O030364,2026-03-15,Damaged,13206.43
R001958,O045032,2026-01-24,Damaged,12460.48
R001959,O048090,2025-09-19,Changed Mind,17958.64
R001960,O018799,2025-01-09,Late Delivery,3584.81
R001961,O042785,2026-07-20,Quality Issue,13451.35
R001962,O042900,2025-09-30,Damaged,24007.77
R001963,O035438,2026-07-24,Damaged,17058.2
R001964,O041626,2025-02-25,Damaged,20382.27
R001965,O045935,2025-12-20,Wrong Item,16378.76
R001966,O022093,2026-11-01,Changed Mind,2813.89
R001967,O007444,2026-12-07,Late Delivery,18241.37
R001968,O016052,2025-12-08,Changed Mind,22708.91
R001969,O015778,2025-03-03,Damaged,12229.77
R001970,O014790,2026-07-29,Late Delivery,10992.06
R001971,O018699,2026-04-22,Changed Mind,16495.52
R001972,O045493,2025-03-08,Quality Issue,13539.37
R001973,O032561,2026-01-19,Wrong Item,14528.24
R001974,O032862,2026-11-27,Wrong Item,745.54
R001975,O002777,2025-05-12,Damaged,17080.61
R001976,O041697,2025-06-08,Changed Mind,21233.83
R001977,O033513,2026-06-20,Late Delivery,3914.72
R001978,O003343,2026-12-16,Damaged,24839.08
R001979,O010869,2026-03-02,Late Delivery,24849.59
R001980,O008453,2026-01-26,Quality Issue,19072.84
R001981,O000991,2025-03-27,Damaged,9739.49
R001982,O005460,2025-06-04,Wrong Item,10181.19
R001983,O032116,2025-03-02,Quality Issue,20742.17
R001984,O019080,2025-07-19,Damaged,23453.31
R001985,O044545,2026-01-14,Wrong Item,10673.24
R001986,O021511,2026-08-17,Quality Issue,23149.75
R001987,O015662,2026-11-17,Damaged,9254.94
R001988,O033894,2026-06-07,Late Delivery,24184.85
R001989,O020995,2025-04-21,Damaged,18398.88
R001990,O021078,2025-09-29,Late Delivery,20911.23
R001991,O014158,2026-08-28,Changed Mind,19482.2
R001992,O034880,2025-03-22,Damaged,12105.72
R001993,O014451,2025-04-21,Changed Mind,7453.06
R001994,O005837,2025-10-23,Late Delivery,23862.11
R001995,O020055,2025-08-11,Wrong Item,9976.57
R001996,O037433,2025-10-11,Damaged,8964.51
R001997,O012442,2025-06-21,Quality Issue,5306.25
R001998,O014015,2026-05-21,Quality Issue,12581.61
R001999,O028958,2025-12-03,Damaged,3632.2
R002000,O001385,2026-12-01,Quality Issue,2098.87
R002001,O021174,2025-03-05,Wrong Item,11391.38
R002002,O003936,2025-12-24,Wrong Item,8420.37
R002003,O017115,2026-06-28,Late Delivery,4538.02
R002004,O022556,2025-03-22,Late Delivery,4774.1
R002005,O028880,2026-04-15,Quality Issue,12015.51
R002006,O014697,2025-10-05,Damaged,12760.4
R002007,O040989,2026-02-27,Late Delivery,4484.18
R002008,O045338,2026-02-14,Late Delivery,22557.48
R002009,O017807,2026-07-12,Quality Issue,592.38
R002010,O043440,2026-09-30,Late Delivery,14271.64
R002011,O037734,2025-03-04,Late Delivery,17399.23
R002012,O021431,2026-06-25,Changed Mind,19344.65
R002013,O010733,2025-10-16,Quality Issue,18882.61
R002014,O023618,2025-11-03,Late Delivery,20444.36
R002015,O029117,2026-08-02,Wrong Item,21874.24
R002016,O045505,2026-01-18,Late Delivery,8513.61
R002017,O004075,2026-08-08,Wrong Item,2585.61
R002018,O006306,2026-12-23,Changed Mind,9866.77
R002019,O030201,2025-07-17,Changed Mind,18379.05
R002020,O016216,2025-03-22,Late Delivery,10830.26
R002021,O031646,2025-04-07,Quality Issue,8786.29
R002022,O016848,2025-10-16,Wrong Item,7601.68
R002023,O036393,2025-05-04,Changed Mind,6483.15
R002024,O032502,2026-12-10,Damaged,8420.89
R002025,O033525,2026-11-23,Damaged,15920.86
R002026,O034501,2026-09-07,Wrong Item,4516.08
R002027,O048565,2026-06-15,Late Delivery,14589.32
R002028,O039077,2025-06-18,Wrong Item,1139.47
R002029,O005093,2026-04-22,,8593.93
R002030,O046287,2026-09-26,Quality Issue,15564.47
R002031,O043931,2026-09-22,Quality Issue,10642.42
R002032,O000854,2025-08-20,Late Delivery,18984.51
R002033,O044269,2026-07-04,Late Delivery,3397.0
R002034,O032477,2026-03-13,Wrong Item,5321.92
R002035,O004493,2025-06-07,Damaged,23951.67
R002036,O047659,2026-08-06,Damaged,15159.7
R002037,O021841,2025-01-09,Damaged,7876.17
R002038,O041497,2025-05-06,Late Delivery,2632.71
R002039,O043082,2025-08-17,Damaged,11680.2
R002040,O040506,2026-09-22,Damaged,13173.28
R002041,O000047,2026-01-20,Changed Mind,15821.02
R002042,O007192,2025-09-12,Damaged,1588.28
R002043,O006218,invalid-date,Late Delivery,18956.36
R002044,O039572,2025-12-10,Wrong Item,21665.67
R002045,O027979,2025-05-18,Changed Mind,14118.56
R002046,O004082,2026-10-12,Quality Issue,19115.48
R002047,O033732,2025-01-31,Wrong Item,11372.45
R002048,O046388,2026-12-27,Quality Issue,9758.83
R002049,O015233,2026-06-25,Quality Issue,2018.44
R002050,O032844,2025-12-20,Quality Issue,22908.74
R002051,O002529,2025-04-30,Damaged,19207.31
R002052,O036229,2026-04-26,Quality Issue,3053.29
R002053,O043076,2026-09-16,Quality Issue,23363.31
R002054,O034338,2026-02-27,Damaged,15556.1
R002055,O022112,2026-04-28,Late Delivery,3394.75
R002056,O014072,2025-11-09,Damaged,16966.2
R002057,O043606,2025-02-08,Quality Issue,4059.33
R002058,O030910,2026-09-02,Changed Mind,16220.07
R002059,O023886,2025-03-06,Wrong Item,2796.3
R002060,O032327,2025-01-26,Quality Issue,1237.43
R002061,O9999992060,2026-03-07,Damaged,15166.96
R002062,O017043,2026-08-01,Wrong Item,4789.2
R002063,O022365,2026-04-27,Quality Issue,461.85
R002064,O042481,2026-08-13,Quality Issue,16745.39
R002065,O042405,2025-09-11,Changed Mind,7766.66
R002066,O030281,2026-10-01,Wrong Item,18598.54
R002067,O028594,2025-02-18,Damaged,21170.26
R002068,O036587,2026-08-30,Wrong Item,17569.48
R002069,O024635,2025-04-11,Late Delivery,2926.6
R002070,O009687,2025-06-27,Changed Mind,17417.38
R002071,O014704,2025-12-02,Late Delivery,13408.34
R002072,O002442,2025-08-09,,20608.97
R002073,O002062,2026-03-23,,9024.1
R002074,O017731,2026-11-18,Quality Issue,8486.52
R002075,O036544,2025-06-20,Late Delivery,16441.06
R002076,O039652,2026-07-19,Damaged,15759.48
R002077,O027233,2026-04-07,Damaged,8887.25
R002078,O035910,2026-05-28,Wrong Item,14020.34
R002079,O017013,2026-12-30,Wrong Item,12729.76
R002080,O014751,2027-01-02,Wrong Item,16257.74
R002081,O019843,2026-08-11,Changed Mind,9055.25
R002082,O013334,2025-03-26,Wrong Item,1572.45
R002083,O041096,2025-05-26,Wrong Item,7953.69
R002084,O009535,2026-12-19,Wrong Item,3437.91
R002085,O048801,2025-07-28,Late Delivery,9168.31
R002086,O013419,2025-02-20,Quality Issue,2549.34
R002087,O030249,2025-11-18,Wrong Item,5028.75
R002088,O045891,2026-04-28,Wrong Item,1563.48
R002089,O031176,2025-06-06,Quality Issue,10376.97
R002090,O018940,2026-06-24,Wrong Item,21246.57
R002091,O027492,2025-03-28,Late Delivery,2619.32
R002092,O017588,2025-02-17,Damaged,4384.19
R002093,O029980,2026-07-02,Quality Issue,13797.1
R002094,O030977,2026-10-14,Late Delivery,8583.28
R002095,O008826,2026-03-14,Changed Mind,23834.28
R002096,O042599,2026-10-08,Quality Issue,18101.41
R002097,O027819,2025-02-25,Damaged,17213.37
R002098,O9999992097,2026-05-11,Quality Issue,18838.09
R002099,O026057,2026-01-08,Changed Mind,259.27
R002100,O032151,2026-07-04,Quality Issue,7687.94
R002101,O037323,2025-07-06,Late Delivery,12311.8
R002102,O041651,2025-12-16,Late Delivery,22623.24
R002103,O006481,2025-12-19,Late Delivery,724.92
R002104,O040975,2026-06-09,Quality Issue,7678.69
R002105,O012444,2025-08-27,Quality Issue,8428.89
R002106,O032961,2025-04-15,Changed Mind,23806.63
R002107,O021958,2025-08-07,Late Delivery,15508.06
R002108,O005685,2025-09-20,Wrong Item,5490.62
R002109,O032651,2026-12-27,Changed Mind,17251.61
R002110,O045810,2026-12-07,Wrong Item,8343.79
R002111,O036304,2026-11-26,Quality Issue,1868.48
R002112,O011794,2026-01-23,Damaged,17832.51
R002113,O004140,2026-03-29,Wrong Item,7926.83
R002114,O004022,2026-12-29,Quality Issue,11268.0
R002115,O037830,2025-06-13,Changed Mind,24026.88
R002116,O009516,2025-06-22,Quality Issue,24431.4
R002117,O000164,2025-10-09,Quality Issue,14880.8
R002118,O031196,2026-03-26,Changed Mind,16021.91
R002119,O035924,2025-06-04,Quality Issue,20820.09
R002120,O020732,invalid-date,Quality Issue,13696.64
R002121,O015569,2025-06-16,Quality Issue,16825.95
R002122,O004430,2025-12-14,Changed Mind,24133.61
R002123,O000767,2026-04-23,Changed Mind,24458.45
R002124,O014905,2026-06-24,Late Delivery,7011.31
R002125,O018096,2026-02-27,Changed Mind,2914.38
R002126,O047410,2025-08-06,Quality Issue,13096.62
R002127,O004210,2025-07-03,Quality Issue,4285.34
R002128,O009912,2025-08-17,Changed Mind,11379.95
R002129,O017532,2026-03-21,Wrong Item,24665.74
R002130,O031883,2025-01-29,Quality Issue,13270.19
R002131,O005738,2025-06-17,Changed Mind,7303.95
R002132,O007196,2026-07-25,Late Delivery,10029.78
R002133,O013682,2025-01-08,Late Delivery,3732.48
R002134,O011954,2025-05-15,Late Delivery,16734.76
R002135,O020393,2026-05-12,Damaged,6083.33
R002136,O010994,2026-09-01,Wrong Item,7988.86
R002137,O046967,2026-06-01,Quality Issue,12405.99
R002138,O004979,2026-03-11,Damaged,6537.99
R002139,O031500,2025-02-22,Wrong Item,16246.33
R002140,O024613,2025-07-03,Late Delivery,8460.27
R002141,O027302,2026-04-01,Wrong Item,13872.07
R002142,O010917,2025-06-21,Late Delivery,23685.66
R002143,O004847,2025-10-19,Late Delivery,13453.98
R002144,O020692,2026-04-05,Changed Mind,907.7
R002145,O024117,2025-01-10,Damaged,6588.04
R002146,O031205,2025-02-25,Late Delivery,20663.82
R002147,O010566,2026-08-23,Wrong Item,17989.42
R002148,O037689,2026-02-11,Quality Issue,21237.9
R002149,O017702,2025-05-03,Late Delivery,7508.65
R002150,O020280,2025-06-05,Quality Issue,8539.48
R002151,O028561,2025-08-19,Changed Mind,23812.07
R002152,O013762,2025-02-28,Quality Issue,7810.17
R002153,O032136,2026-10-22,Wrong Item,2175.03
R002154,O018715,2026-05-27,Changed Mind,3111.04
R002155,O041806,2026-02-09,Late Delivery,22116.99
R002156,O001834,2025-06-08,Changed Mind,24416.68
R002157,O046489,2025-03-30,Wrong Item,4885.17
R002158,O024025,2025-01-28,Damaged,9265.63
R002159,O020098,2026-03-23,Wrong Item,9264.9
R002160,O018630,2025-11-14,Late Delivery,9032.98
R002161,O030012,2026-01-17,Wrong Item,11870.75
R002162,O002319,2026-08-11,Quality Issue,21031.35
R002163,O001816,2025-08-18,Changed Mind,8709.97
R002164,O030206,2026-01-27,Wrong Item,1428.1
R002165,O025074,invalid-date,Wrong Item,6314.82
R002166,O036431,2025-11-07,Late Delivery,18874.77
R002167,O028464,2025-07-21,Changed Mind,6372.36
R002168,O025622,2026-06-22,Quality Issue,21688.0
R002169,O016620,2026-11-28,Changed Mind,19846.48
R002170,O020727,2025-05-17,Damaged,2710.16
R002171,O049575,2025-11-16,Damaged,14141.78
R002172,O007564,2026-11-29,Wrong Item,22580.26
R002173,O020600,2025-12-01,Damaged,16040.7
R002174,O036762,2025-10-27,Damaged,5103.42
R002175,O003104,2025-08-15,Late Delivery,19348.91
R002176,O030785,2025-06-06,Quality Issue,19532.55
R002177,O043613,2026-01-10,Quality Issue,17903.98
R002178,O001370,2027-01-02,Changed Mind,10063.47
R002179,O041473,2026-03-29,Late Delivery,23913.05
R002180,O022734,2025-11-01,Quality Issue,15972.73
R002181,O012801,2027-01-03,Late Delivery,21823.65
R002182,O044018,2025-04-16,Late Delivery,21831.6
R002183,O017991,2026-07-17,Changed Mind,18657.74
R002184,O002783,2026-06-20,Late Delivery,22672.01
R002185,O031750,2026-03-17,Late Delivery,14601.93
R002186,O046570,2026-09-27,Wrong Item,6595.96
R002187,O029318,2026-12-01,Wrong Item,2846.12
R002188,O044855,2025-05-23,Changed Mind,10859.99
R002189,O002511,2026-04-17,Late Delivery,24675.85
R002190,O031419,2026-04-16,Damaged,6464.81
R002191,O015006,2025-06-10,Late Delivery,2021.95
R002192,O010348,2025-06-12,Changed Mind,11762.09
R002193,O012116,2026-12-31,Quality Issue,13667.65
R002194,O000520,invalid-date,Quality Issue,17619.08
R002195,O048500,2025-09-02,Wrong Item,1769.35
R002196,O013201,2026-01-22,Changed Mind,14874.47
R002197,O045037,2026-04-27,Quality Issue,19021.76
R002198,O046225,2025-10-29,Damaged,790.05
R002199,O025131,2025-02-06,Late Delivery,22889.81
R002200,O010989,2026-02-23,Quality Issue,8160.28
R002201,O019654,2025-12-05,Late Delivery,11332.2
R002202,O043117,2025-05-09,Changed Mind,15341.55
R002203,O005832,2025-08-02,Wrong Item,18138.23
R002204,O002015,2026-04-07,Quality Issue,12389.59
R002205,O036307,2025-01-20,Quality Issue,6074.42
R002206,O001602,2025-08-02,Quality Issue,10565.74
R002207,O016929,2025-10-28,Wrong Item,2295.74
R002208,O018791,2025-02-25,Late Delivery,13145.46
R002209,O009659,2025-08-15,Quality Issue,14019.54
R002210,O023884,2025-06-13,Damaged,9304.37
R002211,O016093,2025-02-24,Damaged,4585.39
R002212,O043943,2026-08-12,Damaged,3429.4
R002213,O029878,2025-02-19,Wrong Item,13551.48
R002214,O018474,2025-05-01,Late Delivery,19726.19
R002215,O009118,2025-06-28,Late Delivery,2484.14
R002216,O040241,2027-01-02,Quality Issue,12971.81
R002217,O023730,2027-01-03,Damaged,4501.43
R002218,O022004,2025-07-04,Changed Mind,4104.43
R002219,O008953,2025-04-04,Damaged,17518.13
R002220,O014205,2025-12-27,Wrong Item,10230.79
R002221,O008179,2025-02-24,Late Delivery,3502.79
R002222,O002266,2026-01-02,Quality Issue,14646.75
R002223,O016151,2025-10-04,Changed Mind,16862.91
R002224,O017652,2027-01-01,Damaged,12633.87
R002225,O033725,2025-04-14,Late Delivery,23234.32
R002226,O022606,2025-01-25,Late Delivery,1774.71
R002227,O009252,2025-07-04,Changed Mind,18541.23
R002228,O025661,2026-04-10,Wrong Item,12178.56
R002229,O038759,2026-05-20,Damaged,6792.83
R002230,O044622,2025-11-13,Damaged,22327.75
R002231,O009396,2025-11-11,Changed Mind,20491.02
R002232,O014655,2026-12-13,Wrong Item,18500.33
R002233,O048137,2025-08-13,Damaged,6389.97
R002234,O014935,2026-02-14,Late Delivery,21177.22
R002235,O027304,2025-12-31,Late Delivery,6908.85
R002236,O000084,2026-10-17,Changed Mind,7720.99
R002237,O009519,2025-08-20,Damaged,22873.05
R002238,O014832,2026-11-22,Quality Issue,20397.49
R002239,O043730,2026-08-12,Changed Mind,2892.44
R002240,O019763,2025-03-19,Damaged,12939.85
R002241,O004481,2025-06-02,Damaged,11332.07
R002242,O031749,2025-08-15,Wrong Item,12210.55
R002243,O030791,2026-11-11,Damaged,17160.2
R002244,O000097,2025-11-23,Quality Issue,5821.99
R002245,O023683,2025-11-10,Late Delivery,16100.81
R002246,O003435,2026-10-01,Quality Issue,17357.15
R002247,O044611,2025-04-30,Damaged,16316.1
R002248,O035795,2027-01-05,Damaged,12710.83
R002249,O045778,2026-04-04,Damaged,16668.74
R002250,O044351,2025-08-13,Damaged,23680.19
R002251,O027355,2025-08-29,Changed Mind,22538.2
R002252,O025562,2026-06-17,Changed Mind,9388.61
R002253,O019640,2026-07-08,Wrong Item,-500.0
R002254,O028276,2026-07-21,Late Delivery,3791.45
R002255,O013798,2025-01-12,Damaged,7006.29
R002256,O049274,2026-05-30,Changed Mind,2491.11
R002257,O014246,2025-02-16,Quality Issue,12759.03
R002258,O045076,2025-09-06,Changed Mind,4906.95
R002259,O007045,2026-12-25,Late Delivery,3560.19
R002260,O008524,2025-11-12,Changed Mind,9517.55
R002261,O009796,2026-09-30,,1006.63
R002262,O020052,2025-11-13,Quality Issue,21203.68
R002263,O035595,2025-05-06,Wrong Item,24840.97
R002264,O029438,2025-09-21,Late Delivery,943.94
R002265,O010593,2025-02-10,Changed Mind,7255.29
R002266,O028893,2026-06-12,Damaged,12497.64
R002267,O033953,2025-11-04,Wrong Item,23676.63
R002268,O023941,2025-05-11,Wrong Item,18321.26
R002269,O028213,2026-09-16,Quality Issue,11078.07
R002270,O028318,2027-01-01,Wrong Item,4798.04
R002271,O017624,2026-11-25,Quality Issue,22499.73
R002272,O034525,2025-05-02,Damaged,13522.88
R002273,O048502,2026-10-20,Damaged,6672.41
R002274,O046572,2026-01-27,Quality Issue,16011.62
R002275,O013104,2025-12-18,Changed Mind,5039.46
R002276,O038899,2026-02-03,Damaged,12476.33
R002277,O036753,2026-06-22,Damaged,15874.22
R002278,O003629,2025-02-25,Damaged,15985.33
R002279,O020572,2025-04-26,Late Delivery,12372.34
R002280,O029332,2026-10-05,Changed Mind,1791.24
R002281,O015692,2025-05-25,Late Delivery,5528.95
R002282,O025965,2026-06-08,Wrong Item,7627.63
R002283,O030566,2026-04-25,Changed Mind,13079.37
R002284,O027515,2025-04-07,Quality Issue,19527.85
R002285,O045353,2026-08-11,Wrong Item,12971.64
R002286,O045197,2026-05-08,Damaged,2923.01
R002287,O001589,2026-04-01,Changed Mind,4686.66
R002288,O024692,2025-11-15,Damaged,14020.64
R002289,O031803,2025-09-02,Changed Mind,14126.08
R002290,O040747,2025-10-15,Quality Issue,3814.24
R002291,O049200,2025-06-09,Quality Issue,17667.61
R002292,O048114,2025-10-14,Changed Mind,5422.23
R002293,O018574,2026-05-07,Wrong Item,18032.96
R002294,O044053,2026-09-27,Damaged,1571.68
R002295,O029281,2026-02-12,Damaged,22171.93
R002296,O006931,2025-06-27,Wrong Item,22340.81
R002297,O026897,2026-08-03,Damaged,21818.13
R002298,O016209,2025-10-11,Quality Issue,3856.56
R002299,O023192,2025-07-27,Damaged,7461.0
R002300,O023471,2026-04-11,Late Delivery,5371.17
R002301,O027610,2026-01-15,Late Delivery,8085.83
R002302,O037801,2026-08-07,Quality Issue,21094.86
R002303,O005429,2025-12-03,Wrong Item,1422.64
R002304,O005767,2025-11-07,Quality Issue,1957.72
R002305,O015369,2025-08-26,Wrong Item,22466.6
R002306,O044381,2026-03-17,Quality Issue,6584.81
R002307,O036180,2026-03-22,Quality Issue,23877.14
R002308,O026099,2025-04-20,Quality Issue,20637.85
R002309,O029124,2026-04-06,Quality Issue,24897.99
R002310,O043857,2026-03-16,Changed Mind,13293.52
R002311,O011326,2025-03-16,Late Delivery,21718.64
R002312,O015670,2025-10-30,Damaged,5653.61
R002313,O004938,2025-12-21,Wrong Item,19730.07
R002314,O049213,2025-04-06,Late Delivery,13884.66
R002315,O034768,2025-11-23,Changed Mind,7821.0
R002316,O047746,2025-06-01,Changed Mind,14460.29
R002317,O026375,2026-07-17,Damaged,11996.45
R002318,O043364,2026-03-24,Quality Issue,19982.54
R002319,O005292,2026-12-01,Late Delivery,11960.67
R002320,O039154,2026-07-10,Quality Issue,1720.24
R002321,O029032,2025-09-26,Late Delivery,14475.58
R002322,O031581,2026-09-28,Changed Mind,20870.78
R002323,O048472,2026-08-01,Damaged,15169.11
R002324,O039855,2026-12-06,Wrong Item,14964.8
R002325,O015246,2025-05-16,Quality Issue,18359.61
R002326,O012887,2025-02-09,Damaged,14143.23
R002327,O017547,2026-04-17,Damaged,2223.13
R002328,O004741,2026-07-29,Changed Mind,6225.89
R002329,O049391,2025-01-17,Changed Mind,18537.58
R002330,O045879,2025-07-09,Quality Issue,16263.33
R002331,O006020,2026-07-01,Changed Mind,15428.44
R002332,O000008,2026-03-28,Damaged,-500.0
R002333,O010961,2025-12-27,Quality Issue,15056.19
R002334,O042167,2026-04-06,Quality Issue,3005.91
R002335,O035116,2025-01-28,Late Delivery,17959.74
R002336,O9999992335,2026-07-09,Late Delivery,6000.35
R002337,O010127,2026-03-16,Wrong Item,11877.12
R002338,O023986,2025-03-14,Late Delivery,8214.68
R002339,O004505,2026-06-18,Wrong Item,12544.74
R002340,O020548,2025-12-29,Late Delivery,2017.11
R002341,O011169,2026-07-20,Changed Mind,359.14
R002342,O008859,invalid-date,Quality Issue,24945.11
R002343,O017164,2025-06-30,Quality Issue,17454.66
R002344,O029235,2026-07-12,Wrong Item,24113.33
R002345,O043450,2026-03-03,Damaged,13852.24
R002346,O031476,2026-11-11,Wrong Item,2119.24
R002347,O030598,2025-06-18,Quality Issue,10872.54
R002348,O009236,2026-08-17,Changed Mind,24647.18
R002349,O047858,2026-12-13,Late Delivery,5647.73
R002350,O023247,2026-09-27,Changed Mind,982.96
R002351,O026425,2026-01-28,Changed Mind,7151.26
R002352,O049302,2026-02-03,Wrong Item,19657.31
R002353,O035203,2025-08-11,Changed Mind,22751.12
R002354,O036657,2026-04-21,Changed Mind,7421.64
R002355,O006297,2026-11-02,Quality Issue,18895.89
R002356,O006091,2026-11-22,Quality Issue,17149.92
R002357,O001495,2026-03-07,Late Delivery,6902.71
R002358,O041633,2025-03-08,Wrong Item,4245.47
R002359,O037286,2025-05-24,Changed Mind,10947.97
R002360,O035486,2026-07-06,Quality Issue,12314.13
R002361,O035608,2026-10-18,Late Delivery,10494.09
R002362,O036197,2026-09-07,Wrong Item,4153.22
R002363,O045560,2025-10-08,Wrong Item,3003.01
R002364,O004139,2025-07-10,Damaged,3811.64
R002365,O020739,2026-04-27,Damaged,14142.78
R002366,O023702,2025-11-26,Wrong Item,15592.35
R002367,O008428,2026-04-07,Changed Mind,13525.76
R002368,O024260,2025-06-22,Quality Issue,23531.63
R002369,O011892,2025-05-15,Quality Issue,10824.7
R002370,O038796,2026-10-21,Damaged,24270.82
R002371,O035152,2025-11-04,Quality Issue,16973.28
R002372,O044396,2025-04-03,Changed Mind,14223.64
R002373,O018399,2026-07-01,Damaged,2097.08
R002374,O001226,2026-09-17,Late Delivery,17674.38
R002375,O028660,2025-04-19,Quality Issue,10905.11
R002376,O048038,2026-05-04,Quality Issue,19066.8
R002377,O041082,2025-09-22,Changed Mind,18960.83
R002378,O012302,2026-12-17,Late Delivery,19109.12
R002379,O015114,2026-08-05,Wrong Item,10193.54
R002380,O027282,2025-02-12,,713.75
R002381,O028889,2026-02-14,Quality Issue,8384.98
R002382,O034768,2026-10-22,Damaged,21860.27
R002383,O042983,2026-06-04,Wrong Item,24788.62
R002384,O047076,2025-02-23,Changed Mind,14241.13
R002385,O049290,2025-12-16,Late Delivery,22532.33
R002386,O006798,2025-08-08,Damaged,21271.16
R002387,O026753,2026-09-27,Quality Issue,13897.27
R002388,O020337,2025-01-08,Wrong Item,21092.41
R002389,O038722,2025-07-12,Wrong Item,7203.49
R002390,O035324,2026-06-21,Quality Issue,8063.74
R002391,O015517,2026-06-15,Quality Issue,21889.98
R002392,O041489,2025-12-03,Wrong Item,15474.51
R002393,O021006,2027-01-03,Late Delivery,10969.8
R002394,O042875,2026-09-02,Wrong Item,22163.69
R002395,O013019,2026-10-13,Damaged,22025.81
R002396,O006644,2025-03-04,Quality Issue,12383.97
R002397,O036717,2025-09-19,Late Delivery,944.66
R002398,O033190,2025-04-11,Wrong Item,2195.86
R002399,O006664,2027-01-01,Damaged,10329.2
R002400,O021839,2026-08-25,Wrong Item,12431.13
R002401,O045838,2026-10-31,Damaged,18532.76
R002402,O020288,2025-11-30,Damaged,14342.54
R002403,O034931,2026-12-25,Wrong Item,20280.26
R002404,O035011,2025-08-29,Late Delivery,17081.69
R002405,O001756,2025-07-15,Damaged,24869.8
R002406,O029907,2026-06-07,Changed Mind,11314.58
R002407,O014422,2025-12-13,Quality Issue,9199.88
R002408,O047667,2025-06-07,Wrong Item,16508.68
R002409,O000293,2026-11-08,Late Delivery,15638.99
R002410,O022947,2026-12-27,Changed Mind,6818.82
R002411,O023495,2025-09-27,Damaged,6471.49
R002412,O008849,2026-03-25,Damaged,9457.1
R002413,O033358,2025-11-13,Damaged,1254.32
R002414,O027273,2026-11-19,Late Delivery,21594.96
R002415,O015648,2025-10-19,Quality Issue,18248.32
R002416,O007451,2026-04-04,Damaged,4468.87
R002417,O021983,2025-11-18,Damaged,21676.84
R002418,O039126,2026-07-20,Quality Issue,15736.64
R002419,O026062,2025-02-15,Damaged,6841.41
R002420,O024116,2025-06-26,Changed Mind,16219.6
R002421,O9999992420,2025-05-07,Late Delivery,9380.78
R002422,O039885,2026-07-04,Quality Issue,24457.84
R002423,O001748,2025-05-28,Damaged,11503.71
R002424,O027810,2026-06-06,Changed Mind,3736.9
R002425,O038159,2026-07-30,Damaged,10477.48
R002426,O048710,2026-08-18,Changed Mind,1552.19
R002427,O013896,2026-08-13,Quality Issue,21939.28
R002428,O014535,2025-06-26,Late Delivery,3457.19
R002429,O046693,2025-03-23,Late Delivery,7528.9
R002430,O018664,2025-07-27,Wrong Item,7644.02
R002431,O029695,2026-12-22,Late Delivery,4594.96
R002432,O029377,2025-05-23,Damaged,7289.14
R002433,O049680,2025-02-04,Quality Issue,14216.9
R002434,O003111,2026-04-22,Quality Issue,7191.6
R002435,O027205,2025-10-22,Damaged,9171.58
R002436,O003085,2025-12-08,Late Delivery,2841.13
R002437,O009120,2026-07-22,Damaged,931.75
R002438,O001500,2025-05-11,Damaged,4606.53
R002439,O007681,2025-05-25,Damaged,18689.45
R002440,O040469,2026-08-10,Changed Mind,9636.46
R002441,O033704,2025-11-24,Quality Issue,7994.62
R002442,O008511,2026-08-31,Quality Issue,14370.76
R002443,O005691,2025-09-06,Changed Mind,24243.42
R002444,O039410,2026-04-02,Quality Issue,16232.28
R002445,O040848,2026-04-20,Wrong Item,16326.13
R002446,O003132,2025-07-29,Damaged,18963.77
R002447,O014950,2025-10-13,Wrong Item,7128.54
R002448,O038490,2026-10-22,Changed Mind,20461.95
R002449,O033836,2025-07-13,Damaged,13686.71
R002450,O033878,2025-11-13,Quality Issue,11228.76
R002451,O021424,2026-03-19,Late Delivery,14276.6
R002452,O022675,2025-12-31,Damaged,18167.28
R002453,O009446,2026-02-27,Quality Issue,1410.72
R002454,O020001,2026-02-25,Damaged,9013.18
R002455,O048226,2025-08-24,Changed Mind,13836.25
R002456,O008139,2026-12-04,Damaged,18142.5
R002457,O021504,2025-01-30,Changed Mind,13645.84
R002458,O024789,2025-11-04,Changed Mind,23117.47
R002459,O017264,2025-03-02,Damaged,946.44
R002460,O037033,2026-01-31,Changed Mind,18956.61
R002461,O001530,2026-09-13,Damaged,10799.28
R002462,O024510,2026-11-17,Late Delivery,6800.1
R002463,O006220,2026-02-08,Late Delivery,16730.89
R002464,O036790,2026-01-22,Quality Issue,12299.17
R002465,O034631,2026-02-05,Changed Mind,23527.4
R002466,O026541,2026-12-24,Late Delivery,21382.12
R002467,O021909,2026-05-29,Changed Mind,5322.54
R002468,O034034,2025-05-06,Damaged,2486.17
R002469,O034622,2025-08-23,Quality Issue,20121.68
R002470,O031473,2025-08-16,Wrong Item,21950.01
R002471,O034683,2026-04-18,Quality Issue,6431.2
R002472,O030507,2026-10-26,Damaged,1534.57
R002473,O023241,2026-01-20,Quality Issue,18113.64
R002474,O044349,2026-08-06,Late Delivery,20194.45
R002475,O041606,2026-04-18,Changed Mind,16820.08
R002476,O045926,2026-01-27,Changed Mind,18806.36
R002477,O017654,2026-09-08,Changed Mind,7572.27
R002478,O049848,2025-03-21,Wrong Item,-500.0
R002479,O036804,2025-02-25,Damaged,5242.17
R002480,O037130,2025-09-26,Changed Mind,22286.43
R002481,O039131,2025-12-17,Damaged,18418.39
R002482,O020793,2025-05-31,Changed Mind,12305.61
R002483,O020973,2026-12-01,Changed Mind,6219.38
R002484,O015628,2025-09-15,Damaged,5461.65
R002485,O037942,2026-07-24,Late Delivery,15814.61
R002486,O019625,2026-03-09,Changed Mind,3309.25
R002487,O031986,2026-08-20,Wrong Item,22615.68
R002488,O015323,2025-05-05,Late Delivery,20455.07
R002489,O037007,2025-06-14,Late Delivery,15276.44
R002490,O037164,2026-03-09,Wrong Item,10598.49
R002491,O046914,2025-03-19,Quality Issue,14722.63
R002492,O046581,2025-05-07,Quality Issue,4585.22
R002493,O007829,2025-03-29,Wrong Item,21877.95
R002494,O019323,2026-08-23,Wrong Item,14021.32
R002495,O043231,2025-03-05,Late Delivery,18429.08
R002496,O024613,2025-03-24,Changed Mind,444.15
R002497,O004860,2026-01-23,Quality Issue,16186.71
R002498,O025714,2026-01-30,Late Delivery,12851.77
R002499,O000173,2026-07-10,Late Delivery,5022.78
R002500,O000501,2025-04-12,Changed Mind,3761.3
R002501,O020870,2025-05-01,Quality Issue,24275.61
R002502,O049156,2025-12-21,Changed Mind,13535.83
R002503,O037633,2026-10-08,Wrong Item,2851.34
R002504,O037467,2026-10-30,Wrong Item,8195.59
R002505,O002420,2026-08-22,Changed Mind,6262.7
R002506,O046476,2026-01-10,Quality Issue,13986.01
R002507,O018249,2026-12-31,Wrong Item,2531.06
R002508,O031271,2026-09-03,Wrong Item,5334.18
R002509,O011295,2025-08-11,Wrong Item,17091.7
R002510,O015403,2026-10-14,Wrong Item,16776.24
R002511,O037562,2025-03-26,Late Delivery,20766.57
R002512,O044540,2025-07-29,Changed Mind,15985.1
R002513,O014581,2025-11-06,Quality Issue,7191.13
R002514,O014475,2026-08-15,Late Delivery,12573.24
R002515,O041572,2025-03-23,Quality Issue,8941.03
R002516,O034627,2025-04-05,Wrong Item,173.71
R002517,O049591,2025-03-26,Changed Mind,10103.85
R002518,O025014,2026-02-16,Quality Issue,5545.78
R002519,O043718,2026-10-21,Late Delivery,6808.4
R002520,O004284,2025-07-10,Damaged,966.65
R002521,O9999992520,2026-10-19,Changed Mind,16072.18
R002522,O029577,2025-11-02,Late Delivery,5786.1
R002523,O047796,2026-03-18,Quality Issue,2207.58
R002524,O029987,2025-03-10,Late Delivery,3783.22
R002525,O036722,2026-01-08,Wrong Item,23056.8
R002526,O041047,2025-01-20,Late Delivery,13543.26
R002527,O049630,2026-01-27,Changed Mind,9754.1
R002528,O018819,2025-07-25,Changed Mind,18795.85
R002529,O027399,2025-01-07,Wrong Item,19569.3
R002530,O024771,2025-06-07,Wrong Item,16133.67
R002531,O009490,2026-06-16,Changed Mind,19616.45
R002532,O013250,2026-12-25,Wrong Item,10906.24
R002533,O036081,2025-01-17,Changed Mind,23204.08
R002534,O008965,2026-10-22,Late Delivery,1184.44
R002535,O001765,2026-09-19,Wrong Item,14118.53
R002536,O011115,2025-06-18,Changed Mind,5521.9
R002537,O004905,2025-08-10,Quality Issue,1657.09
R002538,O015310,2026-05-31,Wrong Item,21435.36
R002539,O008364,2026-08-30,Quality Issue,10657.37
R002540,O024709,2026-12-06,Damaged,7102.47
R002541,O018437,2026-02-11,Damaged,9062.61
R002542,O020526,2025-02-22,Quality Issue,12486.01
R002543,O033893,2025-07-31,Wrong Item,6573.13
R002544,O038877,2025-11-25,Wrong Item,6827.7
R002545,O003014,2026-08-23,Wrong Item,17697.74
R002546,O036235,2026-05-03,Damaged,12209.24
R002547,O018193,2025-12-24,Quality Issue,22371.81
R002548,O039599,2025-12-22,Late Delivery,7668.45
R002549,O035273,2026-12-30,Changed Mind,20423.66
R002550,O024071,2026-11-24,Quality Issue,1387.1
R002551,O025551,2025-09-11,Quality Issue,18939.68
R002552,O003645,2025-11-08,Quality Issue,16038.13
R002553,O002443,2025-03-07,Quality Issue,23730.3
R002554,O037996,2025-06-02,Late Delivery,12320.3
R002555,O040134,2026-01-27,Late Delivery,12581.41
R002556,O038750,2026-11-23,Changed Mind,24227.82
R002557,O029812,2025-06-01,Damaged,1546.08
R002558,O012391,2026-03-17,Damaged,18524.88
R002559,O049280,2025-11-07,Late Delivery,22658.34
R002560,O047510,2026-11-29,Wrong Item,2737.59
R002561,O031941,2026-12-09,Changed Mind,22847.44
R002562,O026419,2026-11-02,Quality Issue,1580.65
R002563,O025602,2026-07-13,Changed Mind,4042.39
R002564,O036747,2026-03-25,Damaged,11268.46
R002565,O041063,2026-10-25,Quality Issue,20304.52
R002566,O017930,2026-09-27,Changed Mind,11182.69
R002567,O004503,2025-05-04,Changed Mind,23351.75
R002568,O041762,2026-05-31,Quality Issue,17814.76
R002569,O008031,2025-02-16,Wrong Item,17102.39
R002570,O035475,2025-11-06,Late Delivery,13437.6
R002571,O040602,2025-09-24,Quality Issue,11213.77
R002572,O011025,2025-05-08,Late Delivery,1834.21
R002573,O026753,2025-09-30,Damaged,3740.65
R002574,O035506,2026-07-10,Quality Issue,878.26
R002575,O007771,2025-02-20,Damaged,4470.18
R002576,O045026,2025-06-05,Changed Mind,18879.07
R002577,O043547,2025-05-01,Late Delivery,2032.9
R002578,O041931,2025-09-07,Changed Mind,24392.87
R002579,O042842,2025-06-03,Late Delivery,10648.82
R002580,O015675,2026-03-18,Damaged,9149.61
R002581,O001302,2026-03-20,Late Delivery,15894.89
R002582,O036775,2026-05-27,Quality Issue,6345.67
R002583,O038367,2025-09-04,Quality Issue,3971.62
R002584,O034425,2025-10-04,Damaged,23530.58
R002585,O035809,2025-05-05,Quality Issue,21802.22
R002586,O046283,2026-06-21,Quality Issue,1419.98
R002587,O025884,2026-07-12,Wrong Item,20431.26
R002588,O9999992587,2025-11-05,Damaged,7496.75
R002589,O046246,2026-07-06,Wrong Item,3322.76
R002590,O036481,2025-04-21,Quality Issue,2813.47
R002591,O010337,2026-10-16,Quality Issue,1891.42
R002592,O024605,2026-05-10,Damaged,112.74
R002593,O019902,2025-02-02,Late Delivery,23770.17
R002594,O007768,2025-12-21,Quality Issue,3892.13
R002595,O001238,2026-05-15,Changed Mind,6757.66
R002596,O018564,2026-10-30,Damaged,2549.01
R002597,O018992,2026-08-24,Changed Mind,4386.09
R002598,O034079,2025-10-09,Wrong Item,7870.41
R002599,O013408,2026-02-09,Wrong Item,21423.43
R002600,O013851,2026-02-24,Quality Issue,24425.39
R002601,O009993,2026-04-30,Late Delivery,670.75
R002602,O046121,2025-02-27,Quality Issue,1302.75
R002603,O018464,2026-08-14,Changed Mind,11255.21
R002604,O041349,2026-05-24,Changed Mind,15682.05
R002605,O012834,2025-06-10,Late Delivery,23083.46
R002606,O041478,2025-08-24,Damaged,9475.58
R002607,O035279,2025-05-27,Damaged,13276.51
R002608,O049997,2026-05-16,Quality Issue,15730.13
R002609,O022691,2025-11-02,Wrong Item,19762.59
R002610,O033924,2025-08-01,Late Delivery,15833.93
R002611,O015917,2026-04-05,Changed Mind,12274.18
R002612,O038009,2025-10-25,Changed Mind,2159.33
R002613,O030419,2026-11-02,Wrong Item,6879.08
R002614,O027082,2025-02-03,Quality Issue,16431.85
R002615,O042671,2025-10-17,Changed Mind,9104.36
R002616,O024746,2025-12-15,Quality Issue,4633.92
R002617,O040855,2026-06-10,Late Delivery,2669.62
R002618,O034995,2026-12-15,Quality Issue,12533.81
R002619,O049694,2027-01-03,Damaged,7173.66
R002620,O036225,2025-05-04,Late Delivery,23278.44
R002621,O025900,2025-04-30,Quality Issue,16992.36
R002622,O030349,2025-08-22,Changed Mind,24772.6
R002623,O021466,2025-09-03,Damaged,14716.18
R002624,O009580,2025-02-08,Wrong Item,20063.44
R002625,O027145,2025-06-02,Wrong Item,18129.89
R002626,O005084,2026-05-25,Changed Mind,6344.66
R002627,O030393,2025-05-13,Damaged,19019.89
R002628,O013389,2026-05-03,Damaged,1769.26
R002629,O022620,2026-05-17,Quality Issue,13776.33
R002630,O035002,2025-02-01,Wrong Item,10214.61
R002631,O007581,2026-06-05,Late Delivery,12977.43
R002632,O026212,2025-05-06,Quality Issue,12805.92
R002633,O018269,2026-02-13,Quality Issue,24088.78
R002634,O047862,2026-01-17,Damaged,18406.73
R002635,O012596,2026-11-08,Late Delivery,23678.65
R002636,O006654,2025-10-29,Damaged,1100.49
R002637,O002839,2026-09-12,Late Delivery,4510.7
R002638,O040242,2025-06-20,Damaged,23871.81
R002639,O032314,2026-05-23,Late Delivery,7476.66
R002640,O038902,2025-11-24,Quality Issue,2987.39
R002641,O019738,2026-06-16,Late Delivery,24895.43
R002642,O037280,2026-02-23,Changed Mind,4184.46
R002643,O013873,2025-11-14,Damaged,-500.0
R002644,O035992,2026-12-26,Quality Issue,19839.09
R002645,O022884,2025-06-17,Wrong Item,18252.33
R002646,O041867,2026-06-03,Damaged,20932.7
R002647,O011284,2025-02-20,Damaged,21468.2
R002648,O026023,2025-12-05,Late Delivery,20364.81
R002649,O008800,2026-11-15,Changed Mind,15511.68
R002650,O021713,2025-06-26,Damaged,23027.04
R002651,O031527,2026-12-19,Quality Issue,12962.54
R002652,O030694,2026-07-08,Quality Issue,14970.93
R002653,O013778,2025-12-02,Late Delivery,19252.57
R002654,O003043,2025-07-04,Quality Issue,13488.67
R002655,O011526,2026-04-29,Quality Issue,10851.78
R002656,O026294,2025-01-16,Damaged,8066.16
R002657,O002050,2025-02-04,Damaged,6442.88
R002658,O023299,2026-03-10,Late Delivery,282.09
R002659,O042445,2025-05-23,Quality Issue,7842.86
R002660,O001373,2026-10-10,Late Delivery,18573.35
R002661,O041950,2026-07-27,Changed Mind,7070.4
R002662,O043282,2025-05-07,Changed Mind,13656.61
R002663,O033135,2026-06-17,Quality Issue,11013.63
R002664,O031379,2026-01-04,Late Delivery,2803.74
R002665,O011329,2026-12-25,Damaged,17095.39
R002666,O030670,2026-04-02,Quality Issue,22342.68
R002667,O027104,2025-04-09,Wrong Item,8118.86
R002668,O017924,2026-06-19,Changed Mind,14166.76
R002669,O020886,2025-06-02,Late Delivery,17766.31
R002670,O029743,2026-11-25,Changed Mind,19208.77
R002671,O017477,2025-06-03,Changed Mind,24849.78
R002672,O037996,2025-12-30,Damaged,5396.22
R002673,O004038,2026-07-28,Late Delivery,9324.39
R002674,O015839,2025-04-27,Wrong Item,4882.85
R002675,O047112,2026-03-06,Wrong Item,13320.18
R002676,O008257,2026-10-24,Wrong Item,15435.98
R002677,O013923,2025-09-28,Damaged,5716.78
R002678,O027817,2025-05-08,Late Delivery,17931.36
R002679,O041656,2026-12-20,Wrong Item,19966.3
R002680,O006774,2025-12-16,Late Delivery,8507.52
R002681,O026304,2026-10-03,Changed Mind,8400.05
R002682,O028943,2025-05-09,Late Delivery,5780.66
R002683,O012848,2026-12-20,Late Delivery,5274.92
R002684,O013316,2026-07-31,Changed Mind,17438.84
R002685,O045264,2026-02-18,Changed Mind,6767.12
R002686,O014873,2025-02-16,Late Delivery,23437.93
R002687,O018954,2025-02-27,Damaged,6431.62
R002688,O002165,2025-03-23,Quality Issue,24466.76
R002689,O043336,2026-01-21,Quality Issue,5081.59
R002690,O017353,2026-08-18,Late Delivery,7313.32
R002691,O018550,2025-04-14,Changed Mind,23641.45
R002692,O049556,invalid-date,Wrong Item,22424.53
R002693,O024198,2025-08-23,Changed Mind,3951.29
R002694,O010562,2025-05-02,Changed Mind,182.77
R002695,O008529,2025-10-07,Late Delivery,22698.27
R002696,O024829,2027-01-01,Quality Issue,1318.2
R002697,O038277,2026-04-23,Changed Mind,4681.64
R002698,O033715,2025-09-27,Damaged,9892.53
R002699,O035186,2025-02-21,Changed Mind,8177.18
R002700,O046782,2025-11-26,Quality Issue,10281.14
R002701,O007798,2025-04-20,Quality Issue,8197.96
R002702,O046884,2026-01-15,Changed Mind,24920.29
R002703,O010280,2026-10-13,Changed Mind,11390.5
R002704,O040925,2025-08-01,Wrong Item,23501.31
R002705,O045234,2026-11-13,Changed Mind,14209.09
R002706,O031163,2025-01-28,Wrong Item,12778.53
R002707,O022478,2025-06-03,Quality Issue,15138.01
R002708,O9999992707,2026-10-10,Quality Issue,9912.72
R002709,O045914,2025-02-17,Wrong Item,1612.65
R002710,O030830,2026-04-23,Damaged,20767.55
R002711,O008888,2025-08-11,Wrong Item,3441.64
R002712,O024346,2026-11-15,Quality Issue,8237.55
R002713,O002970,2025-05-29,Wrong Item,7878.52
R002714,O004154,2025-04-19,Wrong Item,20147.85
R002715,O002565,2026-12-04,Wrong Item,16216.0
R002716,O000592,2025-12-29,Quality Issue,6853.94
R002717,O044817,2026-06-12,Wrong Item,7041.25
R002718,O028751,2026-07-15,Late Delivery,15354.51
R002719,O026609,2026-07-12,Changed Mind,7767.61
R002720,O043416,2025-10-13,Quality Issue,15033.4
R002721,O007524,2025-11-01,Quality Issue,3925.18
R002722,O016339,2025-05-27,Damaged,20200.83
R002723,O009677,2025-10-07,Wrong Item,20484.77
R002724,O013093,2025-07-27,Wrong Item,23561.28
R002725,O020942,2025-01-30,Damaged,8136.09
R002726,O043341,2025-08-28,Quality Issue,16950.77
R002727,O022046,2026-10-23,Quality Issue,22739.24
R002728,O027254,2026-02-08,Wrong Item,19415.73
R002729,O018762,2026-03-18,Changed Mind,13522.76
R002730,O027179,2026-01-07,Quality Issue,21891.65
R002731,O014073,2026-07-19,Quality Issue,6764.84
R002732,O004278,2026-02-10,Damaged,13965.0
R002733,O009059,2025-11-11,Late Delivery,23716.23
R002734,O022653,2026-12-20,Damaged,15835.67
R002735,O030162,2025-03-01,Damaged,5668.06
R002736,O011415,2025-03-16,Late Delivery,8090.91
R002737,O047028,2026-06-04,Wrong Item,1040.11
R002738,O015788,2025-09-23,Wrong Item,18153.06
R002739,O031498,2026-04-11,Quality Issue,2425.68
R002740,O049340,2026-06-01,Late Delivery,5611.97
R002741,O049653,2025-08-10,Quality Issue,4482.6
R002742,O047726,2025-07-13,,4395.78
R002743,O019370,2026-07-19,Wrong Item,10794.03
R002744,O034953,2026-10-09,Quality Issue,1983.67
R002745,O042549,2025-07-16,Wrong Item,8175.64
R002746,O039471,2026-03-18,Wrong Item,3200.23
R002747,O040538,2025-11-08,Late Delivery,18172.72
R002748,O040127,invalid-date,Quality Issue,21710.53
R002749,O018030,2026-01-17,Late Delivery,22134.3
R002750,O025066,2025-03-08,Quality Issue,5278.76
R002751,O028681,2025-10-03,Changed Mind,3264.24
R002752,O047266,2025-04-19,Changed Mind,17011.1
R002753,O049683,2025-08-04,Wrong Item,15107.44
R002754,O004317,2025-02-11,Changed Mind,6160.47
R002755,O023486,2025-03-15,Damaged,20940.79
R002756,O021659,2025-07-07,Late Delivery,9614.77
R002757,O005748,2026-02-02,Damaged,5704.44
R002758,O000846,2025-11-22,Damaged,10957.66
R002759,O038408,2026-04-19,Quality Issue,13150.69
R002760,O014922,2025-11-04,Damaged,12883.11
R002761,O001316,2026-06-20,Late Delivery,12761.01
R002762,O015105,2025-01-16,Damaged,1904.51
R002763,O9999992762,2025-03-05,Wrong Item,16014.07
R002764,O038081,2026-11-26,Late Delivery,24161.85
R002765,O038341,2026-07-28,Changed Mind,7161.08
R002766,O037911,2026-03-21,Quality Issue,19956.48
R002767,O028586,2025-09-22,Quality Issue,15098.99
R002768,O019165,2025-11-02,Late Delivery,12068.72
R002769,O000011,2025-08-02,Quality Issue,24063.48
R002770,O034951,2025-03-22,Changed Mind,13591.02
R002771,O044519,2026-12-28,Changed Mind,13442.32
R002772,O038440,2025-09-22,Late Delivery,4064.85
R002773,O022270,2025-12-27,Damaged,722.97
R002774,O005280,2026-05-07,Quality Issue,23978.95
R002775,O009290,2025-02-16,Wrong Item,23108.83
R002776,O000736,2025-07-08,Wrong Item,5907.8
R002777,O024401,2026-11-12,Wrong Item,5062.92
R002778,O011960,2025-04-11,Changed Mind,11405.93
R002779,O004868,2026-09-11,Changed Mind,21195.68
R002780,O022462,2025-02-26,Wrong Item,4342.26
R002781,O022106,2025-03-19,Changed Mind,16711.68
R002782,O011325,2025-10-05,Late Delivery,17642.86
R002783,O013190,2025-04-22,Damaged,1936.59
R002784,O013509,2026-10-28,Quality Issue,21568.51
R002785,O015824,2025-03-06,Wrong Item,22421.76
R002786,O011296,2025-11-06,Damaged,22886.16
R002787,O002909,2026-06-28,Quality Issue,7028.36
R002788,O000983,2026-08-22,Late Delivery,410.69
R002789,O036447,2025-10-07,Late Delivery,23383.25
R002790,O024139,2025-02-02,Changed Mind,11386.3
R002791,O044550,2025-11-01,Damaged,11741.46
R002792,O048006,2025-08-16,Wrong Item,9539.93
R002793,O009928,2025-08-04,Quality Issue,21042.54
R002794,O024887,2025-01-28,Wrong Item,13891.55
R002795,O048941,2025-04-02,Late Delivery,19996.59
R002796,O012281,2025-12-03,Wrong Item,3733.17
R002797,O001130,2025-03-07,Wrong Item,16642.91
R002798,O049776,2026-01-07,Quality Issue,20437.72
R002799,O000983,2025-06-15,Changed Mind,14328.73
R002800,O033181,2025-03-14,Quality Issue,20087.09
R002801,O044128,2025-01-23,Changed Mind,5327.4
R002802,O015089,2025-04-07,Quality Issue,18005.14
R002803,O023323,2025-05-16,Late Delivery,7798.86
R002804,O013754,2025-07-30,Damaged,5904.52
R002805,O034642,2025-05-03,Quality Issue,3465.5
R002806,O041244,2025-10-30,Damaged,21410.43
R002807,O035344,2025-07-04,Late Delivery,4644.98
R002808,O001732,2025-07-24,Wrong Item,9406.17
R002809,O013251,2026-11-20,Changed Mind,16124.6
R002810,O045844,2026-09-04,Quality Issue,7639.27
R002811,O004015,2026-01-10,Damaged,14647.76
R002812,O011590,2025-03-07,Late Delivery,11550.23
R002813,O008682,2026-06-17,Wrong Item,7523.22
R002814,O023631,2025-06-20,Changed Mind,17267.1
R002815,O044837,2025-12-26,Wrong Item,6374.23
R002816,O030034,2026-10-25,Damaged,20097.56
R002817,O004830,2025-10-18,Late Delivery,5513.99
R002818,O038092,2025-12-19,Late Delivery,22582.19
R002819,O018579,2025-07-03,Damaged,23571.85
R002820,O030713,2025-10-07,Changed Mind,13539.97
R002821,O034783,2025-03-08,Changed Mind,10148.6
R002822,O029794,2026-08-27,Quality Issue,10015.43
R002823,O020689,2026-07-23,Quality Issue,2571.36
R002824,O040674,2026-12-02,Wrong Item,10209.26
R002825,O026555,2025-12-27,,6010.05
R002826,O030951,2026-04-08,Changed Mind,620.94
R002827,O035834,2025-10-09,Quality Issue,7810.15
R002828,O008754,2026-02-17,Quality Issue,6099.1
R002829,O017458,2026-05-26,Wrong Item,8112.42
R002830,O048262,2026-02-01,Wrong Item,10577.88
R002831,O048721,2026-05-16,Quality Issue,24113.59
R002832,O003965,2026-08-04,Quality Issue,9955.15
R002833,O044398,2026-10-19,Wrong Item,16053.65
R002834,O008568,2026-04-24,Wrong Item,17478.69
R002835,O013332,2025-09-01,Changed Mind,19635.44
R002836,O015312,2026-06-24,Wrong Item,19187.61
R002837,O037647,2025-02-25,Damaged,15600.17
R002838,O020406,2026-07-05,Changed Mind,21485.27
R002839,O030844,2026-07-20,Changed Mind,4633.84
R002840,O048440,2025-01-19,Wrong Item,11360.46
R002841,O046900,2026-12-16,Quality Issue,11485.57
R002842,O012421,2025-04-05,Wrong Item,16220.85
R002843,O023123,2025-08-19,Wrong Item,2558.62
R002844,O029535,2025-04-23,Changed Mind,11670.94
R002845,O034453,2026-03-22,Changed Mind,-500.0
R002846,O007368,2025-10-16,Quality Issue,17724.81
R002847,O018132,2026-10-29,Changed Mind,21767.15
R002848,O008042,2026-11-04,Wrong Item,2455.63
R002849,O006252,2026-02-03,Changed Mind,1053.97
R002850,O018546,2026-09-30,Quality Issue,3237.63
R002851,O020564,2026-10-01,Late Delivery,4732.33
R002852,O025401,2025-11-18,,1501.97
R002853,O012058,2026-07-25,Damaged,5189.81
R002854,O031687,2025-04-27,Quality Issue,13088.23
R002855,O024411,2026-01-31,Changed Mind,7244.69
R002856,O049238,2026-05-25,Wrong Item,2646.44
R002857,O005883,2026-02-23,Changed Mind,8597.06
R002858,O014658,2025-11-16,Quality Issue,18313.91
R002859,O036107,2026-05-13,Damaged,12928.46
R002860,O028944,2025-04-20,Quality Issue,1815.88
R002861,O025083,2025-02-01,Quality Issue,18353.58
R002862,O014415,2026-08-24,Late Delivery,5570.34
R002863,O045178,2026-03-25,Quality Issue,5643.36
R002864,O048016,2026-07-30,Quality Issue,8115.64
R002865,O011283,2026-12-30,Late Delivery,13109.69
R002866,O032012,2025-07-24,Damaged,12002.57
R002867,O014374,2026-07-28,Changed Mind,22080.13
R002868,O044048,2026-02-11,Quality Issue,7977.07
R002869,O019427,2026-02-03,Changed Mind,9557.77
R002870,O013214,2026-01-26,Quality Issue,18680.81
R002871,O032089,2025-12-18,Late Delivery,1783.06
R002872,O023446,2026-04-01,Damaged,13517.55
R002873,O039923,2026-09-22,Changed Mind,15770.83
R002874,O020188,2026-04-25,Quality Issue,22747.27
R002875,O044113,2026-03-01,Quality Issue,9274.94
R002876,O022063,2026-07-25,Wrong Item,6491.01
R002877,O040026,2025-01-08,Late Delivery,2988.01
R002878,O045422,2025-12-13,Wrong Item,12303.18
R002879,O007531,2025-04-27,Damaged,1130.9
R002880,O029530,2026-08-04,Wrong Item,15780.84
R002881,O008925,2025-03-14,Wrong Item,1735.4
R002882,O024705,2026-07-28,Damaged,7197.3
R002883,O020176,2025-03-31,Damaged,24263.55
R002884,O033459,2026-05-18,Quality Issue,23146.06
R002885,O000625,2026-07-20,Changed Mind,24845.55
R002886,O037597,2026-10-24,Damaged,14572.35
R002887,O025949,2025-02-19,Damaged,23133.25
R002888,O038526,2026-01-25,Quality Issue,11058.57
R002889,O012845,2025-04-11,Quality Issue,293.7
R002890,O040560,2026-07-04,Changed Mind,19731.54
R002891,O029736,2025-09-29,Damaged,23051.84
R002892,O030156,2026-04-30,Late Delivery,19111.85
R002893,O018967,2025-08-13,Late Delivery,24574.78
R002894,O030653,2026-05-14,Late Delivery,11675.47
R002895,O008917,2026-08-01,Changed Mind,14611.54
R002896,O019889,2025-12-15,Late Delivery,14329.78
R002897,O018224,2025-03-10,Damaged,23729.37
R002898,O010950,2025-11-27,Late Delivery,3063.25
R002899,O023843,2025-08-01,Changed Mind,7655.34
R002900,O004841,2026-10-04,Late Delivery,22942.73
R002901,O021641,2026-03-07,Damaged,17704.99
R002902,O032255,2025-01-24,Damaged,24105.63
R002903,O005188,2025-08-03,Late Delivery,12171.52
R002904,O044656,2026-11-26,Damaged,24081.1
R002905,O010851,2025-02-08,Changed Mind,16702.28
R002906,O000305,2025-12-21,Wrong Item,7010.79
R002907,O030795,2025-04-15,Wrong Item,18151.56
R002908,O033929,2026-08-28,Late Delivery,22640.06
R002909,O016210,2025-02-18,Damaged,8682.23
R002910,O037394,2026-03-22,Quality Issue,5743.14
R002911,O029315,2026-08-13,Wrong Item,19415.12
R002912,O025888,2025-02-02,Damaged,137.37
R002913,O035333,2025-09-23,Damaged,6476.38
R002914,O019046,2025-03-09,Late Delivery,19506.18
R002915,O036512,2025-03-05,Wrong Item,20801.55
R002916,O027282,2026-02-15,Damaged,6478.06
R002917,O040517,2025-07-26,Changed Mind,4209.41
R002918,O049966,2025-05-12,Late Delivery,10061.41
R002919,O028030,2025-06-16,Damaged,5381.72
R002920,O022940,2026-12-29,Wrong Item,19313.31
R002921,O032754,2026-01-08,Damaged,7062.85
R002922,O039246,2025-03-17,Late Delivery,3432.25
R002923,O004920,2026-08-09,Quality Issue,119.19
R002924,O034146,2025-05-27,Quality Issue,16600.7
R002925,O000036,2026-02-13,Changed Mind,7309.53
R002926,O028087,2026-09-15,Wrong Item,14535.81
R002927,O041330,2026-11-23,Changed Mind,15841.41
R002928,O045715,2026-02-21,Late Delivery,6510.06
R002929,O013792,invalid-date,Changed Mind,3484.54
R002930,O020656,2026-09-23,Changed Mind,5359.26
R002931,O9999992930,2025-05-10,Changed Mind,6409.28
R002932,O001978,2027-01-03,Wrong Item,16758.19
R002933,O022897,2025-10-30,Wrong Item,12255.27
R002934,O032264,2025-12-27,Late Delivery,23294.27
R002935,O012728,2025-05-04,Wrong Item,20087.75
R002936,O025955,2026-06-24,Late Delivery,23251.6
R002937,O036003,2026-09-26,Wrong Item,403.53
R002938,O014828,2025-10-02,Late Delivery,6405.06
R002939,O045297,2025-09-30,Wrong Item,22552.23
R002940,O038082,2025-04-09,Changed Mind,17933.61
R002941,O034633,2026-01-05,Changed Mind,20422.36
R002942,O038969,2025-08-02,Damaged,13050.27
R002943,O048860,2025-10-15,Wrong Item,4657.45
R002944,O018131,2025-02-15,Quality Issue,14141.25
R002945,O033168,2026-02-22,Damaged,14180.45
R002946,O018325,2026-10-19,Wrong Item,13698.78
R002947,O026578,2026-05-08,Quality Issue,14612.12
R002948,O005541,2025-12-06,Late Delivery,17435.18
R002949,O003035,2025-01-22,Wrong Item,10603.21
R002950,O007796,2025-08-29,Damaged,6121.49
R002951,O004810,2026-04-15,Late Delivery,3978.85
R002952,O003506,2026-06-09,Changed Mind,19387.93
R002953,O018087,2026-01-25,Damaged,15823.58
R002954,O020475,2026-08-11,Changed Mind,11033.01
R002955,O004026,2025-04-02,Changed Mind,1750.41
R002956,O9999992955,2025-10-25,Damaged,7680.62
R002957,O031311,2025-01-18,Damaged,18111.32
R002958,O011930,2025-02-03,Quality Issue,20742.41
R002959,O039353,2025-10-09,Quality Issue,-500.0
R002960,O009660,2026-11-20,Quality Issue,7173.34
R002961,O001014,2025-10-11,Wrong Item,16639.94
R002962,O003215,2025-05-08,Changed Mind,5052.1
R002963,O001129,invalid-date,Quality Issue,20295.26
R002964,O000148,2026-06-19,Damaged,17291.98
R002965,O037523,2025-05-20,Changed Mind,23753.97
R002966,O029518,2026-12-11,Damaged,2501.91
R002967,O016467,2026-05-03,Quality Issue,20946.31
R002968,O049341,2026-09-26,Quality Issue,14348.87
R002969,O019868,2026-12-25,Changed Mind,16009.72
R002970,O036912,2026-01-13,Damaged,5139.39
R002971,O032136,2026-11-15,Changed Mind,22391.97
R002972,O044457,2026-12-11,Late Delivery,11307.71
R002973,O031027,2025-08-08,Quality Issue,14428.28
R002974,O039091,2025-09-03,Wrong Item,19949.89
R002975,O019083,2025-05-23,Late Delivery,2470.16
R002976,O004659,2026-05-25,Wrong Item,24052.32
R002977,O004979,2026-08-04,Damaged,7229.89
R002978,O010241,2025-11-15,Damaged,19847.1
R002979,O032016,2026-04-27,Late Delivery,18606.63
R002980,O045490,2025-03-09,Late Delivery,4297.64
R002981,O011022,2026-12-14,Quality Issue,24253.39
R002982,O017016,2026-10-21,Late Delivery,3003.62
R002983,O011962,2026-02-19,Late Delivery,24514.45
R002984,O037721,2026-11-10,Damaged,2789.21
R002985,O017788,2026-10-09,Changed Mind,22697.9
R002986,O031181,2025-04-24,Damaged,8883.41
R002987,O023193,2025-04-02,Damaged,14093.17
R002988,O048109,2025-07-04,Damaged,15138.33
R002989,O005615,2026-08-21,Wrong Item,21021.39
R002990,O048880,2026-08-22,Damaged,10841.28
R002991,O001664,invalid-date,Quality Issue,8420.15
R002992,O010931,2026-05-13,Wrong Item,2029.91
R002993,O038898,2025-10-07,Changed Mind,4200.67
R002994,O001875,2026-08-06,Quality Issue,14802.15
R002995,O011229,2026-03-31,Late Delivery,11629.19
R002996,O023177,2026-12-25,Late Delivery,18485.33
R002997,O017888,2026-11-20,Quality Issue,675.19
R002998,O002228,2026-08-02,Late Delivery,14396.53
R002999,O040060,2026-01-29,Late Delivery,473.35
R003000,O029904,2025-09-26,Wrong Item,8976.38
R003001,O003929,2025-06-18,Damaged,20829.54
R003002,O045052,2025-03-09,Changed Mind,8402.99
R003003,O036507,2025-03-12,Damaged,6844.66
R003004,O019329,2026-10-08,Damaged,11996.11
R003005,O018803,2025-01-23,Quality Issue,15236.65
R003006,O046128,2026-07-02,Changed Mind,7630.9
R003007,O024834,2026-11-28,Late Delivery,23059.62
R003008,O044403,2026-02-22,Damaged,9313.07
R003009,O018477,2026-04-06,Changed Mind,16386.26
R003010,O030374,2026-11-07,Quality Issue,8552.34
R003011,O024064,2026-10-03,Quality Issue,17306.56
R003012,O002886,2025-05-25,Quality Issue,6727.41
R003013,O9999993012,2026-07-26,Wrong Item,17397.72
R003014,O038008,2026-07-03,Damaged,5078.94
R003015,O019903,2025-10-21,Wrong Item,10119.37
R003016,O005084,2025-06-15,Quality Issue,21150.83
R003017,O038405,2025-05-31,Late Delivery,5237.5
R003018,O021934,2025-10-09,Late Delivery,20819.44
R003019,O000931,2025-03-14,Quality Issue,889.68
R003020,O031210,2026-10-05,Quality Issue,4735.68
R003021,O024671,2026-04-16,Changed Mind,19277.72
R003022,O023836,2025-01-10,Quality Issue,19234.73
R003023,O027804,2025-05-08,Quality Issue,3568.24
R003024,O036146,2026-12-11,Wrong Item,19422.61
R003025,O039306,2025-02-27,Wrong Item,3517.07
R003026,O038724,2025-12-09,Late Delivery,1888.77
R003027,O033746,2025-08-21,Quality Issue,22451.94
R003028,O023476,2026-04-08,Changed Mind,11503.21
R003029,O013316,2026-06-12,Wrong Item,10171.94
R003030,O012302,2026-01-16,Wrong Item,22449.06
R003031,O010160,2025-09-30,Wrong Item,15283.29
R003032,O042988,2026-01-15,Wrong Item,9239.03
R003033,O032232,2025-08-28,Quality Issue,16382.45
R003034,O035333,2025-03-30,Wrong Item,1904.48
R003035,O038123,2025-06-10,Wrong Item,18724.12
R003036,O009161,2025-03-13,Damaged,22118.49
R003037,O019826,2026-11-25,Changed Mind,16741.45
R003038,O040686,2026-10-12,Wrong Item,8256.45
R003039,O044288,2025-04-28,Damaged,20073.95
R003040,O047041,2026-12-11,Quality Issue,12797.0
R003041,O002266,2026-07-26,Late Delivery,6988.4
R003042,O009064,2026-10-09,Quality Issue,23306.87
R003043,O002090,2025-01-19,Quality Issue,1986.52
R003044,O046667,2026-12-26,Changed Mind,22267.52
R003045,O047760,2026-12-10,Wrong Item,21247.01
R003046,O025982,2026-04-09,Late Delivery,4861.05
R003047,O005595,2025-06-17,Wrong Item,24392.83
R003048,O044398,2026-04-17,Late Delivery,12202.15
R003049,O046009,2026-08-14,Late Delivery,18319.4
R003050,O034772,2026-09-14,Wrong Item,12129.4
R003051,O025060,2025-07-02,Wrong Item,10673.29
R003052,O038688,2026-01-16,Changed Mind,18023.62
R003053,O034839,2025-12-04,Wrong Item,3115.26
R003054,O000457,2025-10-20,Changed Mind,19172.14
R003055,O9999993054,2026-07-29,Quality Issue,12169.93
R003056,O003470,2025-08-04,Quality Issue,11976.35
R003057,O021882,2026-01-17,Damaged,16455.77
R003058,O001651,2026-08-03,Quality Issue,3877.39
R003059,O043823,invalid-date,Late Delivery,6303.12
R003060,O043569,2026-07-30,Quality Issue,19814.97
R003061,O022252,2025-06-17,Late Delivery,22275.86
R003062,O012015,2025-06-19,Late Delivery,22333.71
R003063,O004139,2025-06-06,Changed Mind,358.62
R003064,O007127,2026-12-22,Late Delivery,20109.14
R003065,O020098,2026-01-17,Wrong Item,9100.43
R003066,O034482,2026-10-28,Late Delivery,20753.75
R003067,O032281,2025-02-12,,1724.53
R003068,O016087,2026-04-09,Quality Issue,23491.99
R003069,O029768,2025-10-20,Damaged,1131.33
R003070,O017933,2026-03-10,Quality Issue,14945.36
R003071,O032361,2026-06-12,Quality Issue,1656.69
R003072,O024119,2025-04-12,Late Delivery,16397.52
R003073,O018079,2025-05-25,Late Delivery,23827.59
R003074,O042007,2025-01-25,Wrong Item,12627.17
R003075,O043885,2027-01-05,Changed Mind,14117.63
R003076,O046953,2026-11-04,Quality Issue,5956.89
R003077,O011608,2025-06-25,Damaged,6158.24
R003078,O047110,invalid-date,Damaged,18536.39
R003079,O009266,2025-05-03,Wrong Item,12790.04
R003080,O001671,2025-09-25,Late Delivery,21922.03
R003081,O011635,2025-03-31,Wrong Item,9083.86
R003082,O022321,2025-01-27,Late Delivery,443.3
R003083,O005173,2025-01-23,Changed Mind,5626.23
R003084,O047535,2025-09-20,Changed Mind,24590.79
R003085,O022096,2026-10-23,Changed Mind,20339.56
R003086,O006950,2026-03-18,Changed Mind,15441.7
R003087,O032500,2026-03-26,Quality Issue,3794.0
R003088,O036179,2026-09-28,Changed Mind,22292.54
R003089,O001272,2026-12-19,Changed Mind,2040.16
R003090,O013702,2025-09-18,Quality Issue,4995.33
R003091,O027081,2025-07-31,Changed Mind,17252.19
R003092,O049646,2025-08-03,Wrong Item,8399.22
R003093,O041393,2026-07-16,Changed Mind,20403.44
R003094,O004712,2026-01-21,Quality Issue,15070.26
R003095,O041429,2026-09-28,Changed Mind,15866.94
R003096,O049249,2025-07-30,Late Delivery,20293.71
R003097,O034188,2026-05-06,Quality Issue,19144.88
R003098,O018661,2025-01-08,Late Delivery,3479.63
R003099,O003033,2027-01-04,Wrong Item,124.94
R003100,O012216,2025-05-29,Damaged,8355.51
R003101,O012322,2026-06-16,Late Delivery,18096.57
R003102,O002365,2025-10-04,Damaged,2231.77
R003103,O002346,2025-12-30,Changed Mind,6210.86
R003104,O023678,2026-06-13,Wrong Item,10875.47
R003105,O047155,2025-07-11,Quality Issue,13124.06
R003106,O038014,2025-11-15,Changed Mind,19378.16
R003107,O009354,2026-09-17,Wrong Item,21530.72
R003108,O010553,2026-05-14,Changed Mind,11530.12
R003109,O019352,2025-10-25,Wrong Item,2124.08
R003110,O021201,2025-12-04,Changed Mind,6584.25
R003111,O029661,2026-01-09,Late Delivery,341.91
R003112,O018680,2026-09-30,Wrong Item,20400.62
R003113,O033886,2025-04-06,Damaged,15275.7
R003114,O047282,2026-10-22,Quality Issue,24621.79
R003115,O034834,2025-07-04,Quality Issue,4795.14
R003116,O010162,2025-08-22,Wrong Item,23590.45
R003117,O012293,2025-01-25,Late Delivery,1054.8
R003118,O020730,2026-03-25,Damaged,14489.18
R003119,O031081,2026-01-07,Wrong Item,14166.31
R003120,O018698,2026-01-12,Changed Mind,4935.27
R003121,O038469,2026-01-15,Changed Mind,6828.71
R003122,O023919,2026-01-16,Changed Mind,9753.92
R003123,O018033,2026-03-06,Quality Issue,9746.61
R003124,O040182,2025-06-08,Wrong Item,19956.15
R003125,O018006,2026-12-06,Damaged,2830.68
R003126,O040363,2026-09-24,Damaged,23787.13
R003127,O017481,2025-09-19,Damaged,1143.58
R003128,O021790,2026-06-19,Damaged,20923.78
R003129,O022072,2026-10-17,Damaged,4977.36
R003130,O029809,2026-06-15,Late Delivery,7917.63
R003131,O046986,2025-02-14,Wrong Item,3232.33
R003132,O043154,2026-08-08,Damaged,23156.12
R003133,O017266,2025-10-12,Wrong Item,864.46
R003134,O037353,2026-09-29,Wrong Item,24875.85
R003135,O016230,2025-04-14,Damaged,19253.82
R003136,O035120,2026-11-16,Quality Issue,954.64
R003137,O040362,2026-09-12,Changed Mind,8376.95
R003138,O004126,2025-06-01,Quality Issue,2036.97
R003139,O020847,2025-08-05,Damaged,24193.33
R003140,O016926,2025-09-22,Quality Issue,21687.16
R003141,O024448,2025-10-29,Wrong Item,7592.22
R003142,O016333,2025-05-23,Late Delivery,9762.47
R003143,O034524,2026-11-19,Changed Mind,19952.71
R003144,O026787,2026-02-11,Damaged,7537.89
R003145,O034728,2025-12-24,Quality Issue,1138.34
R003146,O022809,2025-02-26,Quality Issue,5181.26
R003147,O013343,2025-07-13,Changed Mind,20511.65
R003148,O015398,2025-06-11,Damaged,6107.58
R003149,O013613,2026-01-26,Wrong Item,4024.73
R003150,O002753,2026-12-09,Late Delivery,7895.58
R003151,O004073,2025-02-07,Wrong Item,6193.71
R003152,O022306,2025-06-11,Changed Mind,10645.22
R003153,O042795,2025-09-04,Late Delivery,9182.53
R003154,O045831,2025-05-30,Changed Mind,21984.45
R003155,O026659,2025-11-13,Wrong Item,15213.41
R003156,O042814,2026-01-19,Late Delivery,11835.83
R003157,O011668,2026-01-08,Quality Issue,5364.73
R003158,O011230,2026-05-12,Wrong Item,14697.43
R003159,O039527,2025-07-08,Quality Issue,2222.96
R003160,O041087,2025-04-29,Late Delivery,19952.48
R003161,O049435,2025-02-28,Damaged,1416.68
R003162,O023490,2026-08-29,Quality Issue,12946.51
R003163,O047217,2025-10-16,Wrong Item,15402.85
R003164,O048395,2026-07-01,Quality Issue,22232.53
R003165,O021953,2025-04-24,Quality Issue,6493.99
R003166,O005083,2026-04-12,Late Delivery,7365.95
R003167,O030343,2025-12-26,Changed Mind,20468.87
R003168,O043021,2026-04-24,Quality Issue,14891.67
R003169,O029307,2025-08-15,Wrong Item,15825.11
R003170,O012356,2026-05-15,Damaged,795.66
R003171,O040627,2025-01-25,Quality Issue,20049.21
R003172,O032716,2026-10-03,Wrong Item,23564.14
R003173,O9999993172,2026-10-24,Damaged,13498.81
R003174,O033713,2026-10-21,Changed Mind,4074.82
R003175,O015418,2026-08-01,Changed Mind,-500.0
R003176,O016962,2025-03-13,Changed Mind,7894.08
R003177,O038170,2025-10-29,Wrong Item,23672.74
R003178,O039115,2026-02-08,Changed Mind,7317.67
R003179,O006634,2026-02-13,Damaged,20923.0
R003180,O047974,2026-11-07,Quality Issue,6622.25
R003181,O003445,2025-03-11,Damaged,21109.08
R003182,O003670,2026-12-03,Quality Issue,3464.8
R003183,O011421,2026-05-09,Damaged,1131.3
R003184,O000457,2025-05-31,Wrong Item,8588.14
R003185,O038594,2026-06-23,Wrong Item,9066.14
R003186,O005509,2025-09-02,Late Delivery,14008.86
R003187,O024618,2026-10-30,Wrong Item,24332.55
R003188,O005485,2025-10-19,Wrong Item,12227.64
R003189,O042334,2025-04-22,Late Delivery,12522.73
R003190,O044560,2025-06-17,Late Delivery,556.38
R003191,O015862,2025-01-28,Wrong Item,22254.67
R003192,O020263,2025-09-18,Quality Issue,1856.96
R003193,O043917,2025-12-25,Late Delivery,24916.76
R003194,O001243,2026-12-08,Quality Issue,8203.01
R003195,O010548,2025-12-12,Wrong Item,10188.62
R003196,O025379,2025-09-09,Late Delivery,2765.93
R003197,O022122,2026-11-24,Wrong Item,14261.04
R003198,O037140,2026-07-05,Damaged,23468.48
R003199,O002314,2025-04-02,Changed Mind,16534.03
R003200,O025941,invalid-date,Quality Issue,790.31
R003201,O020498,2025-12-08,Quality Issue,11905.37
R003202,O042984,2025-12-29,Wrong Item,8137.07
R003203,O001267,2025-12-20,Quality Issue,2923.22
R003204,O036138,2026-10-06,Damaged,3891.43
R003205,O002585,2025-04-12,Late Delivery,5807.06
R003206,O047836,2026-09-02,Changed Mind,10650.66
R003207,O043673,2025-11-17,Late Delivery,4663.86
R003208,O030404,2025-11-08,Damaged,24739.72
R003209,O011185,2025-08-01,Late Delivery,17021.44
R003210,O020422,2025-02-20,Quality Issue,17965.85
R003211,O005566,2025-11-06,Quality Issue,9178.6
R003212,O046271,2026-10-06,Changed Mind,3934.92
R003213,O014812,2025-07-26,Quality Issue,23486.12
R003214,O040748,2026-05-30,Damaged,24809.95
R003215,O041760,2025-02-16,Damaged,23560.2
R003216,O019777,2025-06-19,Quality Issue,14265.38
R003217,O018662,2026-07-21,Late Delivery,7816.7
R003218,O016750,2026-11-18,Quality Issue,304.51
R003219,O029706,2025-12-05,Damaged,2619.68
R003220,O021681,2025-09-28,Damaged,5314.6
R003221,O011346,2026-05-04,Quality Issue,11467.29
R003222,O000332,2025-09-02,Wrong Item,4398.77
R003223,O046017,2025-06-29,Quality Issue,6324.64
R003224,O022354,2025-04-18,Changed Mind,21635.07
R003225,O9999993224,2026-02-12,Late Delivery,4557.69
R003226,O015002,2026-03-16,Wrong Item,23171.91
R003227,O009622,2025-08-10,Late Delivery,9362.19
R003228,O041454,2026-05-31,Damaged,6685.81
R003229,O029582,2025-07-05,Changed Mind,18093.67
R003230,O009889,2026-07-16,Wrong Item,6561.74
R003231,O044249,2026-02-01,Changed Mind,2465.0
R003232,O019873,2026-10-29,Changed Mind,12899.32
R003233,O033658,2026-03-17,Damaged,1598.86
R003234,O002549,2026-08-02,Late Delivery,23594.02
R003235,O042604,2025-10-16,Changed Mind,18998.88
R003236,O039040,2025-07-13,Wrong Item,23180.48
R003237,O028870,2026-12-09,Damaged,18518.12
R003238,O9999993237,2026-05-22,Changed Mind,21358.97
R003239,O000466,2025-11-14,Late Delivery,18069.99
R003240,O023935,2026-06-20,Late Delivery,8503.68
R003241,O009481,invalid-date,Changed Mind,21657.46
R003242,O024324,2026-06-24,Wrong Item,10093.82
R003243,O001659,2025-12-21,Damaged,11975.75
R003244,O019311,2025-06-12,Changed Mind,7156.38
R003245,O003315,2026-06-14,Changed Mind,20003.18
R003246,O027169,2025-04-30,Wrong Item,23357.37
R003247,O017716,2025-12-06,Late Delivery,4720.17
R003248,O041428,2026-03-17,Quality Issue,21260.81
R003249,O025192,2025-09-22,Late Delivery,20801.48
R003250,O042062,2025-09-29,Damaged,811.96
R003251,O003138,2025-09-03,Quality Issue,1979.76
R003252,O022530,2026-03-02,Late Delivery,10497.21
R003253,O021305,2026-03-06,Damaged,7478.55
R003254,O029114,2025-05-01,Damaged,21356.58
R003255,O047720,2026-10-27,Quality Issue,13371.7
R003256,O008638,2025-12-31,Damaged,1847.18
R003257,O049161,2025-05-26,Quality Issue,6796.65
R003258,O026681,2026-10-06,Wrong Item,24686.96
R003259,O021473,2025-03-19,Late Delivery,13363.67
R003260,O020845,2025-10-08,Quality Issue,23280.27
R003261,O028944,2025-09-03,Late Delivery,1292.44
R003262,O026786,2025-06-10,Damaged,11217.1
R003263,O013986,2025-08-24,Damaged,22006.31
R003264,O013379,2025-06-25,Damaged,7054.78
R003265,O025970,2025-09-23,Damaged,18806.29
R003266,O037722,2026-09-20,Damaged,10319.48
R003267,O040148,2026-11-22,Late Delivery,12472.91
R003268,O025606,2025-02-06,Wrong Item,15134.87
R003269,O017173,2025-05-04,Quality Issue,3578.25
R003270,O043315,2025-01-16,Damaged,2455.02
R003271,O032958,2026-06-01,Damaged,6149.47
R003272,O035313,2026-10-28,Quality Issue,22023.64
R003273,O030792,2026-01-14,Late Delivery,12641.39
R003274,O005708,2025-07-13,Late Delivery,9442.29
R003275,O009212,2025-08-16,Quality Issue,3650.31
R003276,O022439,2025-10-27,Late Delivery,5061.5
R003277,O045946,2025-02-01,Late Delivery,3782.43
R003278,O022926,2026-03-17,Late Delivery,22099.22
R003279,O037424,2026-08-05,Quality Issue,17386.68
R003280,O048131,2025-09-24,Changed Mind,1555.63
R003281,O014607,2025-03-02,Damaged,24629.65
R003282,O026525,2026-01-04,Late Delivery,8718.54
R003283,O042327,2025-05-15,Late Delivery,5006.72
R003284,O035020,2026-09-11,Damaged,5890.82
R003285,O027569,2026-10-16,Damaged,19221.91
R003286,O012329,2026-04-22,Changed Mind,16083.69
R003287,O044625,2025-04-22,Damaged,24729.46
R003288,O042419,2025-02-23,Quality Issue,19283.7
R003289,O011654,2026-12-21,Late Delivery,9770.89
R003290,O022336,2026-01-01,Changed Mind,3361.57
R003291,O001939,2026-05-06,Damaged,15975.46
R003292,O015735,2025-09-22,Quality Issue,15254.76
R003293,O045897,2026-10-29,Wrong Item,13343.05
R003294,O000338,2025-01-26,Late Delivery,16810.74
R003295,O041570,2026-06-04,Quality Issue,16821.74
R003296,O003555,2026-08-09,Changed Mind,14363.92
R003297,O004718,2026-08-08,Damaged,19042.74
R003298,O016674,2025-08-04,Quality Issue,4352.87
R003299,O001925,2026-02-25,Late Delivery,9696.15
R003300,O029378,2025-04-15,Damaged,12174.07
R003301,O040077,2025-01-23,Late Delivery,3347.87
R003302,O031501,2026-01-24,Damaged,10669.08
R003303,O049559,2025-08-24,Wrong Item,7259.43
R003304,O045449,2025-10-08,Changed Mind,15038.38
R003305,O039585,2026-01-23,Damaged,4673.53
R003306,O031981,2026-04-08,Damaged,13489.14
R003307,O024487,2026-07-01,Damaged,13777.48
R003308,O018815,2025-05-20,Quality Issue,18435.1
R003309,O024773,2026-07-23,Wrong Item,10264.37
R003310,O018914,2026-09-06,Late Delivery,19797.5
R003311,O013810,2026-10-07,Wrong Item,2210.02
R003312,O039227,2025-01-07,Damaged,2357.9
R003313,O037590,2026-11-05,Late Delivery,7846.52
R003314,O005559,2026-04-27,Quality Issue,14183.61
R003315,O044782,2026-10-11,Changed Mind,20950.62
R003316,O048343,2026-11-13,Late Delivery,12674.88
R003317,O044829,2025-04-23,Late Delivery,10443.03
R003318,O026080,2026-02-20,Damaged,16873.41
R003319,O022719,2025-03-21,Changed Mind,507.59
R003320,O019054,2026-07-01,Late Delivery,15440.57
R003321,O001074,2026-07-02,Changed Mind,6649.53
R003322,O011417,2025-12-04,Late Delivery,21279.78
R003323,O003285,2026-04-14,Changed Mind,15193.43
R003324,O009791,2025-09-25,Changed Mind,10280.25
R003325,O005308,2026-05-03,Quality Issue,8826.94
R003326,O016607,2027-01-03,Wrong Item,8365.95
R003327,O031141,2025-10-29,Damaged,4921.38
R003328,O034656,2025-07-13,Changed Mind,19271.63
R003329,O044981,2025-05-09,Changed Mind,2742.24
R003330,O042918,2025-12-19,Damaged,18204.79
R003331,O029502,2026-02-12,Quality Issue,2639.31
R003332,O003562,2025-02-27,Quality Issue,6579.6
R003333,O007729,2025-07-17,Quality Issue,2476.85
R003334,O032803,2026-01-02,Damaged,17283.66
R003335,O037761,2025-08-01,Changed Mind,4440.0
R003336,O008030,2025-07-03,Quality Issue,15713.56
R003337,O008348,2026-06-15,Changed Mind,4942.9
R003338,O045208,2025-09-12,Quality Issue,23755.57
R003339,O010684,2026-04-02,Damaged,23707.38
R003340,O014662,2025-09-07,Damaged,18695.34
R003341,O015399,2026-06-30,Changed Mind,5172.86
R003342,O023306,2026-11-30,Changed Mind,9811.18
R003343,O049965,2025-08-30,Changed Mind,10925.66
R003344,O013105,2026-12-11,Wrong Item,15084.96
R003345,O036672,2026-06-08,Damaged,10638.6
R003346,O018631,2026-04-02,Quality Issue,15758.28
R003347,O035748,2027-01-02,Changed Mind,13282.37
R003348,O004158,2026-09-16,Late Delivery,21406.38
R003349,O003609,2026-06-20,Late Delivery,23798.17
R003350,O012487,2026-04-21,Wrong Item,1465.96
R003351,O038250,2025-09-02,Wrong Item,1621.34
R003352,O011189,2026-03-17,Changed Mind,10302.3
R003353,O014940,2026-09-28,Quality Issue,9570.2
R003354,O007083,2026-12-31,Wrong Item,14510.92
R003355,O026856,2025-07-20,Changed Mind,15986.73
R003356,O021445,2025-02-02,Wrong Item,9184.64
R003357,O021842,2026-05-10,Late Delivery,15514.81
R003358,O045913,2026-04-25,Damaged,18241.12
R003359,O028504,2026-07-02,Damaged,21657.23
R003360,O041716,2026-04-08,Damaged,1170.23
R003361,O026753,2026-03-02,Quality Issue,11570.58
R003362,O007535,2026-07-06,Wrong Item,15582.48
R003363,O007498,2025-01-14,Damaged,12274.67
R003364,O037886,2025-06-01,Late Delivery,5614.82
R003365,O000047,2025-01-29,Late Delivery,16995.66
R003366,O014146,2026-06-05,Damaged,15028.98
R003367,O013013,2026-11-21,Changed Mind,6372.78
R003368,O046063,2025-04-06,Damaged,8185.31
R003369,O049948,2026-03-28,Late Delivery,3289.67
R003370,O015236,2025-01-06,Damaged,12032.98
R003371,O021619,2025-01-16,Changed Mind,18768.57
R003372,O003379,2025-09-14,Late Delivery,6716.88
R003373,O022959,2026-08-04,Quality Issue,9497.63
R003374,O046643,2025-05-28,Damaged,11340.88
R003375,O024254,2025-08-09,Quality Issue,11525.79
R003376,O043639,2026-11-23,Quality Issue,8582.27
R003377,O017954,2025-08-20,Changed Mind,17530.71
R003378,O031240,2026-11-24,Quality Issue,11721.03
R003379,O033999,2025-01-08,Changed Mind,9108.22
R003380,O024392,2025-11-02,Wrong Item,16272.39
R003381,O022261,2025-11-11,Changed Mind,22064.23
R003382,O022831,2026-01-16,Wrong Item,1634.14
R003383,O002580,2026-03-01,Wrong Item,11542.39
R003384,O022307,2026-02-18,Wrong Item,22314.88
R003385,O040207,2025-02-12,Damaged,22707.56
R003386,O008084,2025-10-30,Late Delivery,6547.35
R003387,O028369,2026-04-24,Wrong Item,4277.4
R003388,O024899,2025-03-23,Damaged,1425.56
R003389,O011648,2025-05-13,Quality Issue,17482.54
R003390,O029832,2026-05-29,Wrong Item,10372.05
R003391,O020606,2025-11-14,Changed Mind,6895.29
R003392,O042187,2025-02-06,Late Delivery,12935.52
R003393,O007782,2026-05-29,Wrong Item,10781.71
R003394,O003447,2026-12-09,Wrong Item,14278.84
R003395,O045406,2025-05-05,Late Delivery,7323.26
R003396,O047310,2026-06-01,Changed Mind,15190.18
R003397,O022368,2025-09-25,Wrong Item,19036.88
R003398,O014195,2026-11-30,Wrong Item,15463.15
R003399,O049284,2026-11-28,Damaged,11423.63
R003400,O037074,2026-01-13,Quality Issue,6413.76
R003401,O030350,2026-03-07,Late Delivery,18409.31
R003402,O025434,2026-05-11,,2153.53
R003403,O011599,2025-10-21,Quality Issue,2365.26
R003404,O040965,2026-04-17,Changed Mind,21893.16
R003405,O046714,2025-03-19,Wrong Item,13072.06
R003406,O9999993405,2025-01-21,Quality Issue,23495.79
R003407,O040762,2025-12-26,Damaged,5242.68
R003408,O031144,2025-02-21,Late Delivery,8512.08
R003409,O044040,2026-02-05,Quality Issue,7820.6
R003410,O044789,2026-12-01,Late Delivery,11353.95
R003411,O025764,2026-06-03,Quality Issue,9771.03
R003412,O019835,2025-11-27,Changed Mind,6820.21
R003413,O019230,2026-06-06,Changed Mind,4908.89
R003414,O018991,2025-03-17,Changed Mind,4326.14
R003415,O017586,2026-10-13,Wrong Item,7561.01
R003416,O011426,2026-11-22,Wrong Item,23812.68
R003417,O020022,2025-08-08,Quality Issue,20195.76
R003418,O044297,2025-08-17,Quality Issue,19217.55
R003419,O043385,2026-12-07,Quality Issue,17158.74
R003420,O004126,2026-10-17,Changed Mind,5809.19
R003421,O028310,2025-09-20,Changed Mind,4728.55
R003422,O041691,2025-06-07,Damaged,9799.38
R003423,O014857,2025-07-24,Quality Issue,1015.39
R003424,O030483,2025-03-15,Late Delivery,24341.19
R003425,O030118,2026-11-06,Changed Mind,2283.75
R003426,O022449,2025-08-22,Late Delivery,1493.54
R003427,O044635,2026-03-10,Late Delivery,17662.62
R003428,O001113,2026-10-31,Quality Issue,20583.48
R003429,O016781,2025-04-23,Late Delivery,6396.33
R003430,O008019,2025-03-05,Quality Issue,4313.12
R003431,O048897,2026-10-03,Quality Issue,12003.43
R003432,O043193,2026-11-20,Late Delivery,6726.59
R003433,O011184,2025-09-04,Wrong Item,20038.58
R003434,O010943,2026-02-02,Damaged,7117.84
R003435,O038581,2025-03-11,Changed Mind,22783.42
R003436,O017262,2026-08-30,Quality Issue,10925.08
R003437,O011450,2026-09-21,Late Delivery,20632.76
R003438,O012970,2025-09-24,Quality Issue,6307.54
R003439,O020550,2026-05-09,Quality Issue,7143.02
R003440,O008361,2025-09-25,Changed Mind,6976.32
R003441,O024481,2025-10-27,Late Delivery,10428.14
R003442,O011625,2027-01-02,Quality Issue,7189.72
R003443,O000816,2025-11-30,Late Delivery,12356.86
R003444,O003525,2026-07-20,Wrong Item,13347.91
R003445,O022419,2026-04-01,Wrong Item,12503.15
R003446,O034701,2026-02-20,Quality Issue,10323.88
R003447,O023204,2025-11-06,Changed Mind,10144.18
R003448,O005230,2025-06-18,Late Delivery,15099.99
R003449,O021313,2025-11-16,Wrong Item,3673.15
R003450,O026136,2025-01-07,Quality Issue,19365.98
R003451,O026899,2025-05-08,Quality Issue,8679.93
R003452,O035391,2026-05-07,Late Delivery,4317.81
R003453,O049256,2025-11-13,Late Delivery,22289.47
R003454,O044471,2026-12-30,Changed Mind,18427.18
R003455,O048118,2025-07-13,Wrong Item,22806.17
R003456,O043688,2025-05-24,Late Delivery,13413.26
R003457,O006628,2026-10-04,Quality Issue,14756.83
R003458,O019494,2026-09-26,Quality Issue,12705.72
R003459,O021021,2026-04-10,Damaged,15225.11
R003460,O036888,2026-10-27,Late Delivery,11633.63
R003461,O040748,2027-01-03,Changed Mind,1427.61
R003462,O044145,2025-03-19,Quality Issue,19647.11
R003463,O041432,2026-02-17,Late Delivery,6844.17
R003464,O006778,2025-07-26,Damaged,19274.87
R003465,O018706,2025-12-05,Late Delivery,5516.57
R003466,O045917,2025-04-16,Late Delivery,16978.96
R003467,O021963,2026-06-08,Wrong Item,9936.35
R003468,O023818,2026-09-19,Late Delivery,16569.08
R003469,O014954,2025-03-22,Changed Mind,1464.58
R003470,O017711,2025-07-19,Quality Issue,8317.62
R003471,O020796,2026-03-12,Quality Issue,12055.78
R003472,O014569,2026-01-23,Late Delivery,12610.8
R003473,O048397,2026-02-18,Damaged,23899.15
R003474,O012584,2026-04-24,Damaged,22349.37
R003475,O026900,2025-12-13,Quality Issue,7819.74
R003476,O001547,2025-04-20,Quality Issue,9721.12
R003477,O039727,2025-12-27,Wrong Item,1015.23
R003478,O033012,2026-01-26,Late Delivery,7334.72
R003479,O026036,2026-09-30,Changed Mind,10231.22
R003480,O038145,2026-05-04,Damaged,3886.48
R003481,O029667,2026-06-26,Quality Issue,203.29
R003482,O037238,2026-03-14,Quality Issue,2246.96
R003483,O042743,2026-11-28,Damaged,20236.4
R003484,O025698,2025-08-25,Wrong Item,18417.29
R003485,O042987,2026-11-28,Changed Mind,23021.76
R003486,O005764,2025-02-20,Wrong Item,10877.25
R003487,O008031,2025-09-24,Wrong Item,699.44
R003488,O023482,2026-08-27,Damaged,1982.87
R003489,O019083,2026-03-05,Changed Mind,8249.46
R003490,O044505,2025-02-22,Changed Mind,21507.43
R003491,O000970,2026-08-30,Changed Mind,14361.69
R003492,O028869,2025-08-12,Late Delivery,22569.75
R003493,O039361,2025-07-13,Changed Mind,7945.05
R003494,O028431,2025-05-01,Late Delivery,8763.6
R003495,O038331,2026-06-14,Wrong Item,10426.3
R003496,O032794,2026-06-13,Damaged,12409.13
R003497,O027273,2026-05-11,Changed Mind,20278.15
R003498,O044199,2025-10-22,Wrong Item,8300.33
R003499,O045123,2026-04-10,Wrong Item,7453.4
R003500,O031037,2026-08-24,Quality Issue,19387.75
R003501,O043068,2026-11-15,Changed Mind,6800.75
R003502,O035616,2026-04-05,Late Delivery,24624.37
R003503,O046925,2025-05-20,Wrong Item,17360.63
R003504,O048489,2025-05-07,Damaged,12085.38
R003505,O014187,2026-03-24,Quality Issue,15954.18
R003506,O043700,2026-09-16,Wrong Item,5607.92
R003507,O047721,2026-09-07,Changed Mind,15274.69
R003508,O049217,2026-02-20,Quality Issue,14831.13
R003509,O038622,2025-12-24,Late Delivery,21629.79
R003510,O024265,2025-05-16,Damaged,5429.45
R003511,O048851,2025-12-03,Quality Issue,8926.26
R003512,O010295,2026-04-27,Wrong Item,21684.22
R003513,O023624,2026-10-04,Wrong Item,11512.59
R003514,O009995,2026-04-13,Quality Issue,15518.4
R003515,O019300,2025-05-16,Late Delivery,18899.57
R003516,O000146,2025-08-21,Changed Mind,2451.59
R003517,O014578,2026-03-06,Quality Issue,7764.89
R003518,O045741,2025-04-12,Changed Mind,16369.44
R003519,O000357,2026-02-15,Changed Mind,12263.61
R003520,O016322,2026-06-29,Wrong Item,18219.95
R003521,O019507,2026-06-09,Changed Mind,267.9
R003522,O000824,2025-04-29,Quality Issue,772.98
R003523,O048597,2026-04-20,Changed Mind,24189.7
R003524,O023759,2025-05-10,Quality Issue,9627.4
R003525,O012524,2026-10-08,Quality Issue,7635.14
R003526,O025589,2026-12-07,Changed Mind,8398.41
R003527,O009017,2026-02-19,Damaged,802.34
R003528,O018383,2026-07-22,Damaged,17303.78
R003529,O017616,2025-05-23,Changed Mind,16009.85
R003530,O006701,2026-10-31,Quality Issue,19533.7
R003531,O035393,2026-05-24,Damaged,9393.1
R003532,O047955,2026-02-09,Damaged,3937.99
R003533,O019410,2025-11-18,Damaged,19714.92
R003534,O040077,2026-05-20,Damaged,17358.68
R003535,O031254,2025-04-01,Wrong Item,8740.21
R003536,O018238,2026-10-20,Changed Mind,9707.67
R003537,O000127,2025-08-01,Late Delivery,11603.7
R003538,O013715,2025-02-01,Wrong Item,3434.13
R003539,O008197,2025-01-15,Wrong Item,16933.66
R003540,O036549,2026-06-28,Changed Mind,16658.1
R003541,O001884,2025-09-04,Changed Mind,11076.42
R003542,O027627,2025-10-03,Quality Issue,23940.58
R003543,O9999993542,2026-05-18,Damaged,21829.99
R003544,O004137,2026-08-31,Late Delivery,10513.24
R003545,O008855,2025-10-18,Damaged,18045.41
R003546,O020372,2026-09-24,Wrong Item,14051.14
R003547,O004712,2025-06-15,Late Delivery,3489.58
R003548,O026742,2026-02-09,Changed Mind,4328.83
R003549,O025633,2026-02-13,Changed Mind,15194.7
R003550,O032068,2025-04-13,Quality Issue,2648.19
R003551,O001497,2026-12-11,Damaged,6950.88
R003552,O048260,2026-07-11,Late Delivery,20853.58
R003553,O041873,2025-06-20,Damaged,7646.97
R003554,O028990,2026-11-21,Wrong Item,12718.91
R003555,O002005,2027-01-02,Quality Issue,19656.47
R003556,O010841,2026-03-22,Changed Mind,24841.72
R003557,O004438,2025-03-29,Damaged,771.85
R003558,O046885,2026-07-29,Quality Issue,10578.36
R003559,O048009,2026-10-31,Wrong Item,21346.15
R003560,O030961,2025-06-08,Wrong Item,7204.86
R003561,O021188,2026-10-10,Wrong Item,14269.98
R003562,O045448,2025-08-06,Changed Mind,10858.79
R003563,O024901,2025-04-28,Quality Issue,22431.88
R003564,O035089,2026-07-28,Damaged,16532.44
R003565,O014302,2026-05-16,Wrong Item,17696.19
R003566,O034164,2026-08-28,Damaged,16238.37
R003567,O033491,2025-01-24,Damaged,7616.25
R003568,O029941,2025-06-18,Quality Issue,24614.42
R003569,O045010,2025-07-17,Quality Issue,7813.42
R003570,O002231,2026-06-27,Late Delivery,9717.52
R003571,O048589,2026-08-09,Quality Issue,4719.49
R003572,O011802,2026-12-28,Late Delivery,24586.18
R003573,O039943,2025-04-20,Changed Mind,17458.49
R003574,O009914,2025-05-26,Wrong Item,15152.33
R003575,O045050,2026-04-04,Late Delivery,8620.04
R003576,O038794,2026-06-13,Quality Issue,8160.64
R003577,O037061,2026-08-15,Quality Issue,-500.0
R003578,O014836,2026-03-15,Late Delivery,9037.12
R003579,O018829,2026-04-05,Quality Issue,11449.22
R003580,O028602,2025-03-10,Late Delivery,6454.23
R003581,O014970,2025-04-21,Quality Issue,12980.98
R003582,O034412,2026-12-08,Late Delivery,21292.45
R003583,O028205,2026-06-26,Quality Issue,13481.71
R003584,O021917,2025-05-18,Quality Issue,5705.64
R003585,O010650,2026-10-06,,4816.29
R003586,O016038,2025-12-19,Late Delivery,15957.64
R003587,O007836,2025-12-25,Late Delivery,5167.19
R003588,O003813,2026-08-02,Quality Issue,7227.34
R003589,O019916,2026-09-30,Changed Mind,9187.71
R003590,O018354,2026-07-24,Damaged,24182.57
R003591,O043315,2026-01-09,Wrong Item,17418.33
R003592,O049374,2025-01-08,Damaged,16555.91
R003593,O008455,2026-08-12,Changed Mind,4520.79
R003594,O030914,2025-11-25,Changed Mind,14170.55
R003595,O024217,2025-05-04,Wrong Item,2089.19
R003596,O049728,2026-03-01,Damaged,23186.72
R003597,O000469,2025-06-17,Wrong Item,20830.22
R003598,O009247,2025-02-16,Damaged,6511.07
R003599,O029631,2025-11-26,Quality Issue,1400.32
R003600,O016350,invalid-date,Damaged,17491.66
R003601,O049803,2025-01-20,Damaged,398.99
R003602,O035549,2026-04-16,Quality Issue,18008.75
R003603,O028556,2026-11-24,Late Delivery,8606.25
R003604,O037815,2025-03-23,Quality Issue,1795.24
R003605,O025098,2026-04-09,Damaged,16158.44
R003606,O026694,2026-10-09,Quality Issue,18529.32
R003607,O013018,2026-07-28,Damaged,13713.45
R003608,O030954,2026-09-20,Changed Mind,19451.05
R003609,O039987,2025-04-03,Wrong Item,12445.14
R003610,O044191,2025-10-09,Damaged,12419.72
R003611,O041857,2026-07-04,Damaged,13942.84
R003612,O006032,2026-12-13,Late Delivery,4803.43
R003613,O009068,2026-03-16,Changed Mind,20796.81
R003614,O022356,2026-08-12,Damaged,13755.39
R003615,O035531,2026-06-21,Quality Issue,4617.32
R003616,O025565,2026-07-18,Wrong Item,15389.55
R003617,O046952,2026-09-23,Damaged,8165.58
R003618,O033237,2025-11-12,Changed Mind,9307.26
R003619,O011441,2025-04-03,Changed Mind,6504.14
R003620,O016991,2026-05-01,Damaged,23928.35
R003621,O030709,2026-02-18,Changed Mind,18592.21
R003622,O040369,2026-09-10,Wrong Item,1921.72
R003623,O020100,2025-02-19,Quality Issue,6342.65
R003624,O9999993623,2026-12-27,Late Delivery,19127.98
R003625,O027519,2026-02-15,Damaged,21640.5
R003626,O027392,2025-08-03,Changed Mind,14943.08
R003627,O010156,2025-07-21,Wrong Item,3276.71
R003628,O049539,2025-11-02,Damaged,4117.74
R003629,O038248,2025-06-05,Quality Issue,19245.44
R003630,O005847,2026-11-23,Quality Issue,9585.12
R003631,O035080,2026-09-14,Wrong Item,15045.76
R003632,O049973,2026-04-19,Damaged,8465.61
R003633,O039172,2025-08-11,Changed Mind,20581.64
R003634,O019734,2026-07-15,Damaged,17096.31
R003635,O006539,2025-03-13,Wrong Item,3778.16
R003636,O016475,2026-06-10,Wrong Item,10983.67
R003637,O033026,2026-05-01,Wrong Item,18221.89
R003638,O021451,2026-04-03,Late Delivery,22491.25
R003639,O024520,2026-03-23,Changed Mind,7763.65
R003640,O033175,2026-01-26,Wrong Item,6622.99
R003641,O036078,2025-05-04,Late Delivery,23827.49
R003642,O043858,2026-10-04,Late Delivery,16241.78
R003643,O013427,2025-08-30,Late Delivery,10160.88
R003644,O038257,2026-11-28,Damaged,20128.65
R003645,O010421,2025-08-12,Quality Issue,8301.64
R003646,O035318,2025-02-18,Changed Mind,17351.69
R003647,O026101,2026-09-01,Quality Issue,17997.02
R003648,O039431,2026-09-11,Wrong Item,10919.03
R003649,O015041,2025-02-25,Quality Issue,20583.44
R003650,O016066,2025-03-21,Quality Issue,17796.63
R003651,O036114,2025-05-05,Changed Mind,19056.98
R003652,O023395,2025-08-24,Quality Issue,19170.28
R003653,O044371,2025-03-17,Wrong Item,23536.27
R003654,O035975,2026-06-09,Wrong Item,9812.93
R003655,O011453,2026-01-02,Wrong Item,19638.56
R003656,O004941,2025-11-16,Wrong Item,15727.91
R003657,O043508,2025-02-24,Damaged,23117.58
R003658,O003950,2026-05-08,Late Delivery,10633.23
R003659,O028419,2026-11-01,Quality Issue,3749.58
R003660,O013861,2026-05-26,Wrong Item,10210.65
R003661,O021220,2026-01-10,Wrong Item,10431.05
R003662,O016287,2025-05-09,Quality Issue,16295.18
R003663,O001486,2026-11-08,Damaged,10686.22
R003664,O028277,2026-10-04,Changed Mind,2052.41
R003665,O005045,2026-07-20,Damaged,14569.98
R003666,O035801,2026-10-11,Damaged,13347.11
R003667,O040389,2025-10-11,Late Delivery,9344.03
R003668,O041056,2025-01-24,Late Delivery,8809.44
R003669,O049110,2025-10-17,Wrong Item,24081.35
R003670,O028184,2025-10-31,Changed Mind,19966.12
R003671,O020862,2026-07-18,Wrong Item,15473.36
R003672,O044339,2026-11-24,Damaged,13949.06
R003673,O029950,2026-07-12,Wrong Item,4657.42
R003674,O018094,2026-10-28,Damaged,15021.3
R003675,O028183,2025-11-26,Quality Issue,14070.53
R003676,O035447,2026-02-09,Changed Mind,2166.83
R003677,O040433,2025-04-10,Damaged,1196.47
R003678,O027908,2026-07-28,Late Delivery,11877.59
R003679,O009446,2026-11-07,Late Delivery,12975.45
R003680,O046626,2026-04-30,Late Delivery,11070.22
R003681,O005303,2025-01-11,Wrong Item,10249.6
R003682,O023692,2025-01-27,Late Delivery,8727.32
R003683,O038096,2025-05-29,Late Delivery,921.12
R003684,O030116,2025-11-18,Damaged,3122.15
R003685,O037566,2026-06-21,Quality Issue,11503.17
R003686,O040854,2025-12-23,Quality Issue,24493.56
R003687,O026304,2025-09-10,Damaged,16574.21
R003688,O022276,2026-02-02,Quality Issue,18622.14
R003689,O014714,2026-02-13,Damaged,7168.46
R003690,O000590,2026-01-10,Quality Issue,2741.88
R003691,O045605,2026-03-22,Quality Issue,253.12
R003692,O016005,2025-01-25,Damaged,7809.1
R003693,O030686,2025-12-06,Changed Mind,8848.55
R003694,O026960,2026-09-22,Late Delivery,18583.5
R003695,O039501,2026-06-10,Damaged,20268.54
R003696,O027652,2025-05-27,Late Delivery,23437.5
R003697,O041936,2026-11-25,Changed Mind,6503.66
R003698,O014679,2025-02-10,Changed Mind,15296.25
R003699,O034374,2026-07-26,Late Delivery,5125.87
R003700,O028347,2025-07-25,Changed Mind,21782.05
R003701,O005247,2026-11-01,Damaged,14618.48
R003702,O047386,2026-06-19,Wrong Item,16664.65
R003703,O017791,2026-05-25,Changed Mind,7992.58
R003704,O010092,2025-05-07,Changed Mind,841.45
R003705,O001362,2025-09-24,Late Delivery,9609.08
R003706,O005341,2025-09-27,Damaged,1977.13
R003707,O022309,2025-08-17,Changed Mind,7892.19
R003708,O024009,2026-02-27,Wrong Item,20569.11
R003709,O024657,2025-09-09,Wrong Item,577.86
R003710,O019117,2026-03-21,Changed Mind,21280.59
R003711,O023701,2025-06-25,Damaged,11364.66
R003712,O027445,2025-12-10,Late Delivery,23204.4
R003713,O034373,2025-05-20,Damaged,2878.44
R003714,O013223,2025-01-08,Changed Mind,4529.82
R003715,O010053,2026-07-29,Wrong Item,13345.63
R003716,O003367,2026-11-09,Damaged,22872.28
R003717,O009987,2026-09-05,Wrong Item,20798.92
R003718,O020152,2026-08-18,Late Delivery,5661.69
R003719,O042389,2026-11-06,Quality Issue,24664.69
R003720,O026616,2025-12-14,Changed Mind,6173.01
R003721,O028806,2025-07-16,Changed Mind,10005.81
R003722,O021472,2026-06-23,Late Delivery,10910.02
R003723,O040067,2025-10-03,Wrong Item,16123.47
R003724,O013755,2026-08-19,Quality Issue,5620.34
R003725,O045097,2025-03-10,Damaged,12720.3
R003726,O029928,2025-10-12,Changed Mind,23886.83
R003727,O001414,2025-03-30,Wrong Item,-500.0
R003728,O015820,2025-12-02,Late Delivery,552.57
R003729,O031078,2026-02-06,Damaged,674.32
R003730,O023598,2026-06-06,Late Delivery,2337.12
R003731,O008806,2026-08-25,Damaged,4197.55
R003732,O025270,2026-12-01,Quality Issue,1305.35
R003733,O021940,2025-12-09,Quality Issue,15345.41
R003734,O036694,2026-02-11,Damaged,-500.0
R003735,O042738,2026-06-13,Changed Mind,21606.68
R003736,O008885,2025-01-28,Wrong Item,10290.63
R003737,O010923,2026-07-03,Changed Mind,552.68
R003738,O012669,2025-11-30,Wrong Item,5632.77
R003739,O044574,2025-06-06,Changed Mind,20114.97
R003740,O000654,2025-09-09,Wrong Item,12314.98
R003741,O039600,2026-06-28,Changed Mind,10515.99
R003742,O026791,2026-05-12,Wrong Item,7821.43
R003743,O004809,2026-10-13,Damaged,486.04
R003744,O045497,2026-04-26,Wrong Item,16776.61
R003745,O015561,2025-08-27,Wrong Item,710.01
R003746,O019988,2026-05-29,Wrong Item,10717.25
R003747,O043757,2025-07-05,Changed Mind,22764.11
R003748,O030414,2026-07-14,Late Delivery,15337.61
R003749,O001291,2026-06-12,Wrong Item,10835.87
R003750,O014476,2026-11-07,Damaged,20770.67
R003751,O007191,2026-08-18,Changed Mind,11364.19
R003752,O031551,2025-01-21,Wrong Item,18855.6
R003753,O035959,2025-07-25,Late Delivery,18768.49
R003754,O045199,2026-01-12,Late Delivery,9661.49
R003755,O041676,2026-05-10,Late Delivery,3617.69
R003756,O049743,2025-11-21,Wrong Item,1810.16
R003757,O012745,2025-12-13,Late Delivery,6527.11
R003758,O018011,2025-11-19,Quality Issue,10922.91
R003759,O010048,2025-09-18,Quality Issue,8022.51
R003760,O011360,2026-06-15,Damaged,15937.08
R003761,O023777,2025-10-26,Wrong Item,12848.35
R003762,O033979,2025-04-07,Changed Mind,439.66
R003763,O021516,2025-05-08,Changed Mind,4115.59
R003764,O000938,2026-02-21,Wrong Item,24417.47
R003765,O047990,2027-01-04,Damaged,23018.97
R003766,O049926,2026-07-28,Changed Mind,10955.14
R003767,O015147,2027-01-03,Damaged,1798.16
R003768,O040527,2026-08-26,Quality Issue,-500.0
R003769,O032104,2025-03-08,Late Delivery,3070.99
R003770,O013844,2026-07-01,Damaged,23949.18
R003771,O014778,2025-03-15,Late Delivery,18270.63
R003772,O018002,2026-12-08,Quality Issue,3669.15
R003773,O049779,2025-01-18,Late Delivery,4145.62
R003774,O015186,2026-06-07,Quality Issue,17489.45
R003775,O027074,2026-11-27,Quality Issue,22591.42
R003776,O020788,2025-07-31,Late Delivery,8225.65
R003777,O014015,2025-10-24,Damaged,20768.3
R003778,O005278,2025-11-26,Late Delivery,3132.42
R003779,O008822,2025-05-10,Late Delivery,15924.96
R003780,O048059,2026-08-25,Late Delivery,20542.23
R003781,O001178,2025-06-15,Damaged,8639.03
R003782,O029424,2026-05-27,Changed Mind,5427.0
R003783,O017483,2025-04-13,Quality Issue,22314.57
R003784,O009329,2025-04-16,Wrong Item,24291.35
R003785,O009416,2026-08-14,Late Delivery,15827.53
R003786,O020396,2026-07-21,Late Delivery,22887.72
R003787,O034185,2025-09-06,Changed Mind,24412.15
R003788,O028598,2025-08-12,Wrong Item,15042.87
R003789,O014821,2025-06-15,Quality Issue,6357.2
R003790,O005607,2026-10-21,Damaged,1300.4
R003791,O031411,2025-02-25,Changed Mind,15554.77
R003792,O044188,2025-12-28,Wrong Item,19951.15
R003793,O044535,2026-07-16,Late Delivery,14487.44
R003794,O015101,2025-01-15,Quality Issue,5344.56
R003795,O038015,2025-05-06,Wrong Item,5067.48
R003796,O006607,2026-02-17,Changed Mind,1622.55
R003797,O045832,2026-01-27,Changed Mind,1964.75
R003798,O022508,2025-01-29,Damaged,7317.46
R003799,O003252,2026-11-06,Quality Issue,24548.61
R003800,O000950,2025-02-18,Quality Issue,7867.67
R003801,O016435,2026-05-09,Quality Issue,12696.5
R003802,O020605,2026-08-21,Damaged,14084.02
R003803,O045198,2025-01-12,Damaged,13130.35
R003804,O013103,2026-10-16,Damaged,22793.54
R003805,O045040,2025-04-07,Damaged,18945.42
R003806,O032070,2025-11-12,Quality Issue,21472.94
R003807,O024014,2026-11-24,Damaged,3851.91
R003808,O039457,2026-09-03,Late Delivery,15501.7
R003809,O006593,2026-01-23,Wrong Item,24076.53
R003810,O041759,2026-05-23,Late Delivery,9420.95
R003811,O011989,2026-01-11,Changed Mind,16058.24
R003812,O013106,2025-07-31,Wrong Item,10854.48
R003813,O036636,2025-04-19,Late Delivery,5671.54
R003814,O034721,2026-05-12,Changed Mind,1862.56
R003815,O019167,2026-03-22,Quality Issue,2109.76
R003816,O031353,2025-08-05,Wrong Item,13523.84
R003817,O026490,2026-07-25,Quality Issue,8597.66
R003818,O043912,2026-06-12,Wrong Item,4806.94
R003819,O049414,2026-06-13,Late Delivery,5653.06
R003820,O014010,2026-12-30,Quality Issue,6327.44
R003821,O008690,2026-03-26,Wrong Item,24601.06
R003822,O045362,2025-10-05,Late Delivery,22557.68
R003823,O032569,2026-07-25,Late Delivery,6063.49
R003824,O035409,2026-07-27,Changed Mind,10108.99
R003825,O031995,2026-08-15,Quality Issue,16269.74
R003826,O029525,2026-02-02,Damaged,19857.7
R003827,O023293,2025-10-28,Quality Issue,1654.87
R003828,O9999993827,2025-04-03,Damaged,2977.42
R003829,O013241,2025-05-21,Late Delivery,21065.62
R003830,O010880,2026-07-04,Late Delivery,6760.34
R003831,O048521,2025-09-25,Late Delivery,6354.67
R003832,O006545,2025-11-15,Quality Issue,2624.18
R003833,O043716,2025-03-11,Quality Issue,23950.23
R003834,O042128,2026-07-05,Late Delivery,14568.32
R003835,O018538,2025-04-22,Changed Mind,11143.64
R003836,O028685,2025-12-13,Changed Mind,16225.06
R003837,O012992,2025-11-21,Late Delivery,11483.66
R003838,O015100,2026-12-02,Wrong Item,6026.58
R003839,O022165,2026-02-28,Changed Mind,18472.03
R003840,O008180,2025-12-19,Wrong Item,21252.54
R003841,O002888,2025-04-30,Late Delivery,13038.7
R003842,O020593,2025-10-24,Quality Issue,4121.49
R003843,O006204,2025-03-09,Damaged,15100.3
R003844,O010339,2025-12-08,Quality Issue,24599.74
R003845,O002890,2026-02-05,Quality Issue,11919.95
R003846,O046454,2025-03-25,Quality Issue,23175.5
R003847,O034924,2026-08-11,Quality Issue,15534.53
R003848,O045776,2026-06-25,Damaged,3199.34
R003849,O020833,2025-06-26,Changed Mind,13546.11
R003850,O006312,2026-09-19,Wrong Item,5527.22
R003851,O022165,2026-10-07,Quality Issue,1460.72
R003852,O021004,2025-01-06,Late Delivery,19463.32
R003853,O031416,2026-12-13,Late Delivery,10956.93
R003854,O035859,2025-01-14,Damaged,3337.57
R003855,O020323,2026-06-16,Late Delivery,21464.03
R003856,O027649,2025-03-29,Quality Issue,10146.49
R003857,O047152,2026-09-04,Late Delivery,19425.24
R003858,O000041,2025-11-11,Changed Mind,5080.03
R003859,O036619,2026-05-30,Wrong Item,12582.5
R003860,O005445,2025-08-14,Changed Mind,18734.32
R003861,O002277,2025-01-17,Wrong Item,22542.84
R003862,O031440,2025-12-25,,8970.17
R003863,O006024,2025-11-09,Damaged,15057.6
R003864,O029541,2025-04-06,Changed Mind,4941.64
R003865,O029543,invalid-date,Damaged,3954.47
R003866,O008564,2026-12-17,Changed Mind,8613.97
R003867,O012281,2026-06-03,Quality Issue,7124.43
R003868,O010825,2025-05-04,Changed Mind,22129.6
R003869,O028646,2026-07-24,Damaged,16906.1
R003870,O048175,2025-11-09,Changed Mind,22284.38
R003871,O046784,2026-05-17,Quality Issue,1049.21
R003872,O033207,2026-08-26,Damaged,17324.6
R003873,O016992,2026-11-23,Damaged,17010.13
R003874,O022278,2025-09-13,Changed Mind,9153.23
R003875,O042738,2025-05-30,Damaged,484.4
R003876,O049127,2026-07-04,Late Delivery,12462.71
R003877,O031139,2025-02-17,Wrong Item,22694.35
R003878,O007735,2025-08-30,Late Delivery,7614.29
R003879,O047445,2026-01-22,Damaged,4299.05
R003880,O046716,2025-08-05,,11476.78
R003881,O008963,2025-09-16,Wrong Item,10724.81
R003882,O035820,2025-11-16,,1829.92
R003883,O020950,2025-12-25,Wrong Item,8223.22
R003884,O013486,2026-12-04,Changed Mind,17735.71
R003885,O032184,2026-03-03,Late Delivery,2057.32
R003886,O030341,2026-05-26,Wrong Item,16446.24
R003887,O035618,2026-06-02,Changed Mind,7519.13
R003888,O024337,2026-02-28,Damaged,6226.58
R003889,O011741,2026-10-08,Wrong Item,11154.44
R003890,O035355,2025-04-28,Changed Mind,108.1
R003891,O003028,2026-05-15,Damaged,1952.43
R003892,O023973,2026-01-14,Wrong Item,24882.53
R003893,O037807,2025-07-29,Wrong Item,21230.99
R003894,O030397,2026-11-25,Damaged,21069.89
R003895,O049582,2025-04-25,Wrong Item,24016.65
R003896,O046369,2025-08-16,Quality Issue,23955.9
R003897,O034533,2026-02-15,Late Delivery,21930.92
R003898,O021359,2026-11-20,Quality Issue,2886.89
R003899,O041291,2025-12-26,Damaged,3710.29
R003900,O007778,2026-09-19,Changed Mind,17354.12
R003901,O037006,2025-11-14,Changed Mind,11062.26
R003902,O026138,2026-02-03,Late Delivery,21364.05
R003903,O003374,2025-07-03,Late Delivery,20856.83
R003904,O045654,2026-10-08,Wrong Item,10502.7
R003905,O010090,2026-03-10,Late Delivery,806.5
R003906,O031263,2025-11-13,Changed Mind,13660.22
R003907,O004525,2025-01-08,Damaged,7264.43
R003908,O011916,2025-07-27,Quality Issue,2156.04
R003909,O049012,2025-08-04,Late Delivery,2330.78
R003910,O020971,2026-04-11,Wrong Item,16808.28
R003911,O045585,2025-07-13,Late Delivery,398.11
R003912,O015938,2025-04-11,Changed Mind,9986.26
R003913,O001848,2027-01-02,Quality Issue,11059.77
R003914,O030888,2025-03-22,Damaged,618.27
R003915,O037606,2026-11-11,Wrong Item,20841.72
R003916,O010671,2026-08-28,Changed Mind,14636.0
R003917,O020693,2025-09-16,Damaged,22083.89
R003918,O013480,2026-02-04,Changed Mind,14681.25
R003919,O037439,2026-09-19,Changed Mind,2974.26
R003920,O049104,2026-04-12,Changed Mind,15323.71
R003921,O031024,2026-07-30,Late Delivery,10324.47
R003922,O042226,2025-12-30,Quality Issue,3082.08
R003923,O029517,2026-08-05,Changed Mind,15917.64
R003924,O044351,2025-07-01,Late Delivery,6185.69
R003925,O044031,2025-03-14,Changed Mind,18811.22
R003926,O037065,2025-04-17,Damaged,7876.51
R003927,O033678,2026-12-27,Wrong Item,16318.2
R003928,O037930,2026-04-30,Damaged,10726.46
R003929,O035079,2025-04-25,Damaged,19557.16
R003930,O030850,2025-03-28,Damaged,16084.33
R003931,O008398,2025-06-12,Quality Issue,10361.39
R003932,O004904,2025-04-12,Late Delivery,2862.83
R003933,O032048,2026-03-15,Late Delivery,16780.75
R003934,O045711,2026-08-14,Late Delivery,11174.14
R003935,O038533,2026-02-09,Quality Issue,18859.28
R003936,O003319,2025-10-03,Damaged,10765.4
R003937,O033096,2025-11-19,Late Delivery,297.89
R003938,O007157,2025-02-02,Damaged,11294.74
R003939,O020133,2026-08-19,Wrong Item,6715.38
R003940,O000996,2025-04-06,Changed Mind,23937.27
R003941,O016411,2026-07-04,Changed Mind,13652.15
R003942,O042748,2025-12-05,Changed Mind,2261.72
R003943,O001331,2026-09-07,Changed Mind,16690.25
R003944,O006089,2026-12-23,Changed Mind,10573.83
R003945,O047411,2026-07-09,Wrong Item,18387.86
R003946,O021574,2026-09-08,Quality Issue,16516.75
R003947,O012038,2025-10-23,Damaged,1813.95
R003948,O001950,2026-12-20,Damaged,2088.58
R003949,O002844,2025-12-13,Damaged,8595.31
R003950,O047673,2025-10-06,Quality Issue,10808.81
R003951,O017030,2025-11-29,Damaged,21441.77
R003952,O033012,2026-04-27,Wrong Item,9596.25
R003953,O042700,2025-08-01,Wrong Item,3781.06
R003954,O000245,2026-02-28,Late Delivery,14192.8
R003955,O037773,2025-01-24,Damaged,12479.94
R003956,O027951,2026-05-10,Wrong Item,5412.0
R003957,O038913,2025-11-13,Damaged,13908.59
R003958,O041669,2026-07-11,Wrong Item,4088.11
R003959,O026037,2026-07-19,Wrong Item,23500.98
R003960,O027696,2025-02-28,Damaged,16246.65
R003961,O017903,2026-10-12,Quality Issue,6812.38
R003962,O037423,2025-10-24,Wrong Item,8008.61
R003963,O043404,2025-10-10,,14129.6
R003964,O006939,2026-04-12,Damaged,23339.49
R003965,O003437,2026-12-12,Changed Mind,569.53
R003966,O031932,2026-02-08,Late Delivery,23472.57
R003967,O003988,2026-08-25,Late Delivery,23822.74
R003968,O035264,2025-06-22,Damaged,991.51
R003969,O021641,2026-03-31,Damaged,20087.49
R003970,O000658,2025-07-27,Changed Mind,1692.85
R003971,O025205,2025-05-11,Late Delivery,4149.76
R003972,O029650,2026-05-02,Quality Issue,548.33
R003973,O041687,2025-06-26,Changed Mind,24107.41
R003974,O048609,2025-06-29,Wrong Item,3598.77
R003975,O027362,2026-01-27,Damaged,6725.33
R003976,O024419,2025-04-07,Changed Mind,2621.05
R003977,O024276,2026-12-09,Quality Issue,3521.94
R003978,O028620,2025-08-31,Late Delivery,4115.19
R003979,O015146,2027-01-04,Wrong Item,6497.47
R003980,O018726,2025-06-01,Damaged,9415.57
R003981,O015073,2026-04-08,Damaged,18466.53
R003982,O047624,2025-06-13,Damaged,6686.79
R003983,O041433,2026-01-25,Damaged,993.57
R003984,O039468,2025-06-20,Wrong Item,1993.76
R003985,O007862,2026-02-05,Quality Issue,1076.09
R003986,O016108,2025-01-25,Changed Mind,5175.27
R003987,O025133,2026-01-08,Changed Mind,22278.11
R003988,O019376,2025-11-06,Changed Mind,23772.17
R003989,O015918,2025-04-27,Changed Mind,11103.33
R003990,O018812,2026-03-09,Changed Mind,14422.87
R003991,O036469,2025-10-26,Wrong Item,21984.32
R003992,O005352,2026-06-02,Late Delivery,2848.76
R003993,O045065,2026-06-02,Changed Mind,10066.21
R003994,O021224,2025-02-01,Late Delivery,5034.63
R003995,O020090,2026-03-03,Quality Issue,21285.09
R003996,O001601,2025-02-19,Changed Mind,14034.79
R003997,O021341,2026-12-09,Late Delivery,4592.87
R003998,O036544,2025-05-26,Changed Mind,19077.76
R003999,O006420,2025-06-23,Damaged,1612.66
R004000,O039223,2025-10-03,Damaged,24243.61
R004001,O037414,2026-01-06,Changed Mind,19842.39
R004002,O049408,2025-07-10,Late Delivery,1954.18
R004003,O039301,2025-02-14,Damaged,20386.24
R004004,O007440,2026-09-01,Wrong Item,17932.0
R004005,O025825,2026-04-25,Wrong Item,16859.16
R004006,O046398,2026-10-09,Late Delivery,9301.57
R004007,O029579,2025-06-18,Changed Mind,3906.91
R004008,O025265,2025-05-01,Damaged,20912.02
R004009,O016161,2026-01-14,Quality Issue,12922.22
R004010,O002589,2026-02-22,Damaged,11265.17
R004011,O016880,2026-08-27,Wrong Item,20756.01
R004012,O001910,2025-01-05,Quality Issue,11124.0
R004013,O044301,2026-09-13,Wrong Item,16337.33
R004014,O037891,2026-05-27,Damaged,9366.88
R004015,O005748,2026-03-21,Late Delivery,11658.31
R004016,O048188,2026-10-17,Quality Issue,7103.69
R004017,O040575,2026-11-25,Late Delivery,1537.49
R004018,O016879,2025-08-03,Quality Issue,19754.7
R004019,O004845,2026-01-07,Quality Issue,23045.44
R004020,O041205,2026-07-31,Wrong Item,24529.67
R004021,O000736,2025-10-19,Damaged,11511.0
R004022,O002689,2026-12-15,Quality Issue,19163.68
R004023,O044190,2025-06-24,Changed Mind,15227.12
R004024,O024603,2025-04-02,Quality Issue,10301.32
R004025,O041345,2026-10-07,Late Delivery,20884.0
R004026,O037719,invalid-date,Wrong Item,19579.92
R004027,O035613,2025-07-12,Wrong Item,1424.96
R004028,O042624,2026-11-17,Wrong Item,6799.17
R004029,O030347,2025-07-07,Quality Issue,9874.95
R004030,O021747,2026-02-05,Late Delivery,8028.17
R004031,O028829,2026-06-18,Wrong Item,23481.57
R004032,O020770,2026-03-22,Wrong Item,17229.86
R004033,O048441,2026-05-18,Damaged,17824.55
R004034,O017531,2025-09-01,Quality Issue,13549.56
R004035,O017701,2026-10-24,Quality Issue,5441.69
R004036,O019853,2025-03-11,Late Delivery,18215.62
R004037,O043229,2026-12-15,Wrong Item,12199.86
R004038,O026452,2026-03-17,Quality Issue,9856.39
R004039,O031512,2026-11-03,Wrong Item,14110.51
R004040,O031470,2025-09-11,Late Delivery,14222.36
R004041,O041399,2026-05-31,Wrong Item,16903.54
R004042,O015815,2025-02-24,Damaged,16541.12
R004043,O043736,2026-07-05,Changed Mind,1561.08
R004044,O002619,2025-12-31,Quality Issue,6097.09
R004045,O9999994044,2025-05-10,Late Delivery,16591.17
R004046,O018018,2026-04-30,Late Delivery,16283.56
R004047,O038564,2025-12-04,Wrong Item,13832.66
R004048,O016172,2025-06-14,Late Delivery,14399.12
R004049,O042192,2026-11-11,Changed Mind,11345.44
R004050,O027897,2025-03-02,Damaged,20852.77
R004051,O005290,2026-08-06,Quality Issue,8270.44
R004052,O036277,2025-06-22,Late Delivery,1697.92
R004053,O047373,2026-07-25,Changed Mind,12926.58
R004054,O010092,2025-12-01,Late Delivery,18350.4
R004055,O013323,2026-02-23,Changed Mind,5765.33
R004056,O006875,2026-05-19,Late Delivery,15551.83
R004057,O042076,2026-08-01,Quality Issue,12762.59
R004058,O006718,2026-01-13,Changed Mind,14761.86
R004059,O034239,2025-10-13,Damaged,12170.52
R004060,O030405,2025-07-20,Wrong Item,22519.32
R004061,O039414,2025-10-16,Changed Mind,3782.78
R004062,O015893,2025-06-07,Quality Issue,3901.93
R004063,O005694,2025-03-01,Damaged,5251.94
R004064,O041311,2026-12-16,Quality Issue,13448.08
R004065,O029963,2025-10-08,Late Delivery,14401.86
R004066,O028081,2025-11-05,Damaged,5385.8
R004067,O033040,2026-07-18,Wrong Item,4774.94
R004068,O029735,2025-03-28,Wrong Item,9326.22
R004069,O037012,2025-11-02,Late Delivery,8640.66
R004070,O027612,2025-06-15,Late Delivery,4305.12
R004071,O003267,2025-06-08,Wrong Item,14862.15
R004072,O028330,2026-11-16,Wrong Item,24531.17
R004073,O026012,2026-08-16,Wrong Item,971.43
R004074,O013668,2025-06-06,Late Delivery,19750.23
R004075,O010640,2025-05-05,Wrong Item,17264.09
R004076,O027868,2026-02-12,Changed Mind,23381.97
R004077,O041342,2026-02-21,Changed Mind,19072.14
R004078,O025553,2026-12-08,Wrong Item,5206.91
R004079,O015179,2025-04-09,Late Delivery,13082.13
R004080,O030098,2026-09-13,Wrong Item,16592.61
R004081,O015626,2025-10-21,Damaged,8077.62
R004082,O017454,2026-11-16,Late Delivery,12577.93
R004083,O016084,2025-11-22,Damaged,4076.72
R004084,O045561,2025-12-15,Quality Issue,13266.81
R004085,O008400,2025-11-04,Wrong Item,22382.79
R004086,O026261,2026-05-29,Wrong Item,8968.06
R004087,O015903,2025-09-14,Damaged,23043.92
R004088,O047801,2025-08-07,Quality Issue,16358.51
R004089,O017006,2025-11-06,Changed Mind,21870.08
R004090,O000468,2026-08-12,Late Delivery,2145.72
R004091,O014640,2026-05-25,Quality Issue,152.67
R004092,O017448,2025-09-10,Damaged,5181.94
R004093,O028268,2026-11-26,Wrong Item,4660.55
R004094,O002241,2025-03-20,Late Delivery,15938.87
R004095,O046411,2025-01-20,Quality Issue,8165.53
R004096,O011007,2026-07-12,Changed Mind,21511.7
R004097,O016645,2025-04-22,Late Delivery,13492.59
R004098,O008232,2025-05-21,Wrong Item,4163.96
R004099,O018311,2026-05-04,Changed Mind,18264.15
R004100,O013522,2026-05-10,Damaged,18918.81
R004101,O040854,2025-11-01,Damaged,17502.69
R004102,O027054,2026-10-26,Changed Mind,2321.79
R004103,O033339,2025-07-06,Damaged,17854.07
R004104,O042378,2026-10-29,Damaged,19457.39
R004105,O015405,2026-09-23,Changed Mind,18695.65
R004106,O031531,2026-12-24,Changed Mind,24305.49
R004107,O019836,2026-12-21,Damaged,17758.44
R004108,O029132,2025-04-13,Changed Mind,578.01
R004109,O029055,2025-07-02,Late Delivery,4232.48
R004110,O028129,2025-12-21,Late Delivery,8876.77
R004111,O011524,2025-01-14,Late Delivery,22870.78
R004112,O001422,2025-08-14,Late Delivery,12084.48
R004113,O029333,2026-11-24,Late Delivery,5019.2
R004114,O023609,2026-01-04,Wrong Item,12663.95
R004115,O032030,2026-05-06,Quality Issue,9496.4
R004116,O009597,2026-08-24,Quality Issue,21490.66
R004117,O044409,2026-08-06,Damaged,8957.75
R004118,O041817,2026-06-07,Quality Issue,5727.85
R004119,O033097,2025-01-20,Quality Issue,3243.12
R004120,O044679,2026-12-20,Wrong Item,9587.31
R004121,O005174,2025-07-08,Late Delivery,11833.95
R004122,O012056,2026-10-29,Damaged,21603.53
R004123,O029528,2025-03-21,Late Delivery,3538.91
R004124,O012492,2025-12-18,Wrong Item,14734.37
R004125,O046030,2026-01-22,Wrong Item,5199.26
R004126,O031876,2026-02-27,Changed Mind,20490.77
R004127,O006936,2026-02-18,Late Delivery,12765.9
R004128,O038859,2025-11-13,Damaged,13014.13
R004129,O033257,2025-01-18,Wrong Item,23195.85
R004130,O017080,2026-08-17,Changed Mind,8934.25
R004131,O045269,2026-11-02,Quality Issue,18599.2
R004132,O033164,2026-10-04,Changed Mind,9119.97
R004133,O013577,2025-01-06,Changed Mind,13614.62
R004134,O027171,2025-07-10,Late Delivery,4839.79
R004135,O042914,2025-05-17,Wrong Item,8995.89
R004136,O031116,2026-01-20,Wrong Item,4607.3
R004137,O015015,2025-12-15,Wrong Item,14868.46
R004138,O034400,2025-11-01,Quality Issue,23286.13
R004139,O037546,2026-07-18,Changed Mind,1856.72
R004140,O041931,2026-09-27,Quality Issue,9628.98
R004141,O049680,2026-11-27,Changed Mind,19817.79
R004142,O003940,2025-06-10,Wrong Item,16253.71
R004143,O018262,2026-06-21,Changed Mind,4341.37
R004144,O019362,2026-08-05,Damaged,19118.67
R004145,O044451,2025-11-13,Changed Mind,7650.03
R004146,O020062,2026-10-03,Wrong Item,9393.83
R004147,O013654,2025-02-17,Wrong Item,16344.38
R004148,O045647,2025-10-20,Late Delivery,16281.62
R004149,O005988,2026-04-05,Late Delivery,7870.22
R004150,O019682,2026-03-06,Wrong Item,1892.45
R004151,O013227,2026-12-07,Late Delivery,12711.66
R004152,O038747,2026-07-25,Wrong Item,2020.86
R004153,O031697,2026-01-31,Damaged,22960.69
R004154,O029892,2025-11-15,Wrong Item,11501.28
R004155,O049830,2026-03-08,Damaged,14106.9
R004156,O032340,2026-01-09,Damaged,16652.06
R004157,O040624,2026-04-12,Quality Issue,20352.33
R004158,O027211,2026-09-14,Quality Issue,8363.11
R004159,O023705,2025-04-08,Late Delivery,23088.71
R004160,O024390,2026-02-22,Quality Issue,3901.61
R004161,O032060,2026-06-28,Changed Mind,19356.72
R004162,O014383,2026-03-09,Wrong Item,24901.19
R004163,O014596,2025-02-10,Changed Mind,15651.11
R004164,O009602,2025-08-08,Quality Issue,8177.7
R004165,O006001,2025-05-08,,2872.44
R004166,O035853,2025-03-09,Changed Mind,20537.24
R004167,O037548,2025-09-06,Damaged,7597.21
R004168,O005646,2025-05-16,Damaged,679.75
R004169,O029883,2026-04-22,Wrong Item,13553.39
R004170,O021526,2025-02-26,Wrong Item,5302.44
R004171,O041737,2026-09-19,Late Delivery,22029.14
R004172,O018355,2025-08-01,Changed Mind,5318.23
R004173,O024688,2026-08-14,Wrong Item,10006.97
R004174,O033632,2025-09-04,Late Delivery,21450.45
R004175,O012597,2025-06-19,Damaged,11749.97
R004176,O002870,2025-09-03,Changed Mind,4364.1
R004177,O005527,2026-12-18,Damaged,23149.45
R004178,O023220,2025-05-17,Changed Mind,15880.47
R004179,O037449,2026-04-10,Damaged,1429.6
R004180,O039280,2026-02-14,Late Delivery,3720.37
R004181,O028840,2025-07-21,Changed Mind,22867.86
R004182,O046447,2026-05-18,Changed Mind,13626.41
R004183,O003448,2025-09-25,Damaged,19101.45
R004184,O000327,2025-03-26,Wrong Item,8790.05
R004185,O003595,2026-09-04,Quality Issue,17394.05
R004186,O015177,2026-12-21,Damaged,11858.89
R004187,O031995,2026-02-28,Quality Issue,2123.87
R004188,O046358,2026-05-24,Wrong Item,3035.92
R004189,O049468,2026-01-04,Late Delivery,15006.37
R004190,O046455,2025-08-15,Damaged,3937.08
R004191,O048354,invalid-date,Late Delivery,12988.61
R004192,O002999,2025-01-12,Wrong Item,3965.03
R004193,O031014,2026-11-24,Quality Issue,948.35
R004194,O010753,2025-10-21,Quality Issue,17441.6
R004195,O018282,2025-11-14,Quality Issue,20298.82
R004196,O041950,2026-06-10,Wrong Item,16553.03
R004197,O016314,2026-10-04,Wrong Item,118.01
R004198,O9999994197,2026-05-08,Damaged,7839.73
R004199,O044696,2026-02-25,Damaged,3231.96
R004200,O030430,2025-01-31,Wrong Item,12257.83
R004201,O027438,2026-09-21,Late Delivery,21422.97
R004202,O026375,2026-07-30,Damaged,20777.04
R004203,O043537,2026-06-16,Changed Mind,13823.94
R004204,O042299,2026-06-30,Late Delivery,11927.65
R004205,O025961,2026-04-04,Wrong Item,4205.8
R004206,O033585,2026-07-06,Damaged,19856.52
R004207,O005990,2025-08-22,Late Delivery,10995.72
R004208,O007628,2026-12-11,Changed Mind,11423.89
R004209,O020827,2025-10-14,Changed Mind,7588.85
R004210,O039715,2025-08-04,Wrong Item,10383.98
R004211,O045200,2025-03-14,Late Delivery,24047.26
R004212,O048399,2025-06-26,Late Delivery,14566.33
R004213,O035425,2026-07-15,Wrong Item,17940.82
R004214,O034824,2026-08-02,Late Delivery,14280.82
R004215,O030860,2025-05-02,Damaged,1769.28
R004216,O007409,2025-06-21,Damaged,14521.97
R004217,O020607,2026-06-25,Changed Mind,2188.64
R004218,O005702,2026-03-26,Changed Mind,22038.43
R004219,O018108,2025-09-01,Wrong Item,18915.0
R004220,O007805,2025-08-05,Quality Issue,5649.72
R004221,O035678,2026-05-24,Late Delivery,7348.41
R004222,O012449,2025-11-09,Wrong Item,17266.9
R004223,O020932,2026-02-03,Late Delivery,2190.69
R004224,O005737,2026-10-02,Changed Mind,21266.12
R004225,O047272,2026-02-17,Damaged,12631.85
R004226,O027765,2025-06-28,Wrong Item,1920.39
R004227,O007882,2026-12-18,Changed Mind,20437.83
R004228,O031879,2025-05-23,Quality Issue,10279.04
R004229,O019987,2025-06-05,Damaged,3454.62
R004230,O049470,2025-10-27,Damaged,11772.79
R004231,O019355,invalid-date,Late Delivery,24084.27
R004232,O002722,2026-08-26,Changed Mind,14232.22
R004233,O044719,2025-04-21,Damaged,-500.0
R004234,O017486,2026-09-07,Damaged,5644.71
R004235,O011151,2025-06-30,Changed Mind,22647.58
R004236,O025103,2026-06-04,Quality Issue,20379.28
R004237,O043692,2025-09-06,Wrong Item,1509.81
R004238,O040780,2026-11-02,Damaged,21444.15
R004239,O014771,2026-03-08,Damaged,14706.58
R004240,O015328,2025-02-04,Late Delivery,10066.43
R004241,O034916,2026-03-29,Late Delivery,23329.91
R004242,O046355,2026-10-29,Changed Mind,10617.0
R004243,O010113,2025-04-17,Changed Mind,7515.49
R004244,O025886,2025-07-16,Quality Issue,20056.89
R004245,O008447,2025-10-01,Late Delivery,18543.9
R004246,O017451,2025-09-12,Changed Mind,5455.16
R004247,O003291,2025-08-21,Damaged,453.94
R004248,O016153,2025-07-28,Late Delivery,17281.78
R004249,O046536,2026-09-16,Wrong Item,848.19
R004250,O013538,2026-03-23,Changed Mind,17970.21
R004251,O047998,2025-08-13,Changed Mind,3813.45
R004252,O003056,2025-05-23,Damaged,16751.63
R004253,O049155,2025-03-17,Quality Issue,18357.31
R004254,O013503,2025-09-06,Quality Issue,11678.85
R004255,O015001,2026-07-29,Wrong Item,10646.73
R004256,O040468,2026-01-16,Damaged,17238.97
R004257,O009798,2025-04-26,Damaged,1540.71
R004258,O045096,2025-05-15,Late Delivery,17100.0
R004259,O033713,2026-07-27,Changed Mind,5582.91
R004260,O049494,2025-03-25,Wrong Item,21352.01
R004261,O041251,2026-04-06,Damaged,6255.53
R004262,O025400,2025-03-03,Wrong Item,12404.31
R004263,O014450,2025-07-28,Quality Issue,4004.22
R004264,O046498,2025-01-14,Changed Mind,16072.4
R004265,O016558,2026-09-09,Damaged,22486.3
R004266,O014604,2025-07-09,Damaged,24316.94
R004267,O048957,2026-10-18,Quality Issue,13936.88
R004268,O018061,2026-04-01,Wrong Item,14885.88
R004269,O029713,2026-10-27,Damaged,11726.05
R004270,O047188,2026-09-14,Damaged,7262.55
R004271,O012351,2025-10-25,Damaged,8382.6
R004272,O017104,2025-11-27,Damaged,14904.43
R004273,O001778,2026-11-26,Quality Issue,730.48
R004274,O010141,2025-04-22,Changed Mind,6796.9
R004275,O044679,2026-05-09,Changed Mind,7977.34
R004276,O011349,2025-09-20,Quality Issue,21631.94
R004277,O001540,2026-10-20,Changed Mind,11793.05
R004278,O045010,2025-08-15,Quality Issue,17384.86
R004279,O035538,2025-06-12,Quality Issue,11455.82
R004280,O026559,2026-10-10,Quality Issue,16148.16
R004281,O047446,2025-04-20,Wrong Item,24760.41
R004282,O044290,2027-01-04,Changed Mind,9943.38
R004283,O034578,2025-12-12,Quality Issue,16054.36
R004284,O026086,2025-06-16,Late Delivery,21414.19
R004285,O012422,2025-07-02,Late Delivery,20058.74
R004286,O011578,2025-11-11,Changed Mind,5795.64
R004287,O016649,2026-06-19,Late Delivery,24474.93
R004288,O020565,2025-11-02,Changed Mind,22552.8
R004289,O048328,2025-08-20,Quality Issue,24865.7
R004290,O019347,2025-12-19,Late Delivery,-500.0
R004291,O041990,2025-09-20,Quality Issue,320.92
R004292,O008897,2025-08-30,Wrong Item,12352.28
R004293,O043842,2025-10-09,Changed Mind,24887.29
R004294,O020181,2026-07-31,Wrong Item,13923.78
R004295,O030394,2025-08-20,Wrong Item,10577.05
R004296,O035678,2026-08-11,Late Delivery,17299.88
R004297,O039665,2026-07-09,Changed Mind,14175.35
R004298,O035137,2026-02-01,Damaged,3786.15
R004299,O005094,2025-10-19,Wrong Item,23368.26
R004300,O026974,2025-12-21,Damaged,20308.67
R004301,O044141,2025-12-05,Changed Mind,6800.81
R004302,O024768,2026-10-20,Changed Mind,24033.74
R004303,O035384,2025-12-12,Changed Mind,6195.76
R004304,O008152,2026-11-28,Wrong Item,9029.14
R004305,O025744,2025-12-28,Wrong Item,2074.76
R004306,O002033,2025-04-01,Wrong Item,9559.8
R004307,O031495,2026-06-07,Damaged,7182.27
R004308,O012792,invalid-date,Wrong Item,4099.38
R004309,O043768,2025-04-07,Damaged,1707.03
R004310,O027611,2026-03-29,Quality Issue,21875.34
R004311,O037091,2025-01-13,Changed Mind,15324.01
R004312,O014652,2025-01-10,Damaged,13352.58
R004313,O021917,2025-01-20,Quality Issue,20402.46
R004314,O016299,2026-02-09,Quality Issue,4738.57
R004315,O043814,2026-01-07,Quality Issue,7456.22
R004316,O029673,2025-01-13,Late Delivery,17364.78
R004317,O038586,2026-07-18,Wrong Item,12336.0
R004318,O045049,2025-09-02,Quality Issue,22538.73
R004319,O026337,2025-03-07,Late Delivery,18800.01
R004320,O022926,2026-08-09,Changed Mind,22590.4
R004321,O023550,2025-04-23,Wrong Item,14713.55
R004322,O046840,2025-01-08,Damaged,18367.91
R004323,O024910,2025-06-12,Late Delivery,12774.36
R004324,O016716,2025-09-08,Changed Mind,719.14
R004325,O005263,2026-11-07,Late Delivery,17743.82
R004326,O9999994325,2026-01-28,Damaged,9226.15
R004327,O017705,2026-06-01,Damaged,7162.31
R004328,O040099,2026-05-31,Wrong Item,24495.13
R004329,O015081,2026-11-23,Quality Issue,24447.32
R004330,O018122,2026-03-20,Wrong Item,17657.75
R004331,O035147,2025-07-11,Damaged,22543.77
R004332,O012330,2025-01-21,Damaged,3832.92
R004333,O017113,2026-06-24,Late Delivery,22455.48
R004334,O021609,2025-07-13,Wrong Item,23419.29
R004335,O034856,2025-09-18,Damaged,15721.63
R004336,O027664,2026-09-26,Quality Issue,22412.98
R004337,O038732,2025-11-15,Late Delivery,3677.84
R004338,O007694,2025-01-18,Changed Mind,17649.8
R004339,O042300,2026-08-20,Quality Issue,7670.78
R004340,O015430,2025-04-02,Wrong Item,948.3
R004341,O048854,2026-05-20,Damaged,9182.76
R004342,O015169,2026-12-19,Changed Mind,20881.38
R004343,O027672,2026-11-18,Changed Mind,18844.74
R004344,O034979,2025-02-22,Wrong Item,12809.69
R004345,O049107,2025-09-02,Damaged,9742.64
R004346,O049865,2026-10-20,Late Delivery,11645.27
R004347,O007636,2025-05-13,Quality Issue,13039.86
R004348,O026791,2026-07-08,Damaged,3753.83
R004349,O009922,2025-04-13,Damaged,21621.3
R004350,O038387,2025-03-03,Late Delivery,600.61
R004351,O008292,2025-06-18,Changed Mind,12058.4
R004352,O040971,2025-04-01,Quality Issue,11624.79
R004353,O026608,2026-01-28,Late Delivery,15056.16
R004354,O009801,2025-06-26,Quality Issue,9618.52
R004355,O025222,2026-12-23,Changed Mind,620.12
R004356,O018119,2026-04-21,Late Delivery,16519.79
R004357,O018513,2025-09-17,Late Delivery,1874.88
R004358,O040966,2026-11-08,Quality Issue,22296.54
R004359,O017256,2026-08-12,Damaged,6848.37
R004360,O046978,2025-01-14,Quality Issue,22622.47
R004361,O020810,2026-01-29,Quality Issue,16850.06
R004362,O019576,2026-08-17,Damaged,11460.32
R004363,O007081,2026-12-06,Damaged,16878.97
R004364,O013786,2025-02-18,Wrong Item,15545.1
R004365,O014253,2026-12-14,Changed Mind,18549.44
R004366,O002004,2025-02-23,Late Delivery,12026.37
R004367,O015722,2025-11-30,Damaged,12973.8
R004368,O002603,2025-01-24,Wrong Item,14865.36
R004369,O019256,2026-03-31,Quality Issue,14991.66
R004370,O021743,2026-05-23,,12580.17
R004371,O047233,2026-12-12,Wrong Item,7595.76
R004372,O021859,2025-05-31,Wrong Item,2433.98
R004373,O034231,2025-04-10,Quality Issue,6489.56
R004374,O035204,2026-06-11,Quality Issue,5202.19
R004375,O003228,2025-02-27,Wrong Item,23777.9
R004376,O004960,2025-09-08,Quality Issue,22986.0
R004377,O004193,2025-03-08,Wrong Item,286.31
R004378,O005568,2026-03-27,Late Delivery,9870.98
R004379,O000769,2025-04-09,Changed Mind,14208.15
R004380,O031626,2025-11-22,Late Delivery,13663.34
R004381,O047173,2026-09-19,Damaged,22320.06
R004382,O9999994381,2026-08-19,Quality Issue,11369.08
R004383,O041953,2025-05-05,Changed Mind,17683.17
R004384,O010159,2026-08-31,Changed Mind,3263.57
R004385,O002781,2026-12-22,Late Delivery,14160.76
R004386,O006571,2025-06-24,Damaged,14204.19
R004387,O019732,2026-01-01,Wrong Item,15814.76
R004388,O015219,2026-06-03,Late Delivery,5403.09
R004389,O048033,2025-01-17,Changed Mind,13667.94
R004390,O034694,2026-03-04,Changed Mind,3050.27
R004391,O046208,2025-10-26,Wrong Item,5873.58
R004392,O009885,2025-11-25,Damaged,2212.3
R004393,O032548,2025-12-24,Quality Issue,6163.96
R004394,O048405,2026-05-29,Late Delivery,8506.29
R004395,O011051,2026-07-05,Quality Issue,9975.12
R004396,O025133,2025-08-06,Quality Issue,3582.87
R004397,O024831,2025-12-11,Damaged,7251.95
R004398,O005401,2026-01-17,Changed Mind,13039.26
R004399,O013105,2025-10-08,Quality Issue,21750.81
R004400,O013562,2025-05-27,Damaged,2807.5
R004401,O043112,2025-10-25,Changed Mind,23286.79
R004402,O015831,2026-01-05,Late Delivery,23215.28
R004403,O047512,2026-09-28,Late Delivery,15475.33
R004404,O015363,2025-11-21,Changed Mind,2210.04
R004405,O037387,2025-12-01,Changed Mind,3212.02
R004406,O023389,2026-08-10,Wrong Item,9266.79
R004407,O046786,2026-11-17,Wrong Item,10851.62
R004408,O031587,2025-01-06,Wrong Item,11836.09
R004409,O013708,2026-01-28,Late Delivery,23666.22
R004410,O002171,2026-01-31,Quality Issue,20360.74
R004411,O032615,2025-10-28,Late Delivery,10198.93
R004412,O008940,2025-01-19,Late Delivery,14573.59
R004413,O043776,2025-01-22,Damaged,1091.24
R004414,O015783,2025-11-28,Wrong Item,4640.55
R004415,O008770,2026-07-18,Late Delivery,6874.41
R004416,O012077,2025-01-24,Wrong Item,2109.3
R004417,O044106,2026-06-10,Late Delivery,2772.98
R004418,O015649,2026-02-04,Damaged,8533.31
R004419,O034276,2026-02-25,Damaged,16473.71
R004420,O022805,2025-01-19,Wrong Item,1163.75
R004421,O030474,2026-03-23,Late Delivery,314.02
R004422,O029514,2025-08-21,Wrong Item,17918.13
R004423,O013087,2026-01-21,Late Delivery,13092.25
R004424,O034356,2026-05-02,Late Delivery,22267.79
R004425,O039709,2025-10-06,Damaged,1199.61
R004426,O030078,2025-12-31,Damaged,11044.23
R004427,O038338,2026-06-27,Damaged,11447.33
R004428,O044642,2025-07-08,Late Delivery,5138.96
R004429,O001885,2025-03-19,Damaged,18712.55
R004430,O028392,2026-09-23,Late Delivery,11638.16
R004431,O001627,2026-10-13,Damaged,7429.71
R004432,O038450,2025-11-30,Damaged,11226.14
R004433,O002359,2025-03-08,Quality Issue,14897.08
R004434,O028462,2026-02-13,Late Delivery,8354.7
R004435,O043632,2025-11-11,Changed Mind,2497.1
R004436,O028297,2026-06-29,Quality Issue,6440.33
R004437,O031704,2026-12-30,Changed Mind,6917.43
R004438,O020083,2026-08-29,Damaged,16181.35
R004439,O000601,2025-04-27,Changed Mind,7937.08
R004440,O023615,2026-01-11,Wrong Item,1972.91
R004441,O029186,2025-07-03,Changed Mind,16936.64
R004442,O011403,2026-11-19,Late Delivery,14153.99
R004443,O003582,2025-09-14,Damaged,15336.77
R004444,O019400,2026-04-18,Wrong Item,12298.13
R004445,O006619,2026-04-06,Changed Mind,4296.96
R004446,O004146,2026-04-01,Quality Issue,13790.32
R004447,O021770,2025-12-18,Wrong Item,15286.75
R004448,O020249,2026-06-08,Late Delivery,14225.22
R004449,O044062,2025-12-02,Late Delivery,16430.92
R004450,O010592,2026-10-14,Quality Issue,13329.05
R004451,O035057,2026-10-16,Damaged,5226.37
R004452,O036774,2026-12-13,Wrong Item,17118.42
R004453,O010021,2026-04-05,Changed Mind,8063.97
R004454,O038659,2026-06-03,Late Delivery,7834.52
R004455,O024373,2025-10-13,Quality Issue,342.02
R004456,O028058,2026-03-24,Late Delivery,19581.79
R004457,O043591,2026-04-26,Changed Mind,3220.44
R004458,O017185,2025-10-21,Changed Mind,15121.49
R004459,O027186,2025-01-15,Quality Issue,8461.82
R004460,O011197,2025-06-15,Changed Mind,6834.17
R004461,O041771,2025-08-31,Late Delivery,4571.16
R004462,O037719,2026-04-17,Changed Mind,7012.42
R004463,O012935,2025-12-21,Wrong Item,7834.83
R004464,O002036,2025-03-20,Damaged,21854.63
R004465,O018866,2026-06-24,Late Delivery,6360.57
R004466,O024201,2025-05-04,Changed Mind,19048.39
R004467,O042981,2025-05-12,Wrong Item,21364.25
R004468,O049689,2025-02-07,Late Delivery,14254.97
R004469,O041698,2025-03-22,Changed Mind,2394.32
R004470,O036661,2025-09-27,Changed Mind,11518.84
R004471,O003238,2025-04-05,Damaged,8540.98
R004472,O006689,2026-11-21,Wrong Item,4266.53
R004473,O037611,2026-04-15,Wrong Item,984.96
R004474,O046525,2025-04-15,Quality Issue,24959.3
R004475,O005087,2025-01-18,Quality Issue,4605.57
R004476,O007544,2025-07-31,Quality Issue,16786.87
R004477,O039691,2026-04-13,Wrong Item,15018.2
R004478,O043470,2025-03-26,Wrong Item,13052.53
R004479,O030175,2026-11-09,Damaged,11619.79
R004480,O049702,2025-06-06,Damaged,18240.53
R004481,O013859,2026-11-08,Wrong Item,246.09
R004482,O022354,2025-07-06,Wrong Item,24305.51
R004483,O000579,2025-05-12,Changed Mind,4286.47
R004484,O036675,2026-11-04,Damaged,17159.75
R004485,O038062,2025-11-12,Changed Mind,3905.77
R004486,O011782,2025-04-10,Quality Issue,10328.22
R004487,O040680,2026-07-04,Late Delivery,19210.66
R004488,O029906,2025-06-30,Wrong Item,19354.49
R004489,O038662,2025-10-10,Damaged,3224.74
R004490,O012571,2025-07-07,Late Delivery,3704.1
R004491,O042639,2025-03-05,Damaged,11139.64
R004492,O038003,2026-02-11,Late Delivery,23456.54
R004493,O005699,2025-01-18,Quality Issue,20999.81
R004494,O041943,2025-11-22,Quality Issue,12131.53
R004495,O041409,2025-10-24,Changed Mind,1671.73
R004496,O028303,2026-12-15,Changed Mind,23362.25
R004497,O030025,2025-09-24,Changed Mind,20369.06
R004498,O049562,2025-06-02,Damaged,12542.2
R004499,O005047,2026-06-05,Quality Issue,20020.25
R004500,O026489,2026-05-01,Wrong Item,12200.38
R004501,O022610,2025-06-20,Damaged,493.1
R004502,O044763,2026-12-07,Quality Issue,24621.75
R004503,O045061,2025-11-11,Quality Issue,23270.19
R004504,O038695,2025-07-29,Wrong Item,1000.96
R004505,O027133,2025-10-12,Late Delivery,3954.31
R004506,O039415,2026-02-26,Changed Mind,7277.56
R004507,O041241,2026-03-08,Changed Mind,1672.67
R004508,O032176,2025-11-23,Changed Mind,7934.03
R004509,O041841,2025-02-13,Wrong Item,10664.82
R004510,O049877,2026-11-02,Quality Issue,7421.55
R004511,O023509,2026-05-28,Damaged,6599.43
R004512,O031426,2025-09-23,Quality Issue,2882.1
R004513,O038648,2026-08-26,Changed Mind,18393.66
R004514,O021986,2025-02-17,Damaged,21295.44
R004515,O008688,2026-01-02,Quality Issue,9773.98
R004516,O036373,2025-11-01,Wrong Item,20355.14
R004517,O005550,2025-10-17,Changed Mind,14371.32
R004518,O016873,2026-10-03,Wrong Item,24479.63
R004519,O033507,2026-07-28,Wrong Item,7049.84
R004520,O028139,2025-03-19,Damaged,2304.13
R004521,O006096,2025-06-23,Quality Issue,8226.08
R004522,O027699,2027-01-01,Damaged,10853.88
R004523,O035312,2026-06-08,Late Delivery,16202.53
R004524,O020994,2026-09-21,Wrong Item,965.86
R004525,O000377,2026-11-07,Damaged,9145.14
R004526,O039808,2026-09-09,Damaged,22032.52
R004527,O017979,2025-09-29,Damaged,4205.1
R004528,O032701,2025-05-30,Wrong Item,9189.93
R004529,O044438,2025-08-08,Changed Mind,11853.43
R004530,O025124,2025-12-05,Damaged,7768.83
R004531,O047758,2026-05-19,Late Delivery,24396.29
R004532,O039164,2026-12-15,Quality Issue,18492.41
R004533,O027819,2026-08-07,Damaged,2720.22
R004534,O046995,2025-04-04,Late Delivery,20888.37
R004535,O016617,2026-06-04,Wrong Item,5071.53
R004536,O027200,2026-09-25,Wrong Item,16132.91
R004537,O046114,2025-03-09,Wrong Item,19652.59
R004538,O015066,2026-10-31,Wrong Item,20629.89
R004539,O044612,2025-10-30,Late Delivery,23764.32
R004540,O000301,2025-07-21,Changed Mind,8939.86
R004541,O026710,2026-09-24,Changed Mind,5100.4
R004542,O023920,2025-01-09,Wrong Item,3444.62
R004543,O005181,2025-10-07,Quality Issue,15963.53
R004544,O034549,2025-09-25,Wrong Item,12143.55
R004545,O003507,2025-08-07,Quality Issue,1786.92
R004546,O000746,2025-02-10,Wrong Item,18913.61
R004547,O023174,2026-02-28,Wrong Item,16301.08
R004548,O013103,2026-10-19,Late Delivery,11861.57
R004549,O047575,2025-06-17,Quality Issue,24223.22
R004550,O005460,2025-10-13,Wrong Item,2448.83
R004551,O016295,2025-07-02,Changed Mind,12122.39
R004552,O040173,2025-11-29,Quality Issue,17362.77
R004553,O020560,2026-09-22,Changed Mind,14146.51
R004554,O037554,2026-01-13,Damaged,11427.66
R004555,O049724,2026-05-04,Wrong Item,18034.87
R004556,O048481,2025-03-09,Late Delivery,1725.61
R004557,O031059,2025-05-19,Damaged,10901.52
R004558,O009633,2025-05-19,Wrong Item,22873.52
R004559,O004917,2025-11-12,Changed Mind,11068.27
R004560,O049336,2026-11-29,Wrong Item,23733.08
R004561,O010961,2025-05-12,Quality Issue,646.43
R004562,O023806,2026-12-27,Quality Issue,14059.31
R004563,O040899,2026-08-04,Wrong Item,22789.03
R004564,O042759,2026-06-10,Late Delivery,18892.16
R004565,O046616,2025-05-01,Wrong Item,15697.48
R004566,O041464,2026-06-03,Quality Issue,7812.56
R004567,O000161,2026-09-29,Quality Issue,21916.4
R004568,O047028,2025-07-15,Wrong Item,12113.15
R004569,O007184,2026-08-08,Late Delivery,17631.51
R004570,O012408,2026-05-07,Late Delivery,20311.02
R004571,O027982,2026-05-23,Wrong Item,21811.38
R004572,O045329,2025-08-29,Damaged,8522.61
R004573,O012883,2026-08-16,Late Delivery,8970.47
R004574,O044800,2025-08-01,Quality Issue,2112.45
R004575,O048956,2026-06-14,Wrong Item,10323.54
R004576,O025369,2025-02-22,Quality Issue,10204.54
R004577,O016689,2026-05-06,Wrong Item,12658.59
R004578,O005304,2026-11-20,Late Delivery,9089.47
R004579,O034846,2026-12-07,Wrong Item,18984.82
R004580,O031262,2026-05-17,Late Delivery,9632.04
R004581,O037519,2026-07-02,Damaged,15131.01
R004582,O006150,2026-08-18,Wrong Item,19883.41
R004583,O012468,2025-03-31,Late Delivery,4140.31
R004584,O003859,2025-12-22,,16379.74
R004585,O025573,2026-07-14,Quality Issue,15900.95
R004586,O003017,2025-10-11,Quality Issue,14887.87
R004587,O049963,2025-02-28,Damaged,18873.56
R004588,O015101,2025-08-30,Changed Mind,22633.05
R004589,O014111,2025-10-16,Changed Mind,7734.02
R004590,O011671,2025-06-11,Changed Mind,6447.22
R004591,O005702,2026-01-09,Quality Issue,1228.95
R004592,O020687,2025-10-14,Late Delivery,345.57
R004593,O046208,2026-04-30,Damaged,14483.84
R004594,O008923,2026-06-09,Late Delivery,6879.64
R004595,O018971,2026-10-06,Quality Issue,19345.11
R004596,O010296,2025-11-06,Late Delivery,6416.91
R004597,O010148,2026-12-20,Changed Mind,11280.77
R004598,O014757,2026-04-25,Damaged,1148.84
R004599,O014310,2026-01-04,Wrong Item,7145.98
R004600,O043768,2026-07-02,Quality Issue,9431.02
R004601,O013520,2025-10-20,Quality Issue,3408.52
R004602,O030526,2025-10-13,Wrong Item,17042.18
R004603,O000850,2026-12-29,Changed Mind,4803.69
R004604,O013745,2025-05-01,Damaged,12919.6
R004605,O005724,2026-01-31,Quality Issue,24743.57
R004606,O013851,2026-10-03,Changed Mind,7004.9
R004607,O002211,2025-04-22,Late Delivery,3712.88
R004608,O016940,2026-07-22,Wrong Item,21095.51
R004609,O015096,2026-09-04,Damaged,15119.03
R004610,O046449,2026-02-16,Wrong Item,4810.41
R004611,O013888,2025-12-12,Quality Issue,9683.58
R004612,O028681,2026-03-12,Changed Mind,11493.99
R004613,O049130,2025-09-23,Quality Issue,21687.34
R004614,O018648,2025-03-30,Damaged,18863.0
R004615,O044739,2025-10-16,Quality Issue,5312.61
R004616,O021722,2025-12-01,Quality Issue,740.63
R004617,O040632,2026-10-23,Damaged,4788.86
R004618,O008700,2026-01-16,Changed Mind,12779.35
R004619,O029645,2025-10-02,Damaged,6880.81
R004620,O032933,2025-11-04,Damaged,5869.03
R004621,O027597,2025-03-31,,16955.31
R004622,O042243,2026-09-08,Changed Mind,24060.23
R004623,O028780,2026-09-23,Damaged,2329.42
R004624,O033303,2025-01-11,Late Delivery,8111.43
R004625,O029953,2026-12-27,Changed Mind,7370.22
R004626,O046808,2026-05-31,Wrong Item,4820.21
R004627,O040621,2026-10-04,Changed Mind,15555.77
R004628,O011035,2026-09-07,Wrong Item,8257.06
R004629,O000828,2025-10-30,Damaged,18780.61
R004630,O041191,2026-01-29,Changed Mind,19376.44
R004631,O021989,2025-05-21,Wrong Item,10890.55
R004632,O003891,2025-05-23,Late Delivery,5425.49
R004633,O026045,2026-11-14,Quality Issue,4702.61
R004634,O031028,2025-11-11,Wrong Item,12083.25
R004635,O034197,2025-12-31,Changed Mind,12599.36
R004636,O012036,2026-11-23,Wrong Item,1443.35
R004637,O035259,2025-12-19,Quality Issue,18160.94
R004638,O004801,2025-02-25,Changed Mind,18016.92
R004639,O018258,2025-01-16,Wrong Item,10271.55
R004640,O028224,2025-11-06,Changed Mind,10986.34
R004641,O037195,2025-02-18,Late Delivery,20191.17
R004642,O009849,2025-10-24,Quality Issue,7271.59
R004643,O011844,2026-01-15,Wrong Item,15042.61
R004644,O035351,2026-08-31,Quality Issue,8566.04
R004645,O036288,2026-03-28,Quality Issue,7019.77
R004646,O014531,2026-09-25,Changed Mind,8262.43
R004647,O016517,2025-07-13,Late Delivery,7186.43
R004648,O039827,2026-01-01,Late Delivery,17838.46
R004649,O048546,2025-08-16,Changed Mind,1584.48
R004650,O025751,2026-08-14,Late Delivery,6330.17
R004651,O011660,2025-07-03,Late Delivery,12161.79
R004652,O013776,2025-06-20,Quality Issue,9067.83
R004653,O001861,2025-10-05,Wrong Item,23416.24
R004654,O047843,2026-05-13,Late Delivery,14137.68
R004655,O048717,2025-03-22,Late Delivery,19197.88
R004656,O005773,2026-11-04,Late Delivery,15846.25
R004657,O042690,2026-01-22,Changed Mind,12527.32
R004658,O018798,2026-01-31,Quality Issue,11353.75
R004659,O033193,2026-05-17,Damaged,4368.29
R004660,O025653,2025-06-12,Damaged,10250.58
R004661,O001182,2026-04-22,Changed Mind,7992.39
R004662,O009236,2025-09-29,Late Delivery,18552.82
R004663,O045480,2026-02-27,Late Delivery,6719.22
R004664,O046777,2026-09-19,Late Delivery,11154.13
R004665,O033043,2026-06-01,Wrong Item,16916.31
R004666,O046318,2025-10-06,Changed Mind,1195.37
R004667,O014712,2026-04-27,Damaged,24929.74
R004668,O044107,2025-08-13,Damaged,2801.05
R004669,O011202,2025-07-03,Damaged,7472.44
R004670,O007916,2025-12-30,Wrong Item,15730.88
R004671,O026730,2026-07-23,Late Delivery,19623.72
R004672,O049212,2026-07-03,Quality Issue,7509.04
R004673,O019629,2026-02-15,Wrong Item,15593.36
R004674,O005126,2025-02-11,Wrong Item,17466.06
R004675,O047568,2026-04-16,Damaged,16319.01
R004676,O021903,2025-10-06,Quality Issue,15409.38
R004677,O002115,2026-04-14,Quality Issue,6780.8
R004678,O040840,2025-03-23,Quality Issue,17534.58
R004679,O048934,2026-01-23,Wrong Item,13796.0
R004680,O045944,2025-08-09,Quality Issue,11223.4
R004681,O034398,2025-01-12,Changed Mind,1107.79
R004682,O039241,2025-12-09,Late Delivery,9286.12
R004683,O015913,2026-06-01,Damaged,1341.36
R004684,O035533,2026-01-13,Wrong Item,11696.77
R004685,O034948,2026-02-23,Wrong Item,24979.02
R004686,O005477,2026-02-19,Damaged,10773.31
R004687,O021948,2026-03-19,Damaged,19517.41
R004688,O044946,2025-09-13,Damaged,9088.01
R004689,O000424,2026-07-02,Late Delivery,24082.21
R004690,O001326,2025-03-15,Wrong Item,10405.81
R004691,O043308,2027-01-01,Wrong Item,7997.32
R004692,O013364,2025-05-16,Quality Issue,6077.46
R004693,O046831,2026-11-25,Wrong Item,9307.3
R004694,O021362,2026-09-15,Late Delivery,21394.66
R004695,O045120,2025-03-01,Changed Mind,6214.97
R004696,O016307,2026-10-07,Wrong Item,7738.92
R004697,O006723,2026-04-13,Quality Issue,6676.06
R004698,O034153,2026-01-04,Wrong Item,23969.28
R004699,O027993,2025-05-26,Quality Issue,7812.73
R004700,O019604,2025-10-01,Quality Issue,6004.15
R004701,O016338,invalid-date,Quality Issue,5287.31
R004702,O034130,2025-05-15,Wrong Item,3707.86
R004703,O034093,2026-04-07,Damaged,16142.83
R004704,O020243,2026-06-14,Wrong Item,14020.37
R004705,O004279,2026-01-28,Quality Issue,12008.38
R004706,O005346,2026-05-21,Late Delivery,18173.86
R004707,O049574,2025-08-28,Wrong Item,19623.95
R004708,O019615,2025-04-06,Late Delivery,5463.28
R004709,O031522,2026-02-13,Damaged,11630.46
R004710,O008874,2026-10-03,Quality Issue,11668.26
R004711,O007016,2026-03-18,Changed Mind,7117.72
R004712,O039231,2026-03-19,Changed Mind,15041.92
R004713,O040233,2025-07-20,Wrong Item,12147.9
R004714,O022653,2026-09-26,Damaged,14320.7
R004715,O019975,invalid-date,Changed Mind,10733.6
R004716,O010982,2025-01-07,Changed Mind,4723.79
R004717,O044318,2025-07-13,Quality Issue,8991.13
R004718,O012818,2025-12-18,Damaged,12653.46
R004719,O024937,2025-03-30,Damaged,18336.11
R004720,O034160,2025-02-22,Damaged,7317.43
R004721,O017672,2025-05-19,Wrong Item,14596.16
R004722,O041310,2025-10-02,Late Delivery,14180.26
R004723,O038802,2025-07-06,Changed Mind,21295.43
R004724,O021359,2026-10-15,Wrong Item,8461.79
R004725,O012561,2025-03-17,Changed Mind,17603.26
R004726,O048552,2025-11-23,Quality Issue,4551.86
R004727,O046659,2025-05-09,Quality Issue,15155.96
R004728,O000657,2026-11-24,Late Delivery,17210.9
R004729,O029152,2026-05-30,Wrong Item,24193.97
R004730,O038241,2025-06-08,Late Delivery,10162.69
R004731,O018200,2025-01-31,Wrong Item,8075.32
R004732,O036683,2025-10-10,Late Delivery,16346.71
R004733,O036005,2025-08-19,Changed Mind,15276.13
R004734,O048050,2026-09-15,Changed Mind,2498.2
R004735,O044096,2025-10-20,Wrong Item,9313.73
R004736,O001806,2026-10-16,Wrong Item,4671.19
R004737,O002617,2025-05-17,Quality Issue,5446.6
R004738,O028624,2025-05-15,Late Delivery,22392.14
R004739,O009909,2026-01-27,Quality Issue,17124.65
R004740,O027720,2025-12-16,Late Delivery,13589.82
R004741,O005105,2026-02-25,Quality Issue,16041.15
R004742,O005184,2026-01-13,Damaged,4213.54
R004743,O018757,2026-02-02,Damaged,14521.96
R004744,O047350,2025-08-03,Quality Issue,3940.53
R004745,O021529,2025-02-20,Wrong Item,10850.14
R004746,O040245,2025-01-24,Damaged,6562.63
R004747,O047449,2026-01-24,Wrong Item,3522.88
R004748,O037779,2026-04-01,Quality Issue,15940.08
R004749,O028237,2025-03-17,Changed Mind,8986.69
R004750,O023361,2026-05-04,Late Delivery,16270.78
R004751,O025928,2026-02-18,Changed Mind,22552.35
R004752,O049025,2025-07-02,Quality Issue,14622.06
R004753,O031189,2026-12-02,Wrong Item,7237.61
R004754,O023346,2025-02-13,Late Delivery,16114.54
R004755,O019125,2025-02-22,Late Delivery,5462.47
R004756,O038572,2025-05-14,Quality Issue,22560.32
R004757,O032806,2026-04-15,Changed Mind,21538.34
R004758,O042782,2025-03-25,Late Delivery,21083.78
R004759,O004356,2026-11-15,Wrong Item,7116.21
R004760,O042416,2026-08-31,Wrong Item,24852.49
R004761,O024916,2025-02-01,Late Delivery,15410.24
R004762,O008547,2026-01-18,Late Delivery,17927.18
R004763,O024519,2026-05-26,Wrong Item,14305.95
R004764,O033348,2025-01-09,Late Delivery,22704.68
R004765,O044057,2025-08-24,Quality Issue,18349.79
R004766,O009371,2026-11-26,Changed Mind,16329.79
R004767,O020362,2025-09-23,Late Delivery,21606.67
R004768,O029859,2025-08-10,Quality Issue,6254.78
R004769,O017265,2026-10-23,Damaged,14539.67
R004770,O047308,2025-03-24,Late Delivery,15556.27
R004771,O029374,2026-11-02,Changed Mind,22249.74
R004772,O019073,2026-02-23,Damaged,23762.54
R004773,O012834,2025-09-24,Quality Issue,19696.16
R004774,O036316,2025-12-03,Changed Mind,21870.3
R004775,O002589,2026-11-20,Changed Mind,13796.66
R004776,O010085,2026-01-16,Quality Issue,4660.48
R004777,O042770,2026-01-15,Changed Mind,6751.7
R004778,O044777,2026-11-27,Damaged,18737.23
R004779,O003883,2026-03-01,Changed Mind,13211.51
R004780,O034139,invalid-date,Quality Issue,16574.68
R004781,O024483,2026-03-24,Wrong Item,15284.83
R004782,O022113,2026-06-22,Wrong Item,10711.11
R004783,O021381,2026-11-17,Quality Issue,16099.52
R004784,O019078,2025-07-14,Damaged,12937.07
R004785,O001248,2025-09-08,Damaged,1875.48
R004786,O037576,2026-12-16,Wrong Item,6474.17
R004787,O019607,2025-08-27,Wrong Item,14955.5
R004788,O013813,2025-04-12,Wrong Item,973.07
R004789,O047817,2026-01-02,Damaged,17900.56
R004790,O012526,2025-12-04,Damaged,18829.96
R004791,O026825,2026-09-04,Damaged,22099.92
R004792,O045681,2027-01-05,Wrong Item,1205.98
R004793,O039494,2025-01-17,Damaged,2136.05
R004794,O040076,2025-07-30,Changed Mind,17223.9
R004795,O016942,2026-10-20,Damaged,7713.88
R004796,O006274,2025-03-28,Wrong Item,23538.63
R004797,O046753,2025-04-30,Damaged,14593.36
R004798,O001335,2025-04-17,Quality Issue,19315.02
R004799,O014057,2025-07-10,Quality Issue,5888.05
R004800,O045432,2026-03-29,Wrong Item,20832.13
R004801,O008510,2025-11-08,Late Delivery,22113.23
R004802,O017498,2026-04-26,Damaged,14108.02
R004803,O043401,2026-09-17,Late Delivery,2068.48
R004804,O034924,2025-05-30,Wrong Item,15483.24
R004805,O006362,2025-06-19,Late Delivery,8044.69
R004806,O015971,2026-09-09,Changed Mind,24797.58
R004807,O018715,2025-12-02,Quality Issue,20799.58
R004808,O028816,2025-07-21,Wrong Item,22101.23
R004809,O037658,2026-03-15,Changed Mind,19374.43
R004810,O002459,2025-04-11,Late Delivery,20231.13
R004811,O029078,2025-09-16,Quality Issue,7382.21
R004812,O010624,2025-03-22,Wrong Item,6739.2
R004813,O030856,2026-06-21,Wrong Item,8859.9
R004814,O041242,2026-05-14,Changed Mind,12551.81
R004815,O025691,2026-12-04,Quality Issue,2992.86
R004816,O010960,2025-06-05,Late Delivery,3783.94
R004817,O024804,2026-02-04,Wrong Item,18175.52
R004818,O029252,2025-10-14,Damaged,19528.89
R004819,O023136,2025-01-24,Damaged,5624.33
R004820,O002034,2026-04-22,Wrong Item,10172.14
R004821,O015596,2025-04-10,Damaged,5244.72
R004822,O046736,2026-03-10,Quality Issue,17624.7
R004823,O049441,2026-06-04,Damaged,14661.59
R004824,O020152,2026-12-12,Quality Issue,2145.96
R004825,O044016,2026-07-16,Changed Mind,23386.76
R004826,O029049,2026-06-22,Late Delivery,17378.21
R004827,O013116,2026-06-23,Changed Mind,13408.81
R004828,O047347,2026-07-26,Damaged,23555.03
R004829,O002731,2025-03-15,Damaged,19169.9
R004830,O018027,2026-02-18,Quality Issue,17932.04
R004831,O044391,2026-02-24,Late Delivery,15878.1
R004832,O027199,2027-01-02,Quality Issue,14934.01
R004833,O009372,2025-01-26,Damaged,18153.69
R004834,O039101,2026-01-30,Quality Issue,19422.92
R004835,O016959,2025-04-30,Quality Issue,24609.34
R004836,O017675,2026-08-07,Wrong Item,12950.95
R004837,O044690,2025-04-07,Changed Mind,1566.15
R004838,O043675,2026-12-08,Changed Mind,16189.89
R004839,O009909,2026-11-11,Late Delivery,17052.13
R004840,O004024,2026-03-24,Wrong Item,13685.83
R004841,O022590,2026-09-19,Changed Mind,6695.76
R004842,O034355,2025-01-29,Quality Issue,13021.47
R004843,O041707,2025-07-05,Damaged,14976.31
R004844,O010258,2026-10-05,Quality Issue,22178.45
R004845,O020371,2026-03-12,Late Delivery,14332.3
R004846,O048879,2026-03-29,Changed Mind,14677.55
R004847,O018355,2025-12-21,Quality Issue,11184.56
R004848,O002981,2025-11-11,Damaged,12916.47
R004849,O009558,2025-11-27,Changed Mind,1226.55
R004850,O021304,2026-03-25,Damaged,8058.0
R004851,O040982,2025-10-28,Changed Mind,3417.92
R004852,O018061,2026-07-07,Quality Issue,3162.56
R004853,O023035,2025-11-22,Changed Mind,9816.59
R004854,O020231,2025-08-19,Late Delivery,11325.12
R004855,O035682,2026-08-23,Wrong Item,7255.75
R004856,O037821,2025-11-03,Wrong Item,6174.07
R004857,O045930,2025-03-26,Quality Issue,24515.55
R004858,O006767,2025-03-15,Damaged,6307.91
R004859,O047950,2025-06-29,Changed Mind,15327.38
R004860,O004618,2025-11-16,Quality Issue,4412.05
R004861,O033165,2025-04-10,Quality Issue,20701.44
R004862,O027338,2025-10-23,Late Delivery,13622.24
R004863,O045792,2025-11-26,Wrong Item,17048.74
R004864,O023301,2025-09-18,Late Delivery,13435.64
R004865,O030588,2025-05-23,Damaged,2737.24
R004866,O030988,2025-10-22,Late Delivery,5867.35
R004867,O000307,2025-11-25,Late Delivery,8083.25
R004868,O014949,2026-04-08,Quality Issue,19770.15
R004869,O011391,2025-06-29,Damaged,13160.78
R004870,O007777,2025-11-01,Damaged,22927.66
R004871,O031475,2025-11-03,Changed Mind,13880.56
R004872,O005433,2025-04-03,Damaged,655.75
R004873,O045678,2026-10-20,Damaged,21945.92
R004874,O034142,2025-04-25,Quality Issue,9107.06
R004875,O023817,2026-06-20,Damaged,3404.78
R004876,O029689,2025-10-16,Late Delivery,17945.23
R004877,O013546,2025-08-04,Changed Mind,17300.65
R004878,O047086,2025-03-23,Changed Mind,16059.82
R004879,O000137,2025-05-09,Quality Issue,16679.17
R004880,O042760,2026-11-25,Wrong Item,23284.93
R004881,O022293,2026-08-02,Late Delivery,16141.54
R004882,O003626,2026-04-08,Quality Issue,18864.24
R004883,O038376,2025-02-18,Wrong Item,14224.85
R004884,O043468,2026-10-07,Quality Issue,9955.54
R004885,O031774,2026-05-21,Damaged,14530.14
R004886,O010275,2026-07-16,Late Delivery,16843.36
R004887,O003449,2026-02-08,Changed Mind,13402.44
R004888,O025550,2026-12-23,Quality Issue,16997.91
R004889,O019933,2025-07-17,Wrong Item,20245.56
R004890,O013829,2025-06-07,Changed Mind,23597.54
R004891,O015724,2026-12-19,Wrong Item,12757.47
R004892,O031271,2026-02-25,Quality Issue,218.86
R004893,O029905,2025-11-23,Wrong Item,10439.91
R004894,O034703,2025-06-01,Quality Issue,7820.84
R004895,O047276,2026-02-16,Late Delivery,15529.27
R004896,O043622,2026-02-10,Wrong Item,6616.93
R004897,O035993,2026-05-04,Wrong Item,7204.39
R004898,O031042,2026-07-30,Damaged,23084.76
R004899,O043323,2026-08-09,Changed Mind,19668.85
R004900,O032765,2025-09-05,Damaged,18025.29
R004901,O011816,2025-01-11,Wrong Item,16378.04
R004902,O041765,2026-07-12,Wrong Item,9353.18
R004903,O004928,2025-03-03,Late Delivery,16826.71
R004904,O036963,2026-01-21,Wrong Item,18611.61
R004905,O012155,2025-02-12,Damaged,18524.22
R004906,O016214,2025-03-05,Damaged,18642.03
R004907,O047636,2025-01-18,Damaged,17497.84
R004908,O011121,2026-10-09,Wrong Item,860.79
R004909,O009785,2026-10-01,Wrong Item,4902.65
R004910,O035186,2025-06-17,Quality Issue,7710.09
R004911,O049546,2025-03-23,Late Delivery,10438.74
R004912,O033472,2026-07-20,Changed Mind,126.81
R004913,O012007,2025-03-22,Changed Mind,9810.79
R004914,O046344,2026-10-23,Damaged,14435.48
R004915,O021055,2025-05-25,Late Delivery,9874.01
R004916,O011677,2026-09-08,Damaged,15333.66
R004917,O020125,2025-06-20,Changed Mind,209.9
R004918,O015293,2025-04-01,Damaged,2548.42
R004919,O040350,2026-04-26,Late Delivery,495.87
R004920,O026509,2026-05-09,Wrong Item,17777.97
R004921,O015727,2025-01-06,Damaged,24545.52
R004922,O046895,2025-04-10,Quality Issue,16516.37
R004923,O037806,2025-01-30,Wrong Item,3806.42
R004924,O046973,2026-11-26,Late Delivery,1235.14
R004925,O045695,2025-02-26,Damaged,19516.24
R004926,O007093,2026-12-14,Changed Mind,14037.14
R004927,O047679,2025-03-04,Quality Issue,24731.03
R004928,O024171,2025-01-11,Wrong Item,7632.54
R004929,O003572,2025-06-01,Late Delivery,18770.52
R004930,O025126,2026-03-17,Late Delivery,9981.97
R004931,O004867,2026-12-24,Late Delivery,5079.77
R004932,O024086,2025-05-10,Wrong Item,376.18
R004933,O048632,2025-10-17,Wrong Item,18602.71
R004934,O005760,2026-10-16,Wrong Item,10592.1
R004935,O048096,2026-02-01,Late Delivery,19270.19
R004936,O034682,2025-07-21,Changed Mind,13366.86
R004937,O025048,2025-11-23,Quality Issue,19939.04
R004938,O005410,2025-10-07,Changed Mind,1635.94
R004939,O019832,2026-05-08,Quality Issue,24333.44
R004940,O007851,2025-09-23,Changed Mind,17469.32
R004941,O044935,2025-05-06,Quality Issue,7587.29
R004942,O023600,2026-04-14,Quality Issue,7633.62
R004943,O033205,2025-03-15,Changed Mind,8096.4
R004944,O018552,2025-03-28,Late Delivery,24277.23
R004945,O018330,2025-06-05,Damaged,5997.05
R004946,O010156,2026-12-12,Wrong Item,22619.42
R004947,O009672,2026-07-27,Quality Issue,1034.96
R004948,O044261,2025-06-29,Changed Mind,18228.8
R004949,O006690,2026-05-03,Late Delivery,14295.06
R004950,O010529,2026-04-25,Late Delivery,20656.86
R004951,O034723,2025-04-20,Changed Mind,12101.14
R004952,O039949,2025-12-23,Changed Mind,12269.29
R004953,O006199,2025-12-18,Wrong Item,22595.45
R004954,O003431,2026-09-14,Quality Issue,2778.39
R004955,O012504,2025-10-27,Wrong Item,5172.0
R004956,O006687,2026-11-05,Late Delivery,12743.57
R004957,O035229,2025-02-02,Changed Mind,15553.83
R004958,O027260,2025-08-26,Changed Mind,5316.19
R004959,O009201,2026-08-31,Damaged,12718.74
R004960,O016950,2026-03-10,Damaged,842.5
R004961,O041560,2026-11-01,Changed Mind,17527.73
R004962,O047849,2026-07-29,Changed Mind,11327.92
R004963,O023813,2025-03-05,Changed Mind,9561.6
R004964,O000572,2025-02-01,Quality Issue,13552.61
R004965,O019855,2026-10-31,Quality Issue,8534.64
R004966,O003086,2026-12-11,Quality Issue,6008.31
R004967,O017574,2026-09-20,Wrong Item,6961.56
R004968,O004296,2025-03-19,Wrong Item,9884.93
R004969,O011912,2025-12-04,Wrong Item,16713.62
R004970,O002260,2026-04-24,Late Delivery,7494.17
R004971,O044294,2025-04-15,Late Delivery,18368.23
R004972,O008203,2025-03-30,Wrong Item,7692.64
R004973,O027151,2025-12-06,Changed Mind,4275.37
R004974,O042539,2026-09-09,Late Delivery,18319.23
R004975,O019207,2025-11-27,Changed Mind,6134.39
R004976,O007237,2026-01-29,Late Delivery,11460.51
R004977,O027939,2025-11-07,Late Delivery,15890.06
R004978,O027500,2026-05-20,Changed Mind,15506.03
R004979,O031997,2026-08-21,Damaged,7236.66
R004980,O006741,2026-11-21,,3157.3
R004981,O035566,2026-11-27,Late Delivery,12976.75
R004982,O006548,2026-09-13,Late Delivery,19743.69
R004983,O037605,2025-05-17,Late Delivery,18779.3
R004984,O029852,2025-12-22,Late Delivery,11761.32
R004985,O007779,2026-06-12,Wrong Item,12086.93
R004986,O030275,2025-01-15,Wrong Item,16621.42
R004987,O006513,2026-08-12,Late Delivery,24324.89
R004988,O007270,2025-10-25,Late Delivery,1586.03
R004989,O032651,2026-08-05,Late Delivery,12303.65
R004990,O029500,2025-05-10,Late Delivery,399.94
R004991,O022918,2025-06-03,Changed Mind,7077.55
R004992,O024394,2025-11-21,Wrong Item,22835.73
R004993,O002901,2025-06-06,Wrong Item,1226.87
R004994,O048274,2025-07-03,Late Delivery,3023.14
R004995,O012892,2026-11-01,Changed Mind,18415.1
R004996,O000608,2026-06-12,Changed Mind,1966.21
R004997,O034396,2025-08-10,Quality Issue,13855.86
R004998,O019675,2025-10-21,Wrong Item,23932.6
R004999,O017193,2025-12-03,Quality Issue,19913.48
R005000,O040148,2026-07-02,Wrong Item,10881.91
R003915,O037606,2026-11-11,Wrong Item,20841.72
R000558,O010487,2026-02-01,Changed Mind,16979.44
R003014,O038008,2026-07-03,Damaged,5078.94
R003322,O011417,2025-12-04,Late Delivery,21279.78
R001340,O046040,2025-01-18,Wrong Item,3602.61
R002178,O001370,2027-01-02,Changed Mind,10063.47
R004867,O000307,2025-11-25,Late Delivery,8083.25
R003711,O023701,2025-06-25,Damaged,11364.66
R003268,O025606,2025-02-06,Wrong Item,15134.87
R000670,O042560,2026-09-28,Quality Issue,22183.64
R000234,O019342,2025-04-21,Late Delivery,13683.02
R001898,O018579,2025-08-16,Damaged,6815.07
R002067,O028594,2025-02-18,Damaged,21170.26
R004486,O011782,2025-04-10,Quality Issue,10328.22
R003476,O001547,2025-04-20,Quality Issue,9721.12
R000264,O017993,2025-12-30,Damaged,15250.5
R004314,O016299,2026-02-09,Quality Issue,4738.57
R001463,O024316,2025-12-09,Wrong Item,6495.7
R000718,O016487,2026-04-12,Damaged,5226.78
R001084,O022314,2026-06-04,Late Delivery,21704.93
R002031,O043931,2026-09-22,Quality Issue,10642.42
R001543,O042987,2026-04-05,Quality Issue,10146.54
R002903,O005188,2025-08-03,Late Delivery,12171.52
R004492,O038003,2026-02-11,Late Delivery,23456.54
R002479,O036804,2025-02-25,Damaged,5242.17
R000970,O025257,2025-02-10,Changed Mind,3697.66
R001388,O032659,2025-07-12,Quality Issue,20748.04
R000644,O023899,2026-01-19,Quality Issue,5779.07
R000830,O007042,2025-12-02,Changed Mind,6829.5
R002974,O039091,2025-09-03,Wrong Item,19949.89
R003008,O044403,2026-02-22,Damaged,9313.07
R000760,O008253,2025-07-10,Damaged,20298.72
R004366,O002004,2025-02-23,Late Delivery,12026.37
R000596,O003725,2026-05-17,Changed Mind,21920.18
R004328,O040099,2026-05-31,Wrong Item,24495.13
R004138,O034400,2025-11-01,Quality Issue,23286.13
R004184,O000327,2025-03-26,Wrong Item,8790.05
R002034,O032477,2026-03-13,Wrong Item,5321.92
R001053,O009766,2025-02-13,Late Delivery,4369.39
R001866,O020182,2025-08-28,Damaged,16838.56
R003018,O021934,2025-10-09,Late Delivery,20819.44
R002140,O024613,2025-07-03,Late Delivery,8460.27
R003027,O033746,2025-08-21,Quality Issue,22451.94
R003046,O025982,2026-04-09,Late Delivery,4861.05
R004583,O012468,2025-03-31,Late Delivery,4140.31
R001504,O005745,2025-03-11,Wrong Item,11283.29
R004367,O015722,2025-11-30,Damaged,12973.8
R004712,O039231,2026-03-19,Changed Mind,15041.92
R002026,O034501,2026-09-07,Wrong Item,4516.08
R002289,O031803,2025-09-02,Changed Mind,14126.08
